timestamp,solar_generation,wind_generation,grid_price,carbon_intensity,base_load,temperature_celsius
2024-01-01 00:00:00,0.0,0.5340675865222834,0.05,386.58647527189805,0.2,10.043048604138102
2024-01-01 00:15:00,0.0,0.7238155133002898,0.05,375.1055440616247,0.2,10.60018882773267
2024-01-01 00:30:00,0.0,0.5726194694623232,0.05,397.87582616562,0.2,8.490406104513415
2024-01-01 00:45:00,0.0,0.7016462973358208,0.05,404.41213845917764,0.2,9.99430344386612
2024-01-01 01:00:00,0.0,0.6875893800727222,0.05,396.6261793003575,0.2,13.595513566291807
2024-01-01 01:15:00,0.0,0.4717195101604724,0.05,404.070312074371,0.2,9.188320189690371
2024-01-01 01:30:00,0.0,0.7098467183291726,0.05,415.5328497867558,0.2,8.723715771619165
2024-01-01 01:45:00,0.0,0.6088858250142519,0.05,415.45668098532803,0.2,8.785175729297157
2024-01-01 02:00:00,0.0,0.4525367753824659,0.05,417.1474273035127,0.2,9.619569157297734
2024-01-01 02:15:00,0.0,0.7423770564542823,0.05,420.10652051332625,0.2,13.606053429598857
2024-01-01 02:30:00,0.0,0.5461131092652387,0.05,409.94163882006404,0.2,12.896949410215466
2024-01-01 02:45:00,0.0,0.35602364626470373,0.05,407.1265165914612,0.2,9.905307148830703
2024-01-01 03:00:00,0.0,0.47079472144689866,0.05,438.85922869688966,0.2,9.055102875271034
2024-01-01 03:15:00,0.0,0.4366237388484912,0.05,415.6723966108166,0.2,7.008738265364201
2024-01-01 03:30:00,0.0,0.4535782923902574,0.05,383.0966600431992,0.2057827029955888,8.938570143962986
2024-01-01 03:45:00,0.0,0.46659550538809585,0.05,362.7390628635505,0.2,7.082189016650355
2024-01-01 04:00:00,0.0,0.4742610733715069,0.05,395.1769501547669,0.2,12.819980605517856
2024-01-01 04:15:00,0.0,0.4589574671920867,0.05,412.4948405296301,0.2,14.35641623357036
2024-01-01 04:30:00,0.0,0.46678816387531213,0.05,419.1790021490048,0.2,11.316004294511743
2024-01-01 04:45:00,0.0,0.5230272317023879,0.05,374.9905171279303,0.2,13.249391324899042
2024-01-01 05:00:00,0.0,0.377120173097776,0.05,414.5884387670067,0.2,10.750956964390138
2024-01-01 05:15:00,0.0,0.5571181175036202,0.05,422.69372039855125,0.2146775567502158,9.52676989138739
2024-01-01 05:30:00,0.0,0.30358688858684296,0.05,412.17473792183745,0.26350066947044204,14.023734322906247
2024-01-01 05:45:00,0.0,0.4745925114285712,0.05,408.31451019959576,0.2,15.210981949214235
2024-01-01 06:00:00,0.0,0.5643271327685935,0.05,397.3437878239505,0.32802764799584777,18.40794754346407
2024-01-01 06:15:00,0.061795292303372995,0.36918371928998045,0.05,377.7193328717353,0.31105693669976053,19.70347993644115
2024-01-01 06:30:00,0.11612298896595256,0.39324129865481366,0.05,389.6056879539503,0.3086337305961485,15.616029479102126
2024-01-01 06:45:00,0.18326218504177144,0.2641846965592272,0.05,372.64887459160474,0.25286374374992104,18.609834901179703
2024-01-01 07:00:00,0.24435058131441298,0.29705801856699315,0.1,341.6934500467304,0.3362977074471477,18.041990015913942
2024-01-01 07:15:00,0.2940990812365073,0.4924799606608331,0.1,386.5542339127653,0.35921939956479404,18.053639320569747
2024-01-01 07:30:00,0.3711570873937575,0.3983115429653463,0.1,293.26733535731154,0.3567459885916567,18.619783221745568
2024-01-01 07:45:00,0.4147257823828359,0.35339669396559703,0.1,306.8996369001533,0.424946043573197,19.05606980685341
2024-01-01 08:00:00,0.4535543438960728,0.10620254527834527,0.1,284.5720556911321,0.3819634720877797,19.796151246055228
2024-01-01 08:15:00,0.5481724042245393,0.21723866328942112,0.1,296.56947102283283,0.4060395397818444,23.967258721715943
2024-01-01 08:30:00,0.5860097230081529,0.45214689523094115,0.1,239.26844143388433,0.40583928728078045,21.734418629624955
2024-01-01 08:45:00,0.6176085682645128,0.30921403329240127,0.1,293.51616243848486,0.43596525932649294,25.434626462941367
2024-01-01 09:00:00,0.6311234718148759,0.31213818344709526,0.1,278.68765046425204,0.47014619099176785,20.791571586511797
2024-01-01 09:15:00,0.6047252974880281,0.26668755389881516,0.1,254.97912725272957,0.48712636385315033,17.548929724432256
2024-01-01 09:30:00,0.7547330521548558,0.1800303830483984,0.1,235.12285362564504,0.5032531829264569,22.901045425938857
2024-01-01 09:45:00,0.8141523546909282,0.26696023658513535,0.1,248.03227455081125,0.5788915041140118,22.75078809999219
2024-01-01 10:00:00,0.8460596867204232,0.07377350466086127,0.2,233.3690472156141,0.6251348933172098,22.012842869748066
2024-01-01 10:15:00,0.8499393416619087,0.060079981789554565,0.2,239.6657826000485,0.502578462036902,28.157002738934505
2024-01-01 10:30:00,0.7732537944048392,0.14169662155998708,0.2,212.77503722698773,0.6566015003761045,23.414830833440377
2024-01-01 10:45:00,0.9294155450219241,0.2298303977043054,0.2,206.9844900538575,0.6315270157545755,27.759029859064928
2024-01-01 11:00:00,0.897629121190172,0.049847522239339026,0.2,228.36958309603048,0.5674781043257151,31.099456456574508
2024-01-01 11:15:00,0.8886030000392832,0.21654721312084393,0.2,216.51618434520208,0.6090577479856841,25.218569245788107
2024-01-01 11:30:00,0.9460614783854154,0.1022551030920908,0.2,198.23076541871478,0.6522053930729979,27.471658728013843
2024-01-01 11:45:00,0.8820415284360952,0.1144456682734898,0.2,207.7849792202572,0.5666900389871509,31.02011245241964
2024-01-01 12:00:00,0.8546230719233532,0.3299588477665206,0.2,203.69628335224496,0.655470398773065,27.829455572174393
2024-01-01 12:15:00,0.9691389135330286,0.20415762333434548,0.2,209.77228920883454,0.6953391064693107,29.633506393437802
2024-01-01 12:30:00,0.8825175433620269,0.11133048988168312,0.2,227.10004219370978,0.6399453017631569,30.517383500557063
2024-01-01 12:45:00,0.8929933727482976,0.22252629119544906,0.2,196.84553585289515,0.6100862716975705,29.816490927840505
2024-01-01 13:00:00,0.9010833125456945,0.0598530043415573,0.2,193.92377610436654,0.6997099254560906,28.76263171280323
2024-01-01 13:15:00,0.9002583158923155,0.2488470068809676,0.2,216.08981260670285,0.8046481055708111,28.24609198222299
2024-01-01 13:30:00,0.7960000557361634,0.325955912149336,0.2,204.4930184150021,0.6617718578809154,27.724888233700202
2024-01-01 13:45:00,0.8704181901162835,0.2867983251956221,0.2,202.4070904225216,0.6650054236738155,31.171616861929913
2024-01-01 14:00:00,0.8194555338417927,0.442566349686909,0.2,246.66593978936538,0.6899753117321761,28.68422829862526
2024-01-01 14:15:00,0.745906716520815,0.039866971413269364,0.2,227.9619539438256,0.7778440539336349,32.370541679107994
2024-01-01 14:30:00,0.7279802702462869,0.2540262399497317,0.2,203.96807511560056,0.6148132291425046,33.092783100221375
2024-01-01 14:45:00,0.6518538544412752,0.11528196552175252,0.2,266.58035276720653,0.7327267906844994,27.494228612726342
2024-01-01 15:00:00,0.678951677439874,0.24125650062751394,0.1,249.81561365027477,0.6662310879954035,31.135643294651896
2024-01-01 15:15:00,0.5800971121287858,0.26828523382121144,0.1,279.6874827527847,0.6648440384056542,33.587272686539734
2024-01-01 15:30:00,0.5498462213915969,0.5062322624957072,0.1,299.91654026521354,0.6266555237725739,27.528128519540818
2024-01-01 15:45:00,0.5068419747616815,0.2829082423568463,0.1,292.67890133631926,0.6566132645372484,31.3700113138054
2024-01-01 16:00:00,0.48296345401210444,0.2921569779715349,0.1,259.2904114289764,0.6107426829725692,29.78411542441143
2024-01-01 16:15:00,0.3969683910718563,0.41205817262520866,0.1,272.26885947897824,0.6223249294065202,30.23566494761363
2024-01-01 16:30:00,0.36316705100468194,0.31818113957422434,0.1,310.0151498110967,0.5147313024217199,26.420725420376908
2024-01-01 16:45:00,0.24415192977157546,0.5188268144648308,0.1,334.5749749420723,0.5388563223948445,31.32876789523695
2024-01-01 17:00:00,0.24858762097284823,0.41520463991114637,0.1,372.23902273002415,0.6289681834357893,25.731726892391347
2024-01-01 17:15:00,0.1877451913387528,0.44383224357877593,0.1,366.80860846315034,0.6609150822262879,27.87474650252634
2024-01-01 17:30:00,0.11732945006970351,0.18713836791211408,0.1,426.24022833542875,0.7441198850430926,25.961143143552295
2024-01-01 17:45:00,0.0647281959740396,0.5854406560376266,0.1,357.0908394008509,0.6128987527845459,26.629008742750692
2024-01-01 18:00:00,1.1660924481077635e-16,0.33435410796979376,0.2,402.42583661800165,0.5242651294341881,23.033160415318047
2024-01-01 18:15:00,0.0,0.4121076090951941,0.2,391.09058226466254,0.4335050334208815,21.968159274133512
2024-01-01 18:30:00,0.0,0.36083484793047554,0.2,404.6927599188267,0.5417933512257347,24.40089604170381
2024-01-01 18:45:00,0.0,0.33659293334043827,0.2,435.0334890755579,0.4238055672753345,22.47988956049633
2024-01-01 19:00:00,0.0,0.33154697230307006,0.2,436.29827870332696,0.43728684097013115,21.785609579082546
2024-01-01 19:15:00,0.0,0.47461205893054087,0.2,401.0892073859289,0.5028284659554078,23.040539905040678
2024-01-01 19:30:00,0.0,0.27954700712895797,0.2,417.2302777633758,0.45386810866249605,18.315907340265316
2024-01-01 19:45:00,0.0,0.46417750931260515,0.2,404.3110000129058,0.3731676917243616,23.06779707415515
2024-01-01 20:00:00,0.0,0.6057768647302237,0.2,378.4941219333918,0.31468002947642765,20.239025770813406
2024-01-01 20:15:00,0.0,0.5743082703781388,0.2,400.2864080440972,0.3909912356282645,20.8716269988704
2024-01-01 20:30:00,0.0,0.5649958245673501,0.2,389.8978116917698,0.3776269714417216,19.749434548361634
2024-01-01 20:45:00,0.0,0.44233070880085795,0.2,398.7446115101318,0.41666598770053687,19.214092035696225
2024-01-01 21:00:00,0.0,0.3828118370054183,0.05,382.9582623175941,0.2,15.014894961777184
2024-01-01 21:15:00,0.0,0.654547373397955,0.05,403.1029403736494,0.3094790539739894,19.11498153694046
2024-01-01 21:30:00,0.0,0.5137746864642296,0.05,406.1130050595378,0.3310333838266918,16.718993906815616
2024-01-01 21:45:00,0.0,0.5579860783641206,0.05,414.0850619004184,0.24630109664073774,14.627125723494988
2024-01-01 22:00:00,0.0,0.5534456238846518,0.05,406.19719888735364,0.2,14.749420257383788
2024-01-01 22:15:00,0.0,0.6466138452946252,0.05,432.6921769765853,0.2,15.16856989490223
2024-01-01 22:30:00,0.0,0.7691075111148533,0.05,443.8440488016867,0.219242336833057,14.272843358242087
2024-01-01 22:45:00,0.0,0.735623441041364,0.05,391.90936519496813,0.2,14.601026030503073
2024-01-01 23:00:00,0.0,0.3599613137381813,0.05,419.4013557736505,0.20306235360832717,16.23571242105585
2024-01-01 23:15:00,0.0,0.5653031589517421,0.05,442.29200355816675,0.23841569157461132,10.408329022453872
2024-01-01 23:30:00,0.0,0.46361462042290813,0.05,419.9224532050463,0.2,13.5670156140746
2024-01-01 23:45:00,0.0,0.6934146704057392,0.05,414.3464698785358,0.21154540995528295,11.470705868366968
2024-01-02 00:00:00,0.0,0.6003983481624084,0.05,363.5628619645927,0.2,13.624835414648171
2024-01-02 00:15:00,0.0,0.6601869718012568,0.05,388.8384813542821,0.2,14.28256845792727
2024-01-02 00:30:00,0.0,0.5588765252189829,0.05,391.75792100053525,0.2,11.153449685663618
2024-01-02 00:45:00,0.0,0.4922198954875482,0.05,427.7438142637268,0.2,11.772314026729756
2024-01-02 01:00:00,0.0,0.5063570920778176,0.05,385.3878091723714,0.2,12.772871409981684
2024-01-02 01:15:00,0.0,0.43608475917324807,0.05,398.29250640054613,0.2,12.188625407628376
2024-01-02 01:30:00,0.0,0.4584124995521004,0.05,416.8055090801952,0.2,12.599092581208565
2024-01-02 01:45:00,0.0,0.4319452427556846,0.05,384.4860130089953,0.2,9.425242560977647
2024-01-02 02:00:00,0.0,0.4696348129755767,0.05,405.5817937011468,0.2,8.96623472783176
2024-01-02 02:15:00,0.0,0.45706610605739073,0.05,402.9754680900219,0.2,7.7490622945629415
2024-01-02 02:30:00,0.0,0.598079978561069,0.05,417.5422025050393,0.2,9.69486939334471
2024-01-02 02:45:00,0.0,0.5858541259612953,0.05,413.17698282254486,0.2,10.023812002649473
2024-01-02 03:00:00,0.0,0.5807217769231281,0.05,412.5458402625019,0.2,10.053538508435018
2024-01-02 03:15:00,0.0,0.6493686992451719,0.05,404.01570340783314,0.2,11.515155615144868
2024-01-02 03:30:00,0.0,0.5139184966641327,0.05,366.480880582683,0.2,11.797721871753758
2024-01-02 03:45:00,0.0,0.43303258689562935,0.05,402.7932425537299,0.20188338101395273,10.900416021420712
2024-01-02 04:00:00,0.0,0.7211403575930202,0.05,401.10608370610447,0.2,12.033287767957413
2024-01-02 04:15:00,0.0,0.5790223283741799,0.05,415.3308950354233,0.2,13.338792483187135
2024-01-02 04:30:00,0.0,0.4917686657934738,0.05,391.54143309994544,0.2,10.468893866745855
2024-01-02 04:45:00,0.0,0.47257533845986543,0.05,400.8359816945899,0.2,14.348042956370792
2024-01-02 05:00:00,0.0,0.4807291611105342,0.05,401.4672197633775,0.2,11.706200893405864
2024-01-02 05:15:00,0.0,0.4188079363678039,0.05,385.7489069203026,0.2502408392207524,16.284702571251337
2024-01-02 05:30:00,0.0,0.4389276925943926,0.05,376.93444693177184,0.21382309780508152,14.244873299871378
2024-01-02 05:45:00,0.0,0.4630185919076083,0.05,407.6508164099014,0.2,14.572501213900908
2024-01-02 06:00:00,0.0,0.32734637860344556,0.05,420.1552615130313,0.27536884413817114,11.420597454894711
2024-01-02 06:15:00,0.054834268019547446,0.2235077889702679,0.05,374.42117490550976,0.2693562289999906,16.892891366533707
2024-01-02 06:30:00,0.11853714558628528,0.16633048476702814,0.05,369.53941106511047,0.37018595218809125,16.363279832330143
2024-01-02 06:45:00,0.18656947121868658,0.4497718174901459,0.05,377.57292000127745,0.3169947763554875,17.133900862979964
2024-01-02 07:00:00,0.22373205382396444,0.1899437747077506,0.1,366.77036043969014,0.2633014726877555,17.225651530271737
2024-01-02 07:15:00,0.2867300372903404,0.38224650633515533,0.1,340.3406163056138,0.25196528508532734,19.299488099858266
2024-01-02 07:30:00,0.3755762623967198,0.20802772402216868,0.1,331.7473455155832,0.4240568716897517,20.345681161789756
2024-01-02 07:45:00,0.41139200435801004,0.1977176673502068,0.1,322.1832587259165,0.3771978578883394,20.314015661868545
2024-01-02 08:00:00,0.4711876300325855,0.22818012394942386,0.1,314.2206796052345,0.3567097868704059,22.634135826153944
2024-01-02 08:15:00,0.4689163975748333,0.30829916859664397,0.1,267.45756556183795,0.3836376803102643,19.21543522870145
2024-01-02 08:30:00,0.5685476764686548,0.14938854336049662,0.1,316.5919219790818,0.5040750624712833,20.119562971785346
2024-01-02 08:45:00,0.6321042367708822,0.20643758995057435,0.1,273.6109150288414,0.48211755156752517,22.764310588057864
2024-01-02 09:00:00,0.6069865520910055,0.25600673654463485,0.1,273.17528601950335,0.532504591049871,23.911747410183786
2024-01-02 09:15:00,0.71601177136485,0.1286058594195107,0.1,234.39595352950192,0.5086925748261671,24.247785721284185
2024-01-02 09:30:00,0.7791468869153296,0.38415275338922217,0.1,237.61131803823963,0.4729739122264329,21.25177597553248
2024-01-02 09:45:00,0.7464562529832328,0.061452303280110865,0.1,241.24575155802287,0.6220154632646371,22.01786282024825
2024-01-02 10:00:00,0.786355755748986,0.2049780009980293,0.2,190.70676479317075,0.5304475137010454,24.63042658250388
2024-01-02 10:15:00,0.8218164644026728,0.3478795149520125,0.2,202.60265066942495,0.6068916184520595,21.977158433098342
2024-01-02 10:30:00,0.8327453431762376,0.08277743710868143,0.2,200.7183839222007,0.6368391889096844,26.609408462201447
2024-01-02 10:45:00,0.8314547871210616,0.19965138905220733,0.2,185.04124000982304,0.5981170565257743,26.443786619654094
2024-01-02 11:00:00,0.8721944091954974,0.22010070300891119,0.2,208.93648894735318,0.5564708815321111,25.24214382892303
2024-01-02 11:15:00,0.9274277506938499,0.123165898719102,0.2,202.36129067803012,0.5916439900913423,26.4149127832867
2024-01-02 11:30:00,0.9586247386775832,0.19396275029204932,0.2,230.1851739256534,0.6718651592431919,28.152987979520972
2024-01-02 11:45:00,0.9791157374218743,0.2565726614382745,0.2,178.01470400135938,0.6761318872033587,25.32764859285759
2024-01-02 12:00:00,0.8831878402216369,0.15328593016821096,0.2,204.69496756816366,0.7248407894736119,27.453453972166223
2024-01-02 12:15:00,0.9317571581468255,0.2768611767653179,0.2,182.82641560585637,0.7260265336834739,28.441948039702606
2024-01-02 12:30:00,0.9407094173143871,0.24098412176343695,0.2,167.3682256638871,0.6295153085064756,28.63919292981423
2024-01-02 12:45:00,0.9608843524766127,0.14555292380401055,0.2,215.59902099954334,0.7562611126075113,28.927179278745815
2024-01-02 13:00:00,0.9061245746403862,0.3195602714544413,0.2,220.2268135288823,0.6384689324885474,32.377366575386475
2024-01-02 13:15:00,0.8450053762382203,0.1365202627326666,0.2,221.65634780587877,0.7239753194497994,31.704961403340786
2024-01-02 13:30:00,0.8360463095753548,0.300813424038264,0.2,188.89417071166883,0.8185067150602335,28.62817702968136
2024-01-02 13:45:00,0.8601286613157578,0.14832388186485557,0.2,222.29719900115188,0.7149819268814462,27.90419983685234
2024-01-02 14:00:00,0.8096253929153993,0.19518758335893863,0.2,238.74212883777224,0.6110609135042407,29.173299406479092
2024-01-02 14:15:00,0.7974510533620088,0.21744164856177656,0.2,252.74928200997346,0.6830627960772873,32.432909584899555
2024-01-02 14:30:00,0.7781840443117798,0.2751876410303892,0.2,253.89522632350509,0.8061753437653022,25.65982953138881
2024-01-02 14:45:00,0.621341853003811,0.008287221475856893,0.2,268.9347209914936,0.6838807435441373,29.975026289290916
2024-01-02 15:00:00,0.6716010900433504,0.30438019891167606,0.1,279.9262405928165,0.756127449561116,29.04315091674931
2024-01-02 15:15:00,0.5632625304392626,0.25788291466574526,0.1,270.2281376415585,0.6362478572431469,31.86603931576478
2024-01-02 15:30:00,0.5680117519930782,0.30682173032591503,0.1,288.2183180413693,0.6593799923909838,31.20109097743347
2024-01-02 15:45:00,0.49332711408750135,0.3391347857582898,0.1,308.8794953342203,0.658276623573376,26.03245116209436
2024-01-02 16:00:00,0.4420088645871041,0.33938088379912634,0.1,307.80251076535194,0.757353329699023,31.053559107723345
2024-01-02 16:15:00,0.40367167396834086,0.11080617673029447,0.1,335.52221158930956,0.6341438910013211,23.647168308517156
2024-01-02 16:30:00,0.3415263163634074,0.21736225364817985,0.1,340.9532400949466,0.543733893446168,29.15808738052585
2024-01-02 16:45:00,0.2858707234639855,0.368993700371974,0.1,323.06307906035033,0.7446510607141225,28.922499042509802
2024-01-02 17:00:00,0.22513199820018315,0.36820581064203567,0.1,322.11619286479123,0.6235053977499992,30.441402075961093
2024-01-02 17:15:00,0.19161824142118905,0.2820265670451422,0.1,361.368086181297,0.6305369426665963,27.04814788042386
2024-01-02 17:30:00,0.12450612964331559,0.44765868156197786,0.1,350.27215229121657,0.5022855313844741,24.758751900018545
2024-01-02 17:45:00,0.05184648955731521,0.36127685724111347,0.1,388.58189051155637,0.5795592975763084,23.538976007096664
2024-01-02 18:00:00,1.2065449390547648e-16,0.48857263538818546,0.2,399.851952079987,0.5509548356156047,27.920456359477924
2024-01-02 18:15:00,0.0,0.5340827569906028,0.2,426.01822474833114,0.48437368768269917,27.817109863136277
2024-01-02 18:30:00,0.0,0.453935443600328,0.2,410.101253325671,0.548202831955582,22.92988386167307
2024-01-02 18:45:00,0.0,0.4945733125864813,0.2,419.5587041657419,0.41111308128087265,23.258774530244995
2024-01-02 19:00:00,0.0,0.39091780087727795,0.2,390.20810235102454,0.4289805189461175,25.314802052901765
2024-01-02 19:15:00,0.0,0.5535088803416309,0.2,430.5933654857526,0.5191247992380793,23.489040014840192
2024-01-02 19:30:00,0.0,0.49834912344111815,0.2,417.8729619224488,0.4028661424591427,20.931704314043316
2024-01-02 19:45:00,0.0,0.4589866341593821,0.2,408.5487645616677,0.3949530403161173,19.13471305591211
2024-01-02 20:00:00,0.0,0.3781181666782344,0.2,363.868811875309,0.40450001414886627,18.317412516751574
2024-01-02 20:15:00,0.0,0.46256990969351036,0.2,423.574795520105,0.3617816979962286,21.252678433543295
2024-01-02 20:30:00,0.0,0.4108047313177697,0.2,435.46670114008657,0.3953864987721037,17.96073248032777
2024-01-02 20:45:00,0.0,0.60801813691395,0.2,400.22572446320635,0.35027180784544243,17.23585888970965
2024-01-02 21:00:00,0.0,0.663464347196196,0.05,400.6349751524759,0.2470220803565561,18.635616881315244
2024-01-02 21:15:00,0.0,0.6419948813887826,0.05,389.66645785932064,0.2668244570770339,16.94680894500001
2024-01-02 21:30:00,0.0,0.8072726926860143,0.05,367.36529200444573,0.2430430439685694,16.952045711783168
2024-01-02 21:45:00,0.0,0.5202532303108117,0.05,388.75812379703626,0.2441429762093743,14.929046276119642
2024-01-02 22:00:00,0.0,0.6328623152452427,0.05,433.1883899771642,0.2555988383040376,14.268777362011866
2024-01-02 22:15:00,0.0,0.46123905184825315,0.05,421.5802272482707,0.2486433126264393,12.975417669632552
2024-01-02 22:30:00,0.0,0.5650508424670274,0.05,384.54582679738036,0.2,15.33032218938679
2024-01-02 22:45:00,0.0,0.44165110501353344,0.05,388.4322575655312,0.25344922510124085,13.576648290646286
2024-01-02 23:00:00,0.0,0.6500045969882926,0.05,442.7016401786026,0.2,13.515243300133914
2024-01-02 23:15:00,0.0,0.5606078897892259,0.05,379.59689554946226,0.2,10.44212883052689
2024-01-02 23:30:00,0.0,0.39283076978857034,0.05,385.6914895884651,0.2096100180291705,13.457881428967344
2024-01-02 23:45:00,0.0,0.5310699403542143,0.05,391.4083670881657,0.2,12.309462984543035
2024-01-03 00:00:00,0.0,0.7793114327607498,0.05,372.8397988191699,0.2,12.80035345543397
2024-01-03 00:15:00,0.0,0.640614773372811,0.05,389.2497945830991,0.23739597066068996,11.721551203981234
2024-01-03 00:30:00,0.0,0.675198238570337,0.05,389.5538334505395,0.2,11.333236985681218
2024-01-03 00:45:00,0.0,0.6087115840106225,0.05,381.95500249071466,0.2,6.890400274957665
2024-01-03 01:00:00,0.0,0.5750292730982904,0.05,426.5594233861582,0.2,12.61624782169132
2024-01-03 01:15:00,0.0,0.5909439272799762,0.05,376.6634143015778,0.2,7.55123165579953
2024-01-03 01:30:00,0.0,0.6093191789246359,0.05,397.1614815278624,0.2,12.159701972715037
2024-01-03 01:45:00,0.0,0.46970930374643605,0.05,382.4599767453618,0.2,9.875797101773728
2024-01-03 02:00:00,0.0,0.6495112823307432,0.05,395.8005207725295,0.2,6.786563331557335
2024-01-03 02:15:00,0.0,0.6784766716592572,0.05,381.53070006884093,0.2,9.849145618602638
2024-01-03 02:30:00,0.0,0.539011728363814,0.05,401.51789263680183,0.2,7.0850832992553805
2024-01-03 02:45:00,0.0,0.4980639185341369,0.05,406.42926174605964,0.2,12.408112218074983
2024-01-03 03:00:00,0.0,0.4672304562728292,0.05,428.0436374760278,0.2,9.3092667915825
2024-01-03 03:15:00,0.0,0.7077908233762568,0.05,388.2281003087545,0.2,8.448329134700355
2024-01-03 03:30:00,0.0,0.4765252018823885,0.05,432.3565344713596,0.2,12.082900942643995
2024-01-03 03:45:00,0.0,0.5764454780253746,0.05,383.8604346672013,0.2,10.946572272608178
2024-01-03 04:00:00,0.0,0.4810426304517344,0.05,395.2396183910222,0.2,12.380080139614307
2024-01-03 04:15:00,0.0,0.4640947324720072,0.05,435.2947950488359,0.2,11.457510159532129
2024-01-03 04:30:00,0.0,0.4000617164524457,0.05,458.05883257010686,0.2,14.379773016187226
2024-01-03 04:45:00,0.0,0.36725794345123075,0.05,433.71873107914666,0.23232259431643174,11.678575659404414
2024-01-03 05:00:00,0.0,0.5257558850451591,0.05,395.52816440192265,0.2,9.777155131019503
2024-01-03 05:15:00,0.0,0.3397258164002187,0.05,410.2975047265892,0.2,11.21793408781249
2024-01-03 05:30:00,0.0,0.47235716240321823,0.05,413.6527376242578,0.24343543990819444,14.78276185977493
2024-01-03 05:45:00,0.0,0.4221390181941784,0.05,406.9084763808094,0.2257221357544406,13.128704130611549
2024-01-03 06:00:00,0.0,0.4752638534479237,0.05,379.84306901865716,0.2624959497012171,17.566771952482686
2024-01-03 06:15:00,0.05912673077093576,0.32592398309491577,0.05,391.6110234954783,0.30286968093973193,13.235754530802598
2024-01-03 06:30:00,0.12377304944440345,0.4819091782079992,0.05,363.7778481709306,0.2562387681836957,18.20960653481802
2024-01-03 06:45:00,0.16444508084812678,0.3468628773877407,0.05,341.61368132257434,0.29262204673845094,15.919506717491643
2024-01-03 07:00:00,0.24762928369090542,0.6074056631104521,0.1,342.008806154076,0.30683373455624496,20.02687730960987
2024-01-03 07:15:00,0.27930823638364977,0.1742944734428837,0.1,342.01873635225616,0.4058124535178121,19.060358882344943
2024-01-03 07:30:00,0.3181588020022869,0.5663567873346725,0.1,343.490976440195,0.361558117723846,19.079747951836833
2024-01-03 07:45:00,0.4152364374741132,0.2989056621505859,0.1,306.4636957559814,0.3881979208305879,20.67476920575667
2024-01-03 08:00:00,0.4602109895446527,0.32228021017188613,0.1,298.42780396493487,0.3421779863184292,22.45330773016484
2024-01-03 08:15:00,0.49840264721871697,0.22845701023516468,0.1,304.9645389877771,0.45616066828472784,20.552424096536615
2024-01-03 08:30:00,0.552480001626884,0.12135958489591708,0.1,279.6651516077631,0.4605632273385972,17.551266869185408
2024-01-03 08:45:00,0.643822887615004,0.2152911597779486,0.1,275.7618684977715,0.416765178348586,24.350994326502505
2024-01-03 09:00:00,0.6637939957688598,0.222009945275445,0.1,260.1380132065693,0.5737953862721809,22.045700975991707
2024-01-03 09:15:00,0.6463774028085136,0.2679122097772787,0.1,253.6866722689983,0.5132915607163766,28.33419317256869
2024-01-03 09:30:00,0.7399343492094312,0.3534431664427881,0.1,219.748842756395,0.48362451017924485,22.621450949670106
2024-01-03 09:45:00,0.6907165422246867,0.25277915020020253,0.1,236.1526112627881,0.532543993532043,23.66129519451874
2024-01-03 10:00:00,0.7469389944606781,0.24760909557137628,0.2,255.3521668848182,0.5315713545346681,26.48889094646628
2024-01-03 10:15:00,0.8353295980058192,0.25906222334514295,0.2,224.00528032174896,0.6438649279586808,27.078868034450775
2024-01-03 10:30:00,0.8700646956320052,0.03973107418611779,0.2,198.54907466098825,0.6292874673207267,26.932861725221553
2024-01-03 10:45:00,0.9145312603413807,0.044361523887369664,0.2,240.14457485003294,0.6205054993238022,25.473606475974204
2024-01-03 11:00:00,0.9314817136006582,0.057115935855756444,0.2,221.24226829796152,0.6979743308835741,24.750680074034555
2024-01-03 11:15:00,0.9147881430792907,0.1665155581198185,0.2,219.195499164701,0.5736404057190971,26.164227227886446
2024-01-03 11:30:00,0.9394399319866039,0.01453951575283391,0.2,216.52147350468658,0.6768008795369438,24.900217545477844
2024-01-03 11:45:00,0.9265813082440464,0.13144946087936876,0.2,177.9008074293796,0.6768034058441329,32.44158719860293
2024-01-03 12:00:00,0.8686169951826513,0.06317507550189844,0.2,212.95609943901647,0.648284976049241,26.61100712076685
2024-01-03 12:15:00,0.9065302556121033,0.2491997579721475,0.2,228.12082451581017,0.657762454984242,28.380619087487815
2024-01-03 12:30:00,0.869195211624915,0.24547659061606297,0.2,192.10699321833718,0.7233227750345319,30.623694511201297
2024-01-03 12:45:00,0.9106361669228868,0.17377853994575737,0.2,165.2706693116187,0.7265734711595762,29.479744125635598
2024-01-03 13:00:00,0.8773817543341688,0.01681874292549207,0.2,214.1262658349491,0.6186647387762121,28.47658622928594
2024-01-03 13:15:00,0.8832077959186031,0.1868995831573613,0.2,211.26892705156686,0.7850566126890413,29.51067378411742
2024-01-03 13:30:00,0.8606020520963429,0.2480867050353529,0.2,184.27178323055156,0.7545713933329503,28.697269681837785
2024-01-03 13:45:00,0.7350618344127045,0.3016981184173639,0.2,232.73302280973277,0.685280746463712,29.46967551303615
2024-01-03 14:00:00,0.8176747800212657,0.4021353819744093,0.2,237.4007664244311,0.6604375235116215,30.781093140853304
2024-01-03 14:15:00,0.7485959584452441,0.3455558955816592,0.2,204.38329487365814,0.7548799741810459,27.905214604786376
2024-01-03 14:30:00,0.756797842988368,0.257806984848546,0.2,279.11547638932603,0.7222535082610778,32.07533000596388
2024-01-03 14:45:00,0.6188556073454787,0.22110790447346698,0.2,264.6544623198142,0.7300559536859212,29.953226258596427
2024-01-03 15:00:00,0.6782544622436926,0.1842852341335624,0.1,220.77343982894706,0.7183204760924756,28.492282338027955
2024-01-03 15:15:00,0.6306064492611272,0.403697026568979,0.1,284.50811829168833,0.7448064109487798,28.838033586533182
2024-01-03 15:30:00,0.5229931820856712,0.2949067721681666,0.1,294.04423560660956,0.7199606826883898,31.57369616086619
2024-01-03 15:45:00,0.497726223541579,0.3519403742644248,0.1,317.18611468179677,0.6423679616761302,30.605545002189917
2024-01-03 16:00:00,0.46634332730662764,0.24097802620706418,0.1,287.5224825628353,0.6301846773461605,29.140197218949744
2024-01-03 16:15:00,0.39177744551953836,0.18745135540521896,0.1,328.2083230230056,0.6672384444329799,27.113756490219053
2024-01-03 16:30:00,0.3536677848401773,0.28342954169970935,0.1,318.7302754197158,0.7524933213110373,29.070020825189932
2024-01-03 16:45:00,0.3029398083881654,0.305419280358805,0.1,324.5824115365921,0.6180626313876881,27.54671703382678
2024-01-03 17:00:00,0.24191006980621924,0.3674134343439097,0.1,330.936060976028,0.6302881351652367,30.56240586921145
2024-01-03 17:15:00,0.16307868168972806,0.28723854669837673,0.1,322.9190714773008,0.642533487878096,26.518368235152707
2024-01-03 17:30:00,0.11360890836166426,0.37639174789418617,0.1,384.70324160659817,0.5616679117183319,29.45524981674962
2024-01-03 17:45:00,0.058780494533499615,0.5046900095894733,0.1,381.4583925036682,0.6065452756624892,25.945364244428497
2024-01-03 18:00:00,1.1217314424245326e-16,0.23270383904628644,0.2,345.3976437045887,0.5506989311809843,22.926309807706772
2024-01-03 18:15:00,0.0,0.20139036665039364,0.2,401.5071039971133,0.5951814321929999,31.01632197707829
2024-01-03 18:30:00,0.0,0.550696623305856,0.2,423.1569370291915,0.467575645171111,20.932917280559273
2024-01-03 18:45:00,0.0,0.29265541859999694,0.2,373.86029081728145,0.6121262032622501,19.260946499670496
2024-01-03 19:00:00,0.0,0.4137566123312587,0.2,385.74801836176414,0.46202114613877465,18.438718806780113
2024-01-03 19:15:00,0.0,0.5251358611912811,0.2,408.8184341883177,0.4846003647899316,27.430267491004315
2024-01-03 19:30:00,0.0,0.47061406960594054,0.2,348.82247539625325,0.43940191969694525,25.553242802836223
2024-01-03 19:45:00,0.0,0.48112895014344276,0.2,389.3263740026863,0.36568833914648874,20.942054705640285
2024-01-03 20:00:00,0.0,0.5072396647818298,0.2,406.93212680945,0.4416627816299377,20.868284048018637
2024-01-03 20:15:00,0.0,0.7629854565333667,0.2,388.77763905486177,0.3671634466471447,19.847811703239767
2024-01-03 20:30:00,0.0,0.6998147813934655,0.2,374.03983027816685,0.38712813262833734,15.153425734472098
2024-01-03 20:45:00,0.0,0.46249663213317543,0.2,374.99822649812154,0.30121630397586563,20.966751873195722
2024-01-03 21:00:00,0.0,0.6465101803319964,0.05,367.7577293694912,0.3093634597745986,20.067529403991223
2024-01-03 21:15:00,0.0,0.600918737254975,0.05,387.3392919887664,0.28884568805780647,14.323419228436846
2024-01-03 21:30:00,0.0,0.5567191877830769,0.05,421.13323898522054,0.3127257184792616,16.824531864024557
2024-01-03 21:45:00,0.0,0.4755070416127681,0.05,447.23781406340424,0.28270558458015904,15.430284643025047
2024-01-03 22:00:00,0.0,0.6183418839014343,0.05,400.72365458886185,0.24117031531013144,14.577682039849718
2024-01-03 22:15:00,0.0,0.5487700018000959,0.05,415.36497154305084,0.21483172116593333,13.086102942665066
2024-01-03 22:30:00,0.0,0.5468198990093416,0.05,381.1835585161594,0.23311707788897884,13.687739475509654
2024-01-03 22:45:00,0.0,0.512678890767134,0.05,358.1669619327125,0.21208202420287534,12.352850181196057
2024-01-03 23:00:00,0.0,0.6931675173640562,0.05,437.032181540789,0.2,15.057414778481581
2024-01-03 23:15:00,0.0,0.5193832542177079,0.05,388.0980251790434,0.2729150745972865,12.426319330003132
2024-01-03 23:30:00,0.0,0.5221244483811858,0.05,414.3741658515224,0.2,10.68137668470977
2024-01-03 23:45:00,0.0,0.6773655614057514,0.05,403.1692237023772,0.2467607912992611,11.634877782979595
2024-01-04 00:00:00,0.0,0.5855669532196907,0.05,419.89181857671446,0.2,11.057148170544476
2024-01-04 00:15:00,0.0,0.5878299322691248,0.05,419.0819532075195,0.2,10.664502617127294
2024-01-04 00:30:00,0.0,0.7015783206839292,0.05,405.5545131266902,0.2,12.115382195567902
2024-01-04 00:45:00,0.0,0.7275271172598398,0.05,407.75562418724775,0.2,9.977416886438093
2024-01-04 01:00:00,0.0,0.38040059306446156,0.05,424.251691639471,0.2,9.198583131572407
2024-01-04 01:15:00,0.0,0.5765086004205966,0.05,391.806142474133,0.2,7.471915769119968
2024-01-04 01:30:00,0.0,0.44374945368485774,0.05,431.1122992292545,0.2,10.068361555473361
2024-01-04 01:45:00,0.0,0.540695214520805,0.05,385.84287505190144,0.2,12.51211739172529
2024-01-04 02:00:00,0.0,0.5725314651454776,0.05,401.5315986240694,0.2,9.752380950344255
2024-01-04 02:15:00,0.0,0.5308084651530874,0.05,412.5835971574911,0.2,9.017812714746391
2024-01-04 02:30:00,0.0,0.45614312499127696,0.05,367.41813422738693,0.2,8.571079688485415
2024-01-04 02:45:00,0.0,0.44276729772431594,0.05,427.6369607158616,0.2,6.744478293962835
2024-01-04 03:00:00,0.0,0.6142154951405346,0.05,409.5180166904996,0.2,12.693646139318941
2024-01-04 03:15:00,0.0,0.6853501436303997,0.05,466.0194378860306,0.2,11.500102205497512
2024-01-04 03:30:00,0.0,0.31570459290839414,0.05,441.6138502086059,0.2,12.300465255576054
2024-01-04 03:45:00,0.0,0.478352179997369,0.05,399.7819773799257,0.2,11.533411706627007
2024-01-04 04:00:00,0.0,0.5731964137394318,0.05,435.71173404952145,0.2,9.729030768855454
2024-01-04 04:15:00,0.0,0.48519736200371544,0.05,416.94672650708486,0.2,11.051617438751425
2024-01-04 04:30:00,0.0,0.36516802428246403,0.05,404.62214337026916,0.2,11.065387579921113
2024-01-04 04:45:00,0.0,0.41650895265427457,0.05,366.81275081540457,0.2,11.64788158378672
2024-01-04 05:00:00,0.0,0.48197883276368997,0.05,371.5292971805954,0.20645707064794955,12.107474408179595
2024-01-04 05:15:00,0.0,0.40829885346519007,0.05,400.08740503165933,0.2,15.616094585110947
2024-01-04 05:30:00,0.0,0.4213072450521544,0.05,390.0927074642011,0.2402147341158069,17.955815682221317
2024-01-04 05:45:00,0.0,0.4111645760878645,0.05,404.5037844959405,0.24370811069888823,12.699749479533185
2024-01-04 06:00:00,0.0,0.3475718390341705,0.05,427.44739661872603,0.341397173573243,14.661580523348745
2024-01-04 06:15:00,0.06038561109891489,0.46857627655107487,0.05,404.2185382707249,0.2943306386611205,16.010677241237204
2024-01-04 06:30:00,0.1154863980295695,0.3261456018718797,0.05,359.96903989775126,0.26356094536534186,14.212259884411896
2024-01-04 06:45:00,0.17366087105969252,0.2604351363735502,0.05,379.4810934868895,0.2839063424256932,16.891229751956914
2024-01-04 07:00:00,0.21365692141165066,0.5712001343218157,0.1,329.9552445626855,0.3825606734924165,18.11508468364051
2024-01-04 07:15:00,0.26722764889305045,0.32793269799562597,0.1,312.8673018996788,0.2650558242870175,17.893074203386114
2024-01-04 07:30:00,0.37252956576872587,0.06345124350708375,0.1,331.0960548810228,0.3888018918694179,19.948795409637924
2024-01-04 07:45:00,0.3965617633079086,0.4370167456899651,0.1,295.2522101105514,0.32459004338965836,19.346626155034834
2024-01-04 08:00:00,0.40856517916740154,0.42515288692138997,0.1,287.16308434469386,0.45546137679671045,14.268340131546822
2024-01-04 08:15:00,0.5032136870714019,0.3346035065117827,0.1,308.76539467758914,0.3980092961524242,18.73302422237168
2024-01-04 08:30:00,0.4904280031618892,0.3414112351803228,0.1,291.4003880184096,0.4654696577586155,24.17007643747602
2024-01-04 08:45:00,0.6145428872699893,0.48410506824679994,0.1,260.69472336431954,0.46038676053587196,22.991467343762668
2024-01-04 09:00:00,0.6109628780299606,0.16229846736584075,0.1,226.07666438833323,0.40831092481737813,16.885854836531927
2024-01-04 09:15:00,0.6165939344418854,0.26295604390168575,0.1,234.9287923028652,0.5284478373656735,20.19407429689347
2024-01-04 09:30:00,0.7609293393754466,0.43829959984686495,0.1,280.170892145057,0.4787617172178706,25.27047478610701
2024-01-04 09:45:00,0.7725671534400932,0.4518629856363118,0.1,253.03688583947923,0.5727791311782363,23.270577799479714
2024-01-04 10:00:00,0.7089297491736456,0.19018568795233856,0.2,255.26673826351785,0.4999000090912033,19.59551548327684
2024-01-04 10:15:00,0.8182935810595344,0.4216405367023758,0.2,225.74594659149983,0.5787743509735963,27.674483464575413
2024-01-04 10:30:00,0.81289694957655,0.29548716363010435,0.2,208.2031283482982,0.5845816542393174,27.535356039902577
2024-01-04 10:45:00,0.8188755102516975,0.36013542388783587,0.2,228.71782544841665,0.5676745538709852,24.934833271889136
2024-01-04 11:00:00,0.9123743576354776,0.28379692505796505,0.2,232.45161531409224,0.6811195375498483,29.561119083312107
2024-01-04 11:15:00,0.8600919229227052,0.23438756830539126,0.2,194.24810601344265,0.6272290469349334,25.935576726034608
2024-01-04 11:30:00,0.8874221641558295,0.4226497403155299,0.2,187.44693166567725,0.6169232637276929,26.687723757285582
2024-01-04 11:45:00,0.945285968396253,0.14756721892850505,0.2,170.0030225587141,0.6643786476694751,27.343305310283135
2024-01-04 12:00:00,0.938421331937682,0.39022831403539715,0.2,185.23149988112272,0.5870235348056558,24.869308884590467
2024-01-04 12:15:00,0.8156830122516728,0.40649710872507117,0.2,213.80659287915375,0.791646756254861,29.794142949773764
2024-01-04 12:30:00,0.9493108033390621,0.3380158598529131,0.2,189.78581003433885,0.6228790731535538,30.279005490069157
2024-01-04 12:45:00,0.852516377936834,0.1966700457382538,0.2,222.47754493877088,0.7116685948012843,28.552246010119198
2024-01-04 13:00:00,0.8766057379345286,0.23125836954008816,0.2,246.15833399824925,0.6928336130216014,31.071765010080384
2024-01-04 13:15:00,0.817672349053765,0.0831334125736912,0.2,211.11038519347485,0.7532570019833659,26.625600859995757
2024-01-04 13:30:00,0.8053783779446647,0.16996609650342362,0.2,214.89869827954936,0.706329508916101,31.286609490938044
2024-01-04 13:45:00,0.82202346409919,0.28269662700398024,0.2,231.5976822358859,0.6674430307160153,30.6293855543667
2024-01-04 14:00:00,0.8178984965385999,0.08412368866644918,0.2,215.3068698310123,0.6071011987553632,28.618624288313526
2024-01-04 14:15:00,0.6929507993914273,0.2039149447396838,0.2,220.75966550946032,0.6103525151154351,30.806820166969544
2024-01-04 14:30:00,0.6735929903585822,0.4358121960985634,0.2,228.97917813714665,0.6855324774062953,28.151273787710636
2024-01-04 14:45:00,0.6792466545973358,0.2341956312268162,0.2,226.72048779550943,0.7627527245965071,32.018074611640685
2024-01-04 15:00:00,0.6447320076748954,0.3619414773114421,0.1,276.57438077795086,0.606170296110528,30.713361641415904
2024-01-04 15:15:00,0.6345314569776213,0.3247810824855081,0.1,258.1992379051879,0.7765474784268649,30.196586663996282
2024-01-04 15:30:00,0.5276011269054501,0.24747877054756567,0.1,300.475452706881,0.7315107547550209,28.31405098650712
2024-01-04 15:45:00,0.45960622862550476,0.27338108751091644,0.1,299.47161323670247,0.6016259363710643,30.519091073566223
2024-01-04 16:00:00,0.48142837016508194,0.3166865247441654,0.1,299.5443873910983,0.6055486685287259,31.067675108634585
2024-01-04 16:15:00,0.42348136214468846,0.10644001310358997,0.1,327.7348275174429,0.6002194876643858,31.52848152398987
2024-01-04 16:30:00,0.36118329757743217,0.4181607936145327,0.1,304.59408195309504,0.6529703594844475,26.84295926189353
2024-01-04 16:45:00,0.30299520901896126,0.3238740994339546,0.1,320.1040213851574,0.6227411016372697,29.155472179660073
2024-01-04 17:00:00,0.23746580469049486,0.44642790730638504,0.1,362.50814075064204,0.6074506450575339,29.86194879304058
2024-01-04 17:15:00,0.17990410515609412,0.39980199695196994,0.1,317.0684867702594,0.5725721450708412,26.107370025711194
2024-01-04 17:30:00,0.1259832018302245,0.35763879980848273,0.1,374.18698516199726,0.591537892303707,28.898471653159067
2024-01-04 17:45:00,0.05386886423671305,0.4066742369589864,0.1,398.72942052987696,0.6085277239018094,25.87343167643566
2024-01-04 18:00:00,1.1725340575437769e-16,0.4200910937328415,0.2,426.21765453377395,0.5435900879573924,22.96269243739468
2024-01-04 18:15:00,0.0,0.560699635819009,0.2,430.3095933137522,0.4995529044689751,23.002956354122553
2024-01-04 18:30:00,0.0,0.43237068772187603,0.2,397.3942750143217,0.5644104007671026,20.940005451133796
2024-01-04 18:45:00,0.0,0.4678346151674343,0.2,415.40533056966206,0.4853644311715146,23.13658445219054
2024-01-04 19:00:00,0.0,0.32557483074782656,0.2,383.91299684335803,0.5052441817000014,22.26782331855519
2024-01-04 19:15:00,0.0,0.45958354823078423,0.2,391.1302712196349,0.4535322176415143,22.327683849974377
2024-01-04 19:30:00,0.0,0.6219676966526669,0.2,427.35321027302325,0.49340994856466863,24.02866616206517
2024-01-04 19:45:00,0.0,0.531339838645015,0.2,399.20191376821896,0.4812830878933306,20.621164673899916
2024-01-04 20:00:00,0.0,0.391898793023744,0.2,403.1935552366164,0.4599150219633972,19.465741378714853
2024-01-04 20:15:00,0.0,0.41373121301309984,0.2,379.33727519842864,0.3527852586716673,18.946958296959988
2024-01-04 20:30:00,0.0,0.4476027430606773,0.2,408.4513432934848,0.3327362627301875,14.988039053660719
2024-01-04 20:45:00,0.0,0.6318322673793622,0.2,415.0810856969143,0.38515984429972827,19.41602733620556
2024-01-04 21:00:00,0.0,0.6290754074665398,0.05,414.4604580746034,0.3191253925366061,17.110224599053936
2024-01-04 21:15:00,0.0,0.2049424762116956,0.05,375.77277732100936,0.30185803083748997,16.946268870006836
2024-01-04 21:30:00,0.0,0.550532098629835,0.05,419.9988868662206,0.25044933141266734,15.771635799295117
2024-01-04 21:45:00,0.0,0.5810577324992007,0.05,380.0379867952894,0.337784724412475,15.83188329746398
2024-01-04 22:00:00,0.0,0.47699072787095625,0.05,399.47170001825907,0.3020246318864912,12.376482911049369
2024-01-04 22:15:00,0.0,0.5403270486121486,0.05,367.63761659212923,0.2273798705216219,14.442136555293988
2024-01-04 22:30:00,0.0,0.7178757614152271,0.05,396.4106328464806,0.2,12.704321129021984
2024-01-04 22:45:00,0.0,0.6302703470804715,0.05,379.9282706367712,0.2,13.476400116508868
2024-01-04 23:00:00,0.0,0.5432269012266298,0.05,391.02285680650584,0.2,10.899007361677164
2024-01-04 23:15:00,0.0,0.577426219919842,0.05,401.1982087936897,0.2,13.438731006010991
2024-01-04 23:30:00,0.0,0.5755016593752058,0.05,416.544496137475,0.2,12.1092772401636
2024-01-04 23:45:00,0.0,0.6277673044662707,0.05,415.8580693338459,0.2,9.094345346126847
2024-01-05 00:00:00,0.0,0.4570269343763993,0.05,353.25407425510434,0.2,13.23241708788504
2024-01-05 00:15:00,0.0,0.5325962546687261,0.05,413.5663654626832,0.2,10.002590063531892
2024-01-05 00:30:00,0.0,0.7018286172552364,0.05,404.125528116898,0.2,10.043964776161028
2024-01-05 00:45:00,0.0,0.5889004073847272,0.05,388.7959461531954,0.2,12.127132612190263
2024-01-05 01:00:00,0.0,0.5081943399818012,0.05,382.391853948272,0.2,12.487501967386578
2024-01-05 01:15:00,0.0,0.5085200217332497,0.05,398.75143725049736,0.2,9.2603915064082
2024-01-05 01:30:00,0.0,0.6568602667153259,0.05,404.6119603778782,0.2,10.30852102056405
2024-01-05 01:45:00,0.0,0.5275940217735261,0.05,407.55764564562463,0.2,11.385348488600915
2024-01-05 02:00:00,0.0,0.624295418665546,0.05,396.05419821759864,0.2,12.526522844662303
2024-01-05 02:15:00,0.0,0.5036104903713613,0.05,349.51556639357756,0.2,10.198765401064275
2024-01-05 02:30:00,0.0,0.4456741787915816,0.05,390.0939351479317,0.2,11.029024215212742
2024-01-05 02:45:00,0.0,0.5748127573455408,0.05,376.32615315927745,0.2,8.364260491351681
2024-01-05 03:00:00,0.0,0.5316832556459629,0.05,441.1044193703269,0.2,7.316135276662248
2024-01-05 03:15:00,0.0,0.6003815968615445,0.05,401.18625530838756,0.2,11.640494559064674
2024-01-05 03:30:00,0.0,0.6101647179048841,0.05,414.82240025766527,0.2,9.147352035906563
2024-01-05 03:45:00,0.0,0.4753173577285808,0.05,412.70254187501536,0.2,9.182558320956158
2024-01-05 04:00:00,0.0,0.5348933827351114,0.05,406.2065695192349,0.2,12.622585499889048
2024-01-05 04:15:00,0.0,0.4495767594978629,0.05,391.6756476020135,0.2,11.390406061413504
2024-01-05 04:30:00,0.0,0.5399013828801568,0.05,389.1234189214421,0.2,12.521607162717844
2024-01-05 04:45:00,0.0,0.48762943917136314,0.05,359.5881299933532,0.24159781164332178,9.915116790918276
2024-01-05 05:00:00,0.0,0.3893801572842267,0.05,402.8438627028262,0.23704525526441397,11.106790015575363
2024-01-05 05:15:00,0.0,0.3682602753013743,0.05,406.0076187391577,0.2,16.667779809232037
2024-01-05 05:30:00,0.0,0.4529720309543939,0.05,399.0434030760417,0.23638666141962525,12.596374007868521
2024-01-05 05:45:00,0.0,0.5292997311112869,0.05,402.8684373743015,0.3280015462353453,14.0377126596422
2024-01-05 06:00:00,0.0,0.4901296211206026,0.05,375.87179332091745,0.3184442292654967,15.474726010942609
2024-01-05 06:15:00,0.06381894705938211,0.29261843375598084,0.05,381.0384278746468,0.2218449093024886,13.437191382099822
2024-01-05 06:30:00,0.1262792298324347,0.2901104319537341,0.05,360.89768568035396,0.36499395704233634,18.87876536774054
2024-01-05 06:45:00,0.18072036025488356,0.2919341644401322,0.05,374.28205390947454,0.3500700202702156,16.800611295931763
2024-01-05 07:00:00,0.216471286755339,0.28857989802103057,0.1,349.0558775442008,0.26992566305683136,16.938980288417525
2024-01-05 07:15:00,0.28908261599857216,0.15404609658745724,0.1,322.9158541555303,0.351856642419374,20.185323356844492
2024-01-05 07:30:00,0.36983300977980726,0.4024676339399541,0.1,320.264295835616,0.3847252492387596,20.518337970620976
2024-01-05 07:45:00,0.4318570523397576,0.26595398841899787,0.1,290.75176844178026,0.32653247391811013,23.279950472439904
2024-01-05 08:00:00,0.4665125660033115,0.3462074255897517,0.1,293.4364974631769,0.435304706703594,19.125935415341072
2024-01-05 08:15:00,0.5156783636179317,0.2573101525743701,0.1,300.5396926297119,0.5411087400592253,25.04058629842265
2024-01-05 08:30:00,0.5230785469159115,0.27595112416681084,0.1,251.60181672782406,0.5074191610500238,22.5975424434047
2024-01-05 08:45:00,0.6377256654718215,0.1996122491389355,0.1,266.9077049230751,0.46662651378764897,25.33171010619012
2024-01-05 09:00:00,0.6326820094777093,0.2557528684328666,0.1,243.57994548712546,0.4635771867543941,24.55979827171381
2024-01-05 09:15:00,0.7259614940529446,0.1625074573227535,0.1,223.0004052770512,0.5128512666685986,21.930432705940653
2024-01-05 09:30:00,0.6693626653570596,0.23924537666462922,0.1,278.63520392753253,0.46604414002862693,22.159416011733633
2024-01-05 09:45:00,0.7159986587951993,0.37942838504608667,0.1,258.7815578994528,0.5088093674489489,20.814641462766797
2024-01-05 10:00:00,0.7502009759404905,0.27885539105921264,0.2,214.8336527701357,0.4519114592412293,20.978843743276208
2024-01-05 10:15:00,0.7755942961885826,0.2497306417960987,0.2,214.83006975888296,0.5883990472515506,24.331170799573247
2024-01-05 10:30:00,0.866293557216118,0.08325001169434323,0.2,174.77917731367464,0.5657533844531705,28.621624287331333
2024-01-05 10:45:00,0.7898103765923952,0.2673396143067789,0.2,178.76422998808047,0.6287063176719293,25.597203830570503
2024-01-05 11:00:00,0.895971801488872,0.27326017317816176,0.2,184.25426660155668,0.6181205334330017,25.71821203970701
2024-01-05 11:15:00,0.8771557593578867,0.23066951487257412,0.2,203.171244415754,0.5750116637181032,28.917670628693234
2024-01-05 11:30:00,0.8241880472069006,0.22313927689905105,0.2,199.41659748935962,0.6480304523382104,26.2104670665465
2024-01-05 11:45:00,0.9780929024606082,0.18641009599119357,0.2,207.06265428474507,0.6137673812263003,31.99582635923768
2024-01-05 12:00:00,0.8565968911618066,0.2649402515822463,0.2,213.57215318140382,0.7425792751804876,28.136919061353105
2024-01-05 12:15:00,0.8895046930897655,0.3401292708509316,0.2,205.9884010500093,0.6268875476459526,30.830104683150957
2024-01-05 12:30:00,0.871989910508115,0.23476384501577952,0.2,180.0828707660124,0.6536601737629882,28.838660513905225
2024-01-05 12:45:00,0.9381890630003792,0.10667122599166119,0.2,210.32341260379522,0.633399161322995,29.518455579497342
2024-01-05 13:00:00,0.922883345584556,0.1172931203269308,0.2,219.52187096816914,0.6347665289026776,31.91342991399515
2024-01-05 13:15:00,0.8709923132734476,0.28323796142807534,0.2,202.0685224656681,0.6957387322801314,30.26655365875778
2024-01-05 13:30:00,0.8500137300384353,0.11886495299567056,0.2,178.29566031669262,0.6351589481561957,32.90203730947435
2024-01-05 13:45:00,0.8426071585144534,0.24073095042451934,0.2,244.3068328623398,0.6899629658071491,28.412021674785407
2024-01-05 14:00:00,0.7311502113407166,0.19224064510136318,0.2,228.56121023241707,0.7215011037075085,27.401941033895746
2024-01-05 14:15:00,0.8283324020830726,0.1264824822039603,0.2,178.24930267756162,0.6781754764909291,26.479936666726708
2024-01-05 14:30:00,0.738597790811185,0.3245562907991738,0.2,282.7343936390969,0.5872869128442586,32.42438007099473
2024-01-05 14:45:00,0.7317290376738169,0.3203090772103941,0.2,240.05678812250784,0.7609336537354356,31.611029702476745
2024-01-05 15:00:00,0.5917667071862851,0.1230137134358886,0.1,307.3591075062368,0.7031069146581415,29.12798240426613
2024-01-05 15:15:00,0.5924754568765843,0.316275183211169,0.1,275.6781243026912,0.6980077401704395,30.066811918927435
2024-01-05 15:30:00,0.5684016828009352,0.311773713693193,0.1,274.19412069683233,0.665560725323486,31.377681876224912
2024-01-05 15:45:00,0.5351827494631866,0.37263167363193084,0.1,292.55784788222564,0.7096064737475317,28.588263200847972
2024-01-05 16:00:00,0.4509263380764621,0.3166781938655642,0.1,285.814565657123,0.7067073883898914,25.140148477538762
2024-01-05 16:15:00,0.4290233696562366,0.4542258761317649,0.1,312.7684699073204,0.7013394284759821,24.82008538576069
2024-01-05 16:30:00,0.34392616819766225,0.31079722537390464,0.1,363.6757261911458,0.6514421520265169,25.74420032455364
2024-01-05 16:45:00,0.26523373625048796,0.308502667190951,0.1,317.73965833435255,0.5567531829779033,27.72280709363068
2024-01-05 17:00:00,0.21618901644029478,0.2507571032197118,0.1,358.90348515819943,0.6323906615858341,25.187818206171485
2024-01-05 17:15:00,0.18663899666488654,0.2675877448549734,0.1,346.58675870223664,0.6111753962775415,28.66043273653741
2024-01-05 17:30:00,0.10938922372275076,0.27144626165444585,0.1,370.5331418678933,0.5551959505955912,23.540416288015646
2024-01-05 17:45:00,0.06443966433555867,0.4087593386950487,0.1,426.4515808315835,0.5265782651787082,24.168776273503163
2024-01-05 18:00:00,1.1412741184952323e-16,0.3730900681323532,0.2,410.52923626823736,0.5771519180374106,21.35729958171572
2024-01-05 18:15:00,0.0,0.446149948511714,0.2,414.9134704694717,0.5288947710534396,23.532503477895997
2024-01-05 18:30:00,0.0,0.3051803629978499,0.2,401.41692792104567,0.49529899523845733,23.84107706128133
2024-01-05 18:45:00,0.0,0.3534488443858529,0.2,453.9097741893817,0.5800521411969565,25.369911821268264
2024-01-05 19:00:00,0.0,0.3645094713429531,0.2,381.00722509818485,0.5112228102033307,22.828159218701472
2024-01-05 19:15:00,0.0,0.6812149665732007,0.2,368.4125618492493,0.48025391358101266,23.432703871897722
2024-01-05 19:30:00,0.0,0.459968553581881,0.2,433.72025167722063,0.5000794717348604,23.31548837105069
2024-01-05 19:45:00,0.0,0.4818211058666949,0.2,392.3683290270316,0.4361398796571271,21.438580802052215
2024-01-05 20:00:00,0.0,0.4922546992733727,0.2,408.2051813796155,0.3647947126918899,18.206776553123433
2024-01-05 20:15:00,0.0,0.6663969786238046,0.2,434.3271699759891,0.36089934270427476,20.155176777784575
2024-01-05 20:30:00,0.0,0.36041834562679764,0.2,408.47117674033444,0.397439278006861,21.670346774440507
2024-01-05 20:45:00,0.0,0.5258792105885876,0.2,444.616365436223,0.37271484350326367,17.4192144602733
2024-01-05 21:00:00,0.0,0.3791499512027249,0.05,402.72391725611,0.34466995804306766,18.521111427401106
2024-01-05 21:15:00,0.0,0.3123865332527593,0.05,385.837462719831,0.24668306031257706,17.843273014467908
2024-01-05 21:30:00,0.0,0.48524667328908283,0.05,352.9303361273782,0.3258627679012209,15.435212373322363
2024-01-05 21:45:00,0.0,0.6075103071108593,0.05,406.01094896801993,0.26406270179539676,17.451771242678152
2024-01-05 22:00:00,0.0,0.4934270081494686,0.05,355.2714759298967,0.27999708044704263,14.23061675038557
2024-01-05 22:15:00,0.0,0.61895106345905,0.05,406.492794822933,0.2,15.350400802327824
2024-01-05 22:30:00,0.0,0.5954235369527401,0.05,429.1907634975588,0.3156732854206142,13.43363782501532
2024-01-05 22:45:00,0.0,0.5754794660521003,0.05,399.6587862571907,0.21457105066588072,13.493797791198027
2024-01-05 23:00:00,0.0,0.7196815212349794,0.05,403.8021258569856,0.2,14.796078859031125
2024-01-05 23:15:00,0.0,0.5365534010958929,0.05,418.3132939296814,0.20675735836313322,8.587664733733778
2024-01-05 23:30:00,0.0,0.6363545144107898,0.05,413.39068487112013,0.20489690918992776,13.300460159005802
2024-01-05 23:45:00,0.0,0.41926310847320847,0.05,423.2099697882006,0.2,13.09964050679207
2024-01-06 00:00:00,0.0,0.609877943755106,0.05,399.61642749665714,0.2,10.189944256054734
2024-01-06 00:15:00,0.0,0.5738501809632512,0.05,354.9772955197981,0.2,10.968562009921065
2024-01-06 00:30:00,0.0,0.4800643320759221,0.05,423.52035383568125,0.2,8.808792869673546
2024-01-06 00:45:00,0.0,0.6360069339534867,0.05,395.2239622529885,0.2,8.93266849022197
2024-01-06 01:00:00,0.0,0.5192900628676264,0.05,382.4269463874177,0.2,10.882654935590786
2024-01-06 01:15:00,0.0,0.7626044836167776,0.05,406.71870782792917,0.2,15.442426029164922
2024-01-06 01:30:00,0.0,0.34139425596776474,0.05,403.7308364240525,0.2,11.413479767111367
2024-01-06 01:45:00,0.0,0.604200402482706,0.05,385.0107507323362,0.2,8.324781993409157
2024-01-06 02:00:00,0.0,0.5774748082027322,0.05,374.28831129573086,0.2,11.551590223955502
2024-01-06 02:15:00,0.0,0.5382075469030126,0.05,409.36830716377557,0.2,11.183187830997664
2024-01-06 02:30:00,0.0,0.5057470980059459,0.05,383.00256657186947,0.2,6.631819997502676
2024-01-06 02:45:00,0.0,0.557230781489071,0.05,402.2876695027187,0.2,9.560385186268935
2024-01-06 03:00:00,0.0,0.6476404870000287,0.05,407.4689071088888,0.2,10.0556472613865
2024-01-06 03:15:00,0.0,0.36465061211240063,0.05,419.3635230575085,0.2,10.766860904846524
2024-01-06 03:30:00,0.0,0.4411535961207258,0.05,442.38207204719134,0.2,10.698174556526189
2024-01-06 03:45:00,0.0,0.4060823331717065,0.05,404.74418402551316,0.2,11.326806483606065
2024-01-06 04:00:00,0.0,0.39027077302773067,0.05,391.4927705946895,0.2,9.469455965378277
2024-01-06 04:15:00,0.0,0.5227326385873429,0.05,433.1687181401898,0.2,11.03504388030969
2024-01-06 04:30:00,0.0,0.5354704149464029,0.05,420.9618545769635,0.20963400329289933,11.534891923287995
2024-01-06 04:45:00,0.0,0.5707981799338361,0.05,403.36766055566176,0.2,14.801526340092344
2024-01-06 05:00:00,0.0,0.5122735922834626,0.05,404.72973892293163,0.20080076714319336,11.533933807300802
2024-01-06 05:15:00,0.0,0.5076322568274023,0.05,400.53823448282725,0.2,12.917569307803372
2024-01-06 05:30:00,0.0,0.2849244163698781,0.05,403.2442300948497,0.3781689334529671,13.200382882456966
2024-01-06 05:45:00,0.0,0.5614369500086246,0.05,397.9626929671477,0.2577489082122416,17.61904900369731
2024-01-06 06:00:00,0.0,0.379024246924549,0.05,380.5033903530407,0.2,16.330331287884757
2024-01-06 06:15:00,0.060275032775530826,0.4902189820636103,0.05,387.0968433310196,0.3549239507945801,13.709717715546795
2024-01-06 06:30:00,0.12639683098091348,0.2362780599141963,0.05,409.0402458974326,0.33734465152342524,16.968058991454626
2024-01-06 06:45:00,0.1752250789108467,0.33683995204495193,0.05,344.66109557700133,0.30581624849696915,14.762363683142256
2024-01-06 07:00:00,0.25363665598770335,0.44253778183626963,0.1,342.8107645903567,0.3004879022268811,17.932955961035766
2024-01-06 07:15:00,0.28336385625079435,0.3385045512073153,0.1,317.8737216162742,0.2751540710863481,20.781156434394692
2024-01-06 07:30:00,0.36314823899400883,0.24806632499794123,0.1,346.60995944045305,0.3823690369938911,14.78209843565036
2024-01-06 07:45:00,0.35057446830287325,0.4425235954754122,0.1,328.136344543674,0.34662124246845183,17.329541304535283
2024-01-06 08:00:00,0.47447524353925447,0.18285856079060114,0.1,274.43374359292363,0.3560015821196746,20.311686031122083
2024-01-06 08:15:00,0.5122927443339638,0.2868432791713785,0.1,248.51670482663926,0.4583914154892416,19.86201942296479
2024-01-06 08:30:00,0.5465108398759227,0.34226478528652043,0.1,295.5617377749481,0.5164030926014727,21.73314652435847
2024-01-06 08:45:00,0.6210481239636666,0.4776998699760228,0.1,241.34549454022462,0.43471344546646956,21.784240270410468
2024-01-06 09:00:00,0.6133191873737447,0.2127430844881199,0.1,275.14397089847046,0.5179403865473625,19.22661465592056
2024-01-06 09:15:00,0.6860204499188302,0.2219869131382209,0.1,236.87057779886882,0.5070427960097498,24.458356641073895
2024-01-06 09:30:00,0.7830806126102245,0.1968602186067055,0.1,255.22932531950826,0.5327464563417904,21.157177157494264
2024-01-06 09:45:00,0.8102015712275269,0.25755309343094573,0.1,242.58840606285926,0.4917555527074912,24.83392504795744
2024-01-06 10:00:00,0.7429374290907578,0.2855877460428987,0.2,216.0658369426536,0.5393825542982826,24.09099659831282
2024-01-06 10:15:00,0.8231623662973471,0.3299567895602943,0.2,203.04561142954014,0.5118391944739397,30.357842986670484
2024-01-06 10:30:00,0.8580821605278078,0.29082887109582367,0.2,226.7400277555613,0.5214985613031866,25.84584054666166
2024-01-06 10:45:00,0.8710586173734101,0.16087655913595006,0.2,196.76225970276892,0.6237175059318383,27.29545733454014
2024-01-06 11:00:00,0.9359373151962121,0.28815193700512876,0.2,228.9944395127284,0.5859175888043998,28.179005663229354
2024-01-06 11:15:00,0.9137139458804076,0.21299750832382675,0.2,187.19594562759215,0.5797977926010758,28.193641135797495
2024-01-06 11:30:00,0.9132991782354983,0.27623625060705836,0.2,208.71803414134786,0.5775305600465331,27.880171135235525
2024-01-06 11:45:00,0.791567344786241,0.2806649586418674,0.2,192.62412523307418,0.5737540045820169,26.333546146609034
2024-01-06 12:00:00,0.9248305179797608,0.3630125746009827,0.2,200.11428221105578,0.5619872485763698,28.43663547317284
2024-01-06 12:15:00,0.9246211594773113,0.16496915210198118,0.2,186.41767554005864,0.6746090623720732,25.236955919369716
2024-01-06 12:30:00,0.9091335975432424,0.14715576745154924,0.2,198.1388990170401,0.5457926191017709,30.213911335443598
2024-01-06 12:45:00,0.900692847770765,0.24855928522792592,0.2,152.60791267819354,0.7076449973726775,35.310282103792275
2024-01-06 13:00:00,0.89929188031586,0.32506652650921763,0.2,190.55638509499644,0.7129914802279688,30.012639331351036
2024-01-06 13:15:00,0.8259961710771685,0.2164203571034224,0.2,198.8617404327756,0.6892793445515762,30.48686883100632
2024-01-06 13:30:00,0.8621520401966993,0.33999532268372457,0.2,213.78656290602933,0.7011401604147259,26.810633737473232
2024-01-06 13:45:00,0.7684309871214278,0.289631285674329,0.2,246.48928706750553,0.6850896696826753,28.346669708812318
2024-01-06 14:00:00,0.8060064693060912,0.20667337145390316,0.2,212.84030892318458,0.7112596163745466,31.789673376289134
2024-01-06 14:15:00,0.7238499553714838,0.2900396278453815,0.2,261.98578067944703,0.7100360236362064,27.084030485989594
2024-01-06 14:30:00,0.7012736352750871,0.19784665281497932,0.2,224.10095917980186,0.7625090265861376,28.45848629684621
2024-01-06 14:45:00,0.7047720488082694,0.2734920458308146,0.2,227.46959922202112,0.770877039004096,30.943593528707385
2024-01-06 15:00:00,0.6880095951754965,0.1512627292795669,0.1,220.89431839225102,0.7648874587441302,31.2774869288008
2024-01-06 15:15:00,0.5399006558162655,0.2613151739365424,0.1,280.266529919073,0.6441923451585356,29.251172903275226
2024-01-06 15:30:00,0.5673918300574522,0.37821662959279145,0.1,279.96816269907373,0.7150501185736637,29.484191462602585
2024-01-06 15:45:00,0.5048527162912945,0.36560064353965377,0.1,299.8366777817194,0.694365029354459,29.209466947880518
2024-01-06 16:00:00,0.4753061207937519,0.36208417480333377,0.1,302.63241377977863,0.6273598818534826,26.193515074424134
2024-01-06 16:15:00,0.4180870198048253,0.3402902294576818,0.1,311.3583186751812,0.6051232098252267,28.16802811858065
2024-01-06 16:30:00,0.32796171771743005,0.33944791849826156,0.1,329.1517883360214,0.6191709777687591,28.41732099218917
2024-01-06 16:45:00,0.27067691190699295,0.20900639673286095,0.1,378.761829595314,0.5725077711655789,27.341587926313466
2024-01-06 17:00:00,0.2307951299230174,0.3276276536756355,0.1,338.75742705903224,0.5426679709248008,23.21994377632507
2024-01-06 17:15:00,0.18040263519595173,0.3792435139633139,0.1,402.068379708029,0.6226728488646217,29.664750221042432
2024-01-06 17:30:00,0.11550791357187555,0.26145441198196245,0.1,390.9420242519967,0.5842650525854678,23.90086891739299
2024-01-06 17:45:00,0.061559157394137,0.21174378247498318,0.1,394.22333232219984,0.5680503874870584,25.699958847147588
2024-01-06 18:00:00,1.115304792122724e-16,0.5128832746943447,0.2,411.09057140043615,0.5963348367191832,25.643581444873348
2024-01-06 18:15:00,0.0,0.41816447850701244,0.2,336.0875182301993,0.5228928877405423,23.51324380108366
2024-01-06 18:30:00,0.0,0.44710316651978854,0.2,394.7667283153845,0.5563233774616682,24.315851901761217
2024-01-06 18:45:00,0.0,0.49458074668271296,0.2,386.59533275573125,0.4594830053612599,21.663855729080893
2024-01-06 19:00:00,0.0,0.35354711397201094,0.2,442.24786656628856,0.4403848493443761,26.88238739211132
2024-01-06 19:15:00,0.0,0.4239383136543695,0.2,393.1720269373278,0.45922650239922413,21.429887713598003
2024-01-06 19:30:00,0.0,0.6269434469250377,0.2,399.4040004761036,0.5452236541527306,23.103281135136346
2024-01-06 19:45:00,0.0,0.43959219838262686,0.2,399.0791253125658,0.4838910557770244,18.468774303445414
2024-01-06 20:00:00,0.0,0.47341447045531415,0.2,373.86934716675603,0.45490117746300857,21.442555823748783
2024-01-06 20:15:00,0.0,0.44416523010370224,0.2,388.79556744470267,0.3117819937035293,17.911555980095656
2024-01-06 20:30:00,0.0,0.447666863153678,0.2,416.3379582261312,0.36809733202816597,15.908445909705927
2024-01-06 20:45:00,0.0,0.6424172982542253,0.2,357.3638643149569,0.38252824109333117,15.918930014538844
2024-01-06 21:00:00,0.0,0.2937532006343072,0.05,406.227047660281,0.4266206765051219,15.71598892355701
2024-01-06 21:15:00,0.0,0.5046665795105757,0.05,381.97040422283135,0.21938177574348483,17.00851174139893
2024-01-06 21:30:00,0.0,0.5812116823212463,0.05,425.9983795612362,0.32174293860615033,21.924745444538427
2024-01-06 21:45:00,0.0,0.7359730323345378,0.05,407.89843534416053,0.3205320720291504,21.048464507687267
2024-01-06 22:00:00,0.0,0.45968254516804347,0.05,369.60464234379924,0.2725871107879537,14.356295724178603
2024-01-06 22:15:00,0.0,0.44880741360291354,0.05,391.67709566976544,0.2,16.36313684327003
2024-01-06 22:30:00,0.0,0.4987658743694509,0.05,409.0712006052918,0.23003450241074852,11.404831565549708
2024-01-06 22:45:00,0.0,0.6595565655779763,0.05,393.9209187385892,0.22363738320131285,9.198417173778349
2024-01-06 23:00:00,0.0,0.6057137115856827,0.05,402.9024066585521,0.2,12.990102780540031
2024-01-06 23:15:00,0.0,0.451893488979328,0.05,399.6152647787188,0.2,13.574181359028191
2024-01-06 23:30:00,0.0,0.6082447320347587,0.05,417.33642171833316,0.2,13.632978965178467
2024-01-06 23:45:00,0.0,0.7547155612366496,0.05,408.7913154933188,0.2,13.844700243927662
2024-01-07 00:00:00,0.0,0.6264480401073137,0.05,399.03583228714876,0.2,10.678855032956154
2024-01-07 00:15:00,0.0,0.6160275737105855,0.05,400.35835476443833,0.2,11.175355456645377
2024-01-07 00:30:00,0.0,0.6207631842329795,0.05,378.3433187483391,0.2,12.403682214247908
2024-01-07 00:45:00,0.0,0.6376073281369328,0.05,429.34764021070987,0.2,12.91763556214336
2024-01-07 01:00:00,0.0,0.46647500911762985,0.05,459.2442772884109,0.2,8.526474437584607
2024-01-07 01:15:00,0.0,0.5661936256876589,0.05,393.39301506897056,0.2,10.613502017551957
2024-01-07 01:30:00,0.0,0.5668002931946167,0.05,400.9539894174726,0.2,11.38465716516246
2024-01-07 01:45:00,0.0,0.5310276463087876,0.05,420.3009388691695,0.2,10.316515939428834
2024-01-07 02:00:00,0.0,0.6418172416342749,0.05,420.18939344984256,0.2,8.755913051115893
2024-01-07 02:15:00,0.0,0.5028945761348576,0.05,403.56619912631385,0.2,10.027596170964335
2024-01-07 02:30:00,0.0,0.5226738259158346,0.05,380.4766196306292,0.2,11.145011194309149
2024-01-07 02:45:00,0.0,0.4243506934303762,0.05,436.36317673351573,0.2,8.670843537935017
2024-01-07 03:00:00,0.0,0.5792524122013955,0.05,413.6246863999,0.2,7.946264058510055
2024-01-07 03:15:00,0.0,0.6260594591961159,0.05,404.41097813790446,0.2,14.649784348780834
2024-01-07 03:30:00,0.0,0.4856502340415155,0.05,385.54344739722853,0.2,11.136264195492993
2024-01-07 03:45:00,0.0,0.5918530876693109,0.05,401.15910337282344,0.2,12.90797321072178
2024-01-07 04:00:00,0.0,0.4853043224562804,0.05,363.71105265474904,0.2,11.758738457612175
2024-01-07 04:15:00,0.0,0.23571280103803288,0.05,414.81809266102255,0.2,13.78593868904851
2024-01-07 04:30:00,0.0,0.47138515300257067,0.05,419.69469371502413,0.2,12.224823523037594
2024-01-07 04:45:00,0.0,0.446730772142228,0.05,404.5951798388551,0.21279110112614283,13.655828822521508
2024-01-07 05:00:00,0.0,0.4620633689966722,0.05,380.7949415116208,0.2521525879679919,10.709871474022687
2024-01-07 05:15:00,0.0,0.4643366079172848,0.05,409.0379517223294,0.2,9.87629967856085
2024-01-07 05:30:00,0.0,0.35771308590906287,0.05,415.74716093388673,0.225968641456084,12.959430027604684
2024-01-07 05:45:00,0.0,0.5602121236220232,0.05,385.1352726644381,0.31659687071564524,11.592709928310146
2024-01-07 06:00:00,0.0,0.39338384461944176,0.05,418.6798444630757,0.35476442555592574,10.766036478303382
2024-01-07 06:15:00,0.056606170434026104,0.3669530067353298,0.05,397.4097228458549,0.32133192709320796,16.18060846129309
2024-01-07 06:30:00,0.1262197730144241,0.44834772238613,0.05,368.41443527960774,0.2676970563786721,12.634442873675813
2024-01-07 06:45:00,0.17754371686153944,0.3628359301256778,0.05,349.8288240148013,0.30393091909085157,18.684596657529852
2024-01-07 07:00:00,0.21717704869768203,0.6048203569039357,0.1,344.65869888253474,0.3134445153837088,20.294180682586635
2024-01-07 07:15:00,0.3149732986952468,0.31472132782857154,0.1,316.29875159171223,0.3767544650854181,15.163117322313804
2024-01-07 07:30:00,0.3439548076585072,0.35864485861837175,0.1,328.6685681252015,0.31985930425231085,19.272069310891407
2024-01-07 07:45:00,0.43411021741110245,0.23662699646949364,0.1,322.71195237178443,0.3964457202966621,23.06183699842146
2024-01-07 08:00:00,0.45996341113794786,0.38705355430382526,0.1,323.3719318559098,0.4163189161309773,19.056041124405255
2024-01-07 08:15:00,0.5531231795169065,0.3197577928154636,0.1,294.83492550055854,0.43880846504895255,21.87572420405309
2024-01-07 08:30:00,0.5917928918435474,0.24435090911592228,0.1,286.0740695224666,0.38803809312246623,26.09106893832925
2024-01-07 08:45:00,0.6272848762449279,0.18088702711981847,0.1,262.7706821298791,0.4708872665861701,18.596605465162412
2024-01-07 09:00:00,0.69531484534427,0.1276364138025581,0.1,241.09657250543702,0.566110600843915,20.549622221005468
2024-01-07 09:15:00,0.6699930654819494,0.29150349439178397,0.1,241.03339908572036,0.47358421173377013,24.342576851794416
2024-01-07 09:30:00,0.7157192208664719,0.10264138488905028,0.1,269.8907481798027,0.5277919170424,28.171711566768558
2024-01-07 09:45:00,0.6938588488382054,0.36455349445950735,0.1,246.38769627455048,0.4405849197764201,23.000453235294074
2024-01-07 10:00:00,0.8374676992344803,0.10051039426627575,0.2,234.94286279599967,0.56264472084211,29.871463718883778
2024-01-07 10:15:00,0.8384366006371738,0.20278795973263508,0.2,184.31803589952744,0.577499535214425,25.81961462498851
2024-01-07 10:30:00,0.9021995041047568,0.12706996629035935,0.2,221.4803598326166,0.5884521325672157,22.153102962485587
2024-01-07 10:45:00,0.8967138171295348,0.21388259754483657,0.2,184.0203219531263,0.6343219709926279,29.774421403146405
2024-01-07 11:00:00,0.7933811513230932,0.2094655526797168,0.2,181.64746285608868,0.598180197653103,26.143820102645478
2024-01-07 11:15:00,0.8639229429618246,0.24832324372131143,0.2,180.9158917424523,0.6843720190643776,28.415448631973852
2024-01-07 11:30:00,0.9600456420628414,0.04908312834173889,0.2,186.25435852451196,0.5938494494244313,24.61519402784581
2024-01-07 11:45:00,0.9885231815004638,0.12405794943438359,0.2,217.09600515150754,0.7216050603131945,26.808192953707366
2024-01-07 12:00:00,0.9916126114062754,0.29705474511521984,0.2,204.53184252355996,0.6704403752213262,25.66651019136303
2024-01-07 12:15:00,0.8877023047784565,0.2662833755526804,0.2,181.56528979272926,0.6654798018152603,25.762740289905462
2024-01-07 12:30:00,0.9441144026462833,0.0,0.2,190.0962053595685,0.6055738294514078,29.434874521019704
2024-01-07 12:45:00,0.7636138314670039,0.2415659025788385,0.2,213.80923232841866,0.62859409033118,30.602856232582145
2024-01-07 13:00:00,0.8953072276254919,0.10356833714537608,0.2,220.77097745685944,0.7073197216079525,28.565741966866575
2024-01-07 13:15:00,0.8983589372834336,0.15143168643045027,0.2,213.28663796475354,0.6583951792172085,26.933545224409883
2024-01-07 13:30:00,0.9015057620858395,0.19249133476630903,0.2,192.27428519626716,0.7471860957449954,27.362237266325643
2024-01-07 13:45:00,0.776392453987746,0.376364467458429,0.2,212.3749302427167,0.7137294645563852,30.721848508452116
2024-01-07 14:00:00,0.8147519398456767,0.12252517832478362,0.2,274.41474902989904,0.6287492832218058,30.221381141093772
2024-01-07 14:15:00,0.7662475637158217,0.09331674239947549,0.2,209.48859687713758,0.7374120072520176,30.754738578958804
2024-01-07 14:30:00,0.7269043297997203,0.2863612146198254,0.2,248.8279893107066,0.6893129041112317,33.03125905895044
2024-01-07 14:45:00,0.6956217927017837,0.2468302762708045,0.2,292.04869841088527,0.6919475856628738,30.958551898394717
2024-01-07 15:00:00,0.6246297500901425,0.3792789676379453,0.1,253.10895909659124,0.7420070281137938,30.47731705891567
2024-01-07 15:15:00,0.6415769113293289,0.23284744639485044,0.1,304.8069141672618,0.6143640501984465,34.20673422534056
2024-01-07 15:30:00,0.5650486381160993,0.3993294401174557,0.1,264.49402178299005,0.6209321377720056,28.689226453512735
2024-01-07 15:45:00,0.5221606753911799,0.29051281316790745,0.1,249.38805277469152,0.6853407990035444,33.73607817680329
2024-01-07 16:00:00,0.43985045843697024,0.35291151085637196,0.1,288.41444054107615,0.574869155812416,31.508021418156524
2024-01-07 16:15:00,0.38026625768463157,0.47393661065782655,0.1,296.3881619287476,0.619083499859398,27.71884530511146
2024-01-07 16:30:00,0.36799805601206986,0.3067385230530648,0.1,290.05974967865745,0.6869289920866173,29.543211085255322
2024-01-07 16:45:00,0.28250656214044917,0.44017873050690837,0.1,327.3631275582612,0.6201154865702485,27.087996353153073
2024-01-07 17:00:00,0.2518707974850466,0.28687633380569505,0.1,368.0561145739948,0.5434105290136162,24.198276993575195
2024-01-07 17:15:00,0.18058639070955623,0.3837358309863984,0.1,349.0995318258763,0.6072586260573793,26.577379640757467
2024-01-07 17:30:00,0.12016925077858326,0.22942884438766054,0.1,366.3746984147301,0.5623842481996517,23.153361630770185
2024-01-07 17:45:00,0.05647573501957072,0.3364873772560484,0.1,414.32954721613606,0.5315565246539925,26.021631833685866
2024-01-07 18:00:00,1.0815439058095125e-16,0.2941964741141855,0.2,385.0345800405187,0.7278229037188408,26.600959678384104
2024-01-07 18:15:00,0.0,0.5351558861715022,0.2,412.37855227190477,0.5614280012847676,23.989073912601093
2024-01-07 18:30:00,0.0,0.5999850745390971,0.2,365.8513417910223,0.5006319274432354,24.288749225761798
2024-01-07 18:45:00,0.0,0.40354786997003156,0.2,380.6771594242033,0.5413471152837934,23.643177949605388
2024-01-07 19:00:00,0.0,0.374459990780395,0.2,395.73137869603516,0.46309637647574964,24.27688962560841
2024-01-07 19:15:00,0.0,0.33289344338963534,0.2,424.1823961990119,0.4326203081420871,22.129854263889666
2024-01-07 19:30:00,0.0,0.5029908240832245,0.2,381.7491996515885,0.4541301578687536,20.675809307123476
2024-01-07 19:45:00,0.0,0.4282291025769591,0.2,381.50880343591666,0.44505544277855336,22.25191208309821
2024-01-07 20:00:00,0.0,0.44512836586517324,0.2,405.44704975183924,0.4462872300351286,20.31711637145867
2024-01-07 20:15:00,0.0,0.6740729083471139,0.2,408.65772989280896,0.4515623402430767,15.074855050633913
2024-01-07 20:30:00,0.0,0.49211242064712585,0.2,379.28804050440147,0.42021741835961723,17.994164999011442
2024-01-07 20:45:00,0.0,0.5905341200538808,0.2,389.56208524783517,0.384301409083364,17.014754225926453
2024-01-07 21:00:00,0.0,0.5467174652287707,0.05,421.73321655701966,0.3703176594028781,17.706728029769884
2024-01-07 21:15:00,0.0,0.4148474207617521,0.05,376.39981825305296,0.36280316082250197,16.8655866418966
2024-01-07 21:30:00,0.0,0.3741826307744365,0.05,406.8295347809416,0.32068626971683634,12.272447690561851
2024-01-07 21:45:00,0.0,0.6150461283300769,0.05,389.64933022173614,0.2,12.593669720902724
2024-01-07 22:00:00,0.0,0.7436161328435681,0.05,428.0516283408614,0.27488224059316974,13.094279006388296
2024-01-07 22:15:00,0.0,0.6108733018485878,0.05,411.6083951293472,0.3021777863715608,14.573207836259968
2024-01-07 22:30:00,0.0,0.647184924820671,0.05,417.61125788615334,0.2,16.060069365816
2024-01-07 22:45:00,0.0,0.4989153953404731,0.05,389.2483188962408,0.2,10.19925438725412
2024-01-07 23:00:00,0.0,0.6946745994641146,0.05,416.49030312037195,0.2,11.584702285659446
2024-01-07 23:15:00,0.0,0.69640750156885,0.05,415.96954020890496,0.2,12.38465356978928
2024-01-07 23:30:00,0.0,0.5286691250443442,0.05,410.38977748296026,0.2,10.203668599075746
2024-01-07 23:45:00,0.0,0.6541126620310336,0.05,394.3478146501755,0.2,11.860064502080471
2024-01-08 00:00:00,0.0,0.4233582149327033,0.05,403.2521069010008,0.2,12.620295859182416
2024-01-08 00:15:00,0.0,0.6719629813236194,0.05,362.94580930269444,0.2,9.517650333307921
2024-01-08 00:30:00,0.0,0.5410472136967575,0.05,435.1800923602578,0.2,11.416371619242124
2024-01-08 00:45:00,0.0,0.4734441423896441,0.05,387.9215481251257,0.2,10.30166029846583
2024-01-08 01:00:00,0.0,0.6334491609570141,0.05,393.3029854077764,0.2,8.042537831915713
2024-01-08 01:15:00,0.0,0.4122130293874566,0.05,373.644029351612,0.2,9.910383950954303
2024-01-08 01:30:00,0.0,0.6190172645790898,0.05,413.4578973259829,0.2,10.998883331641808
2024-01-08 01:45:00,0.0,0.46614663535204803,0.05,410.5842008782207,0.2,12.848896777139652
2024-01-08 02:00:00,0.0,0.4385774684337018,0.05,394.0896741348896,0.2,13.288487485795171
2024-01-08 02:15:00,0.0,0.5722792185984774,0.05,353.3065510336858,0.2,8.886041311462652
2024-01-08 02:30:00,0.0,0.5414155423067603,0.05,385.76889011941006,0.2,8.829659223373906
2024-01-08 02:45:00,0.0,0.6960469066048461,0.05,409.2004539758863,0.2,10.272927449524785
2024-01-08 03:00:00,0.0,0.41294123122504767,0.05,405.0284321480929,0.2,9.255347762300566
2024-01-08 03:15:00,0.0,0.6693746121364847,0.05,399.07597057782067,0.2,12.956763709482958
2024-01-08 03:30:00,0.0,0.4079878253748164,0.05,391.5210467585042,0.2,10.962586152606947
2024-01-08 03:45:00,0.0,0.6030582882464246,0.05,368.42759703141786,0.2,11.141759605824934
2024-01-08 04:00:00,0.0,0.6106092522853375,0.05,419.2774103799881,0.2,12.626361523162743
2024-01-08 04:15:00,0.0,0.5206036166328928,0.05,371.19757741841175,0.2,12.00497622932097
2024-01-08 04:30:00,0.0,0.3974412984191766,0.05,395.91501375841375,0.2,12.676955893195915
2024-01-08 04:45:00,0.0,0.31199244586498753,0.05,379.30217962621765,0.2014085644555378,13.007983874349717
2024-01-08 05:00:00,0.0,0.25658616066098616,0.05,419.8737935260128,0.2,12.639656198559393
2024-01-08 05:15:00,0.0,0.6242471598103142,0.05,411.6405470723454,0.25621089337605146,11.601665126676298
2024-01-08 05:30:00,0.0,0.3964197490708134,0.05,392.8559541747862,0.279608129668905,17.430429740320236
2024-01-08 05:45:00,0.0,0.30261387107327714,0.05,413.82368316754486,0.20597523726803948,12.632830247569375
2024-01-08 06:00:00,0.0,0.285683939395992,0.05,370.1652138491727,0.2416386015325537,18.308461036559905
2024-01-08 06:15:00,0.06210653978988841,0.4037056135146474,0.05,385.3294152365994,0.24860616088390425,16.259998343338793
2024-01-08 06:30:00,0.11682700608949659,0.3344095511955806,0.05,352.7974929595179,0.30395773312767094,14.969997717251676
2024-01-08 06:45:00,0.19130309261542214,0.16905267771107757,0.05,381.4832015177967,0.3690709711777102,17.895320534094406
2024-01-08 07:00:00,0.2278221113535556,0.4346902579258408,0.1,355.72198118211276,0.23897583767183034,18.983641722782323
2024-01-08 07:15:00,0.28670399485520115,0.3692104624891602,0.1,348.71096729561555,0.27055775798646875,21.48550004267607
2024-01-08 07:30:00,0.3440152825519838,0.5074544134438704,0.1,312.39846984293365,0.35666585852469973,16.06344854215852
2024-01-08 07:45:00,0.4256142939589026,0.42562140671165366,0.1,326.438482940135,0.3896755759838154,19.06596251023563
2024-01-08 08:00:00,0.4719881535420588,0.0,0.1,277.6603938281894,0.35293534319317094,22.754419614297746
2024-01-08 08:15:00,0.5040598228994406,0.4305833507798359,0.1,269.4154372231305,0.42865794953546,22.147136995608587
2024-01-08 08:30:00,0.5793391277684299,0.3989968391257096,0.1,274.7445851110646,0.4021100243132073,22.277296936532167
2024-01-08 08:45:00,0.6284845947802218,0.19449356174438623,0.1,249.43637336381624,0.4361882251230315,24.90787852245855
2024-01-08 09:00:00,0.6033377118504696,0.2153210680503826,0.1,272.7707415259463,0.5411271745599264,22.22830914025692
2024-01-08 09:15:00,0.7426834776539036,0.29080454922832877,0.1,240.1629133111106,0.47927518393796353,18.418325032125615
2024-01-08 09:30:00,0.6740385472975217,0.13990783106207016,0.1,219.71614335026797,0.49676878871159624,23.09381872210124
2024-01-08 09:45:00,0.8001697393691963,0.20943319071820798,0.1,209.50243943754532,0.5392747008657198,28.446399793948583
2024-01-08 10:00:00,0.7677333615414841,0.3267986638257036,0.2,240.74278576701784,0.6046145351012367,25.596951913813783
2024-01-08 10:15:00,0.8101775504391017,0.2723982425624704,0.2,169.7439413187811,0.5645199537576677,23.870841319333774
2024-01-08 10:30:00,0.8902423018828757,0.14854561710156872,0.2,195.00331624305863,0.5547163758809467,28.755873226241626
2024-01-08 10:45:00,0.9001233580600178,0.3128900297651014,0.2,238.67206978022267,0.626760013887146,28.28318395855107
2024-01-08 11:00:00,0.8439093930801984,0.23710436099647947,0.2,199.92756812864914,0.6527688175910595,27.365091313597787
2024-01-08 11:15:00,0.9151514306071763,0.23071348921404128,0.2,218.17200778040663,0.6827850152236741,28.6886621533173
2024-01-08 11:30:00,0.7691009539401977,0.15021779142711753,0.2,210.26101414307828,0.6362228694062788,25.899023602464904
2024-01-08 11:45:00,0.9450125248672213,0.1997743609853931,0.2,196.6107293052037,0.673199641535468,27.59049933444154
2024-01-08 12:00:00,0.9491800372906773,0.12259085183802274,0.2,166.82178834233434,0.6993272016446318,28.530391581301775
2024-01-08 12:15:00,0.967552921010123,0.006373056881914307,0.2,173.91081357778967,0.6781549681225576,31.167072010027514
2024-01-08 12:30:00,0.9452773089977621,0.17373181115533953,0.2,174.85663442848204,0.7431359265369438,28.14130177039263
2024-01-08 12:45:00,0.9067344260092824,0.19162771930987402,0.2,213.4839584853601,0.7166482468738278,29.417801887451898
2024-01-08 13:00:00,0.7634164158676219,0.22054371269095285,0.2,220.20644621179247,0.7839210353687389,32.54124124988674
2024-01-08 13:15:00,0.9006604166452458,0.3318294339378284,0.2,193.03768252021646,0.7401211103489818,34.85650673915164
2024-01-08 13:30:00,0.9139401386825388,0.14999560902507164,0.2,213.64865690940465,0.601097978583096,28.173171159700882
2024-01-08 13:45:00,0.8465870735959812,0.1838502513419904,0.2,220.78774566290656,0.6794390701176941,30.258504411795087
2024-01-08 14:00:00,0.7932221747830334,0.3034126790052341,0.2,228.35882187698076,0.6191077425121556,26.98409417144369
2024-01-08 14:15:00,0.7057550640064923,0.15845386608130635,0.2,218.46634461707433,0.6674166452304653,29.949587374762395
2024-01-08 14:30:00,0.724204100018747,0.2567042848226008,0.2,274.09044390917177,0.6788653519455485,29.334239713107586
2024-01-08 14:45:00,0.7036386234744889,0.2088038371477689,0.2,263.18952223171124,0.7376718853731599,32.309918740943814
2024-01-08 15:00:00,0.6701525236249565,0.2342162054915478,0.1,260.04031905850724,0.6677949551300464,27.313446991407233
2024-01-08 15:15:00,0.5803833500423256,0.34394532590105387,0.1,257.7542333615885,0.7537894515792762,26.849335222639173
2024-01-08 15:30:00,0.5601946948997891,0.2409024086002118,0.1,261.5763451682051,0.6437373009321182,32.28066478228431
2024-01-08 15:45:00,0.4885617737703992,0.36796035412006306,0.1,296.8438552653985,0.6546379123156114,27.70246299586608
2024-01-08 16:00:00,0.4841893461052917,0.10475668917948411,0.1,290.5245590446152,0.5978221111368142,29.05511632098086
2024-01-08 16:15:00,0.4171283799741946,0.1685807945642536,0.1,314.21690048810666,0.7216682874647347,28.904785257522747
2024-01-08 16:30:00,0.3419468401201752,0.0916433044520972,0.1,285.4770901100773,0.7169228368543057,26.358902158449165
2024-01-08 16:45:00,0.31386788501702123,0.21913504522267097,0.1,325.11623053319374,0.6189456984879851,25.945896172419022
2024-01-08 17:00:00,0.2492294197974502,0.5339205572644131,0.1,346.0544330371623,0.5380987454211298,29.32488718127191
2024-01-08 17:15:00,0.18096317753719032,0.359228344728429,0.1,380.33817981286506,0.58739438734096,27.94760232869135
2024-01-08 17:30:00,0.11216686187103948,0.301764486510244,0.1,355.44828043063484,0.5942361671107929,26.056239370570285
2024-01-08 17:45:00,0.05462795358921846,0.46520005665321384,0.1,357.2027093630277,0.5349279510738015,25.28211868054754
2024-01-08 18:00:00,1.1761189487721861e-16,0.4924011057257172,0.2,408.89444524148354,0.6675426013117314,25.633221769704587
2024-01-08 18:15:00,0.0,0.2909958444397759,0.2,398.71887130708524,0.6239536803472311,25.18728532603026
2024-01-08 18:30:00,0.0,0.6759252502414215,0.2,365.55952838370763,0.42736396773558966,26.34912536808571
2024-01-08 18:45:00,0.0,0.46665114870333124,0.2,366.5568097271101,0.4387416549291532,23.172682429909333
2024-01-08 19:00:00,0.0,0.4919990078659382,0.2,387.0624819585947,0.5005818557908597,23.474151947425536
2024-01-08 19:15:00,0.0,0.5140112081964185,0.2,398.32505224696575,0.404933178601202,23.387260810518644
2024-01-08 19:30:00,0.0,0.5260504734776151,0.2,427.785702581872,0.4483031156389283,22.77681230227726
2024-01-08 19:45:00,0.0,0.42631039757235245,0.2,378.37721334653423,0.42015615510485527,23.55347046302389
2024-01-08 20:00:00,0.0,0.7112519290962802,0.2,410.775542538379,0.3980216087101025,19.974822442704188
2024-01-08 20:15:00,0.0,0.4825952019295544,0.2,360.78298404334214,0.43131906023860794,18.21423424374894
2024-01-08 20:30:00,0.0,0.6175040635660767,0.2,407.219217754501,0.4512131113051133,17.978812031341114
2024-01-08 20:45:00,0.0,0.48437570079788905,0.2,430.1316969226715,0.36127677979359085,19.330750148028663
2024-01-08 21:00:00,0.0,0.476194705926978,0.05,402.8340943330786,0.26175032171376544,17.19560686484772
2024-01-08 21:15:00,0.0,0.7405544228208945,0.05,386.6367081845294,0.31076244174163864,21.359200591956085
2024-01-08 21:30:00,0.0,0.547833564396363,0.05,424.65072310001136,0.2559874173004185,16.198343542839545
2024-01-08 21:45:00,0.0,0.5628832023615545,0.05,406.97763662607343,0.3669270665213799,13.667206476179938
2024-01-08 22:00:00,0.0,0.6015668013073887,0.05,403.07189213471025,0.28465807589014697,15.645403334625962
2024-01-08 22:15:00,0.0,0.8395515954386179,0.05,379.64534119821076,0.2534549022563311,17.521922095316047
2024-01-08 22:30:00,0.0,0.8016520232944001,0.05,407.2753981345566,0.24985186697239964,12.280866090463519
2024-01-08 22:45:00,0.0,0.7177642867315984,0.05,386.30567691303867,0.20027809012468178,11.717298918797232
2024-01-08 23:00:00,0.0,0.8785474235318587,0.05,406.22884169258003,0.25047072022193984,12.555301447204396
2024-01-08 23:15:00,0.0,0.5016993840885552,0.05,400.9707827964527,0.2,11.189780807545189
2024-01-08 23:30:00,0.0,0.663877371343901,0.05,421.68233091809816,0.2099958781962168,9.366030403263476
2024-01-08 23:45:00,0.0,0.6071540777457646,0.05,388.4798815900952,0.23015925315837854,8.603662200495261
2024-01-09 00:00:00,0.0,0.4230912267964144,0.05,397.0130654267444,0.2,11.804603169756138
2024-01-09 00:15:00,0.0,0.6458814777140983,0.05,415.96626473802274,0.2,12.461358798702252
2024-01-09 00:30:00,0.0,0.5492063242833571,0.05,395.2792485689292,0.2,9.358876230559911
2024-01-09 00:45:00,0.0,0.7495071401786771,0.05,399.5694770862237,0.2,10.389661319052308
2024-01-09 01:00:00,0.0,0.5536829788139769,0.05,391.8653723696964,0.2,10.710665591280307
2024-01-09 01:15:00,0.0,0.5441968289767368,0.05,396.7270832236994,0.2,7.981679059208544
2024-01-09 01:30:00,0.0,0.7380827890873879,0.05,413.41915144191626,0.2,11.803272780291222
2024-01-09 01:45:00,0.0,0.5728291504643205,0.05,436.7182480040166,0.2,10.445211438449101
2024-01-09 02:00:00,0.0,0.6894928501316033,0.05,366.4299762290352,0.2,11.04895301930147
2024-01-09 02:15:00,0.0,0.6087298664528389,0.05,374.6996214337307,0.2,11.38134809720963
2024-01-09 02:30:00,0.0,0.6024478141885943,0.05,397.17047593068804,0.2,14.937077382371733
2024-01-09 02:45:00,0.0,0.5259632242077549,0.05,400.9928752713504,0.2,8.142951102976141
2024-01-09 03:00:00,0.0,0.5916423608080104,0.05,395.6469621842987,0.2,8.555205251385733
2024-01-09 03:15:00,0.0,0.5187199818210914,0.05,388.9344285426386,0.2,13.896548434168688
2024-01-09 03:30:00,0.0,0.4413719410361073,0.05,375.35284991357315,0.2,12.06566083810647
2024-01-09 03:45:00,0.0,0.5006886150722751,0.05,387.78470185735415,0.2,11.169327031654687
2024-01-09 04:00:00,0.0,0.6287830788675057,0.05,416.34473237995775,0.2,10.383572901760829
2024-01-09 04:15:00,0.0,0.542058660602937,0.05,401.8613355256312,0.2,11.221531066140527
2024-01-09 04:30:00,0.0,0.5533807596056945,0.05,413.51123795809804,0.2,11.641505326713672
2024-01-09 04:45:00,0.0,0.4644346302048434,0.05,375.9317186005774,0.2,9.49164544768494
2024-01-09 05:00:00,0.0,0.2579847934023546,0.05,428.88286641425736,0.21429522033348397,14.87532958193817
2024-01-09 05:15:00,0.0,0.31687521456131806,0.05,388.7623069747503,0.2,9.385227198437557
2024-01-09 05:30:00,0.0,0.39720468308962364,0.05,409.50403255894196,0.2165960528067152,12.21426311766031
2024-01-09 05:45:00,0.0,0.2995743912942999,0.05,397.4983893605997,0.2123157773595655,13.58074901393801
2024-01-09 06:00:00,0.0,0.3475642437409228,0.05,389.19971322859874,0.2611232431171237,19.286968775705223
2024-01-09 06:15:00,0.06113878356391026,0.33086391718255115,0.05,395.57574497927783,0.3255910654589496,15.375518760506717
2024-01-09 06:30:00,0.12639513868843189,0.32085388754323313,0.05,385.90495750053344,0.3528775006845025,16.80609067396767
2024-01-09 06:45:00,0.18472424753835465,0.5046989211271856,0.05,414.74222140659555,0.33868744662678196,15.03062632549851
2024-01-09 07:00:00,0.24670550445746905,0.3429383634865429,0.1,361.02158992905174,0.2841416162229573,19.149267574671192
2024-01-09 07:15:00,0.28688767418414307,0.42917912274942116,0.1,348.1974900261842,0.3403562125092547,23.952859236830264
2024-01-09 07:30:00,0.3553355287299645,0.3398578079827847,0.1,346.36094600094486,0.3171539376966095,19.677740237010582
2024-01-09 07:45:00,0.4363924109215519,0.45311692272221105,0.1,322.1793423656758,0.3476684554440398,18.674959608077053
2024-01-09 08:00:00,0.47338487653904754,0.40209796051476265,0.1,299.2257046210698,0.4241209112362377,15.936521025048972
2024-01-09 08:15:00,0.5420614851574014,0.22973436642902284,0.1,295.40045408095216,0.37091046007458695,22.04141576281663
2024-01-09 08:30:00,0.5661615710775783,0.4744106615280738,0.1,295.343854911283,0.4164375320464411,19.33336897627269
2024-01-09 08:45:00,0.5690873783125857,0.22267859627814457,0.1,295.94610042065585,0.40503781150091317,20.439351214237227
2024-01-09 09:00:00,0.6835611600027849,0.27857871034585663,0.1,228.3649496944093,0.5105605747909536,24.45161195184609
2024-01-09 09:15:00,0.6336263692810732,0.28733472180723735,0.1,211.8272252214646,0.4784043882823475,22.267135303992717
2024-01-09 09:30:00,0.7339830919513256,0.2901658079632028,0.1,268.2968409085139,0.4039875819082299,23.638549275236073
2024-01-09 09:45:00,0.7422546682340948,0.31332406703711446,0.1,217.7568670833625,0.6143686565858794,25.922459590406994
2024-01-09 10:00:00,0.8293602611321846,0.15111647736834316,0.2,193.6362593686931,0.6006688560822853,23.587872272033618
2024-01-09 10:15:00,0.827933894761283,0.2918589783747991,0.2,185.5861809993507,0.46590582492404303,22.977787261204178
2024-01-09 10:30:00,0.7786514488775967,0.27333864919860995,0.2,251.26105401046044,0.6193699925458763,27.016221461052456
2024-01-09 10:45:00,0.8100182917285106,0.2106611775798874,0.2,228.1662303915387,0.6739385932058125,28.10215881704275
2024-01-09 11:00:00,0.8894348076502556,0.18784048434678027,0.2,190.9129784494193,0.6028090372051546,25.915938119007805
2024-01-09 11:15:00,0.9150194613045236,0.12303277936678308,0.2,188.76785710800664,0.6330034985608941,26.264136085733433
2024-01-09 11:30:00,0.9092262087616518,0.2497461439376832,0.2,202.80829346836074,0.6220701966477684,25.733342720976225
2024-01-09 11:45:00,0.9017264153519863,0.1343812633564497,0.2,217.6160253086763,0.6754278459590481,29.741678033104474
2024-01-09 12:00:00,0.8327779342955393,0.22378807701996484,0.2,194.11984477735243,0.7114663091725063,32.49805020695106
2024-01-09 12:15:00,0.9493063751711658,0.1902953130704703,0.2,184.7076498642146,0.6095071643498268,30.831817587033385
2024-01-09 12:30:00,0.9453999373901657,0.06829495215031539,0.2,224.41195896263176,0.6418557494122825,29.056421439378244
2024-01-09 12:45:00,0.9191123477360787,0.11049909253205456,0.2,203.32618102503125,0.6891613929959552,30.902212053583128
2024-01-09 13:00:00,0.9349582818183609,0.24729242051953976,0.2,202.98231642903798,0.7052886741494612,27.995642675658377
2024-01-09 13:15:00,0.8434062694291937,0.15818216270403807,0.2,222.45646659588581,0.7146083989297608,30.54466005409296
2024-01-09 13:30:00,0.9045184685973194,0.15938207664898935,0.2,172.49745926502297,0.6878074468585986,27.743914496944047
2024-01-09 13:45:00,0.7420942721497397,0.14423071146902713,0.2,230.1081477171243,0.6552547133696068,29.73421851684844
2024-01-09 14:00:00,0.7928501822916934,0.15379376695666364,0.2,235.01324191497292,0.7492631035251929,32.151386856059716
2024-01-09 14:15:00,0.7368214756164846,0.39797272932512573,0.2,206.12774656514432,0.6382752839568936,31.602665376469403
2024-01-09 14:30:00,0.7824860740594444,0.1293354182412913,0.2,202.50186936209943,0.6728196397422409,31.051399037236816
2024-01-09 14:45:00,0.6637078184174862,0.39692236307072226,0.2,238.34480743298133,0.6951262302550107,30.640406465936767
2024-01-09 15:00:00,0.637972327390023,0.2255055216828626,0.1,262.2381109687957,0.7140346978533192,28.187013674110016
2024-01-09 15:15:00,0.5910868779961336,0.20275538772219853,0.1,273.82825732820305,0.6694855127895333,29.754262641071236
2024-01-09 15:30:00,0.5654759941631341,0.31663007058138276,0.1,312.3286437946942,0.7148176380449923,30.805346431337945
2024-01-09 15:45:00,0.4848430535719399,0.2941900318231243,0.1,292.5543425765036,0.7316012572279508,28.482418517897003
2024-01-09 16:00:00,0.4806781998513667,0.2802500049131335,0.1,272.0234667967687,0.62866630240767,28.25109041530354
2024-01-09 16:15:00,0.39851385681360757,0.3335306250055468,0.1,306.52283307559975,0.669019468885018,27.37424545685463
2024-01-09 16:30:00,0.3750195616951641,0.3271831332206089,0.1,297.49044562720434,0.6503145236054991,27.363635217519196
2024-01-09 16:45:00,0.3112455800307549,0.3141523318053836,0.1,332.1300358667146,0.6085018313364657,25.971751383906362
2024-01-09 17:00:00,0.21721650579338564,0.44180362890456987,0.1,376.4144061291543,0.5168210002763092,27.119211251177763
2024-01-09 17:15:00,0.18575107456360093,0.21628426404565823,0.1,370.16679172436056,0.6155131991907684,25.952906827338147
2024-01-09 17:30:00,0.1257144786360513,0.2824282792395484,0.1,359.4790656197898,0.6058316620878749,23.139122982390276
2024-01-09 17:45:00,0.05932149274797973,0.30809785742378,0.1,398.7661895503992,0.621035137186926,30.757586984610384
2024-01-09 18:00:00,1.0407021101292938e-16,0.29420633379910904,0.2,384.44435672591203,0.5332480191819089,22.925143689714485
2024-01-09 18:15:00,0.0,0.42167328677926913,0.2,344.731116727824,0.4993333429392123,24.153499167888704
2024-01-09 18:30:00,0.0,0.47664719435145947,0.2,375.33032180159745,0.46907678370989614,23.94917012888589
2024-01-09 18:45:00,0.0,0.2427650149511335,0.2,409.16880803706596,0.3465214816664279,22.144659418840924
2024-01-09 19:00:00,0.0,0.40435850171692345,0.2,415.4467208058862,0.4574098609716404,22.4087547934407
2024-01-09 19:15:00,0.0,0.4321215350057207,0.2,434.3529537336161,0.5968519710610382,20.31381364057767
2024-01-09 19:30:00,0.0,0.4479510908572748,0.2,406.82359258006716,0.502704917344882,22.759620553807636
2024-01-09 19:45:00,0.0,0.3599489410571476,0.2,426.9431858681721,0.3700117023870876,20.609554184631243
2024-01-09 20:00:00,0.0,0.468667912717237,0.2,412.6018631626301,0.37426573082876163,21.436786516694692
2024-01-09 20:15:00,0.0,0.4200017574169098,0.2,418.7480542094406,0.3543275973893623,22.285760051084416
2024-01-09 20:30:00,0.0,0.488314575131612,0.2,422.0344097317816,0.43076875456788793,18.132280589855277
2024-01-09 20:45:00,0.0,0.35990641115346034,0.2,409.74034312840564,0.4526996203337222,19.59599467311206
2024-01-09 21:00:00,0.0,0.5086654139004115,0.05,421.4969744336127,0.326844090818741,20.484499843413527
2024-01-09 21:15:00,0.0,0.47846460189954615,0.05,386.02893901234563,0.3167516276431866,16.538669931119447
2024-01-09 21:30:00,0.0,0.5324225632835582,0.05,351.467640795376,0.3112146015184398,17.555364176486446
2024-01-09 21:45:00,0.0,0.5963731934919565,0.05,413.01479408186316,0.2665206362399204,14.646549530308342
2024-01-09 22:00:00,0.0,0.5687315747153656,0.05,407.4955706171735,0.26409921213472126,17.39442407020776
2024-01-09 22:15:00,0.0,0.6587140684840934,0.05,382.49455802849997,0.2357375952817752,13.444701120589388
2024-01-09 22:30:00,0.0,0.5486992651826232,0.05,374.7509519667068,0.24127007017734559,15.318512502334281
2024-01-09 22:45:00,0.0,0.6512745076855304,0.05,402.6134979978524,0.2,15.396777644172582
2024-01-09 23:00:00,0.0,0.70568387589583,0.05,414.3384390477102,0.2,10.570977987713594
2024-01-09 23:15:00,0.0,0.6235330266270415,0.05,410.3982014467317,0.2,11.14818214172703
2024-01-09 23:30:00,0.0,0.596209189221541,0.05,379.6070932850992,0.2,10.652105518967744
2024-01-09 23:45:00,0.0,0.6410079930655996,0.05,384.09232641258586,0.2,13.845169642976272
2024-01-10 00:00:00,0.0,0.6309083617454458,0.05,413.38970710349435,0.2,8.989050689852732
2024-01-10 00:15:00,0.0,0.6996960854570466,0.05,401.453722501274,0.2,11.682651046496048
2024-01-10 00:30:00,0.0,0.6776689182257486,0.05,421.20307829491503,0.2,12.214160105388421
2024-01-10 00:45:00,0.0,0.6767397771231235,0.05,393.5345612056947,0.2,10.869476671379775
2024-01-10 01:00:00,0.0,0.5975877610139947,0.05,414.79049601608585,0.2,12.890207752425459
2024-01-10 01:15:00,0.0,0.6235086891682695,0.05,399.20700347940965,0.2,6.342959438703758
2024-01-10 01:30:00,0.0,0.6170285328278542,0.05,385.5439752580406,0.2,11.301382483407625
2024-01-10 01:45:00,0.0,0.45863660809576723,0.05,418.5632566702023,0.2,9.657904420562387
2024-01-10 02:00:00,0.0,0.680096682599419,0.05,380.1487816921432,0.2,6.989744244313886
2024-01-10 02:15:00,0.0,0.39936486946606214,0.05,401.48303791862224,0.2,7.859215071739586
2024-01-10 02:30:00,0.0,0.6298893338209508,0.05,403.54972830955626,0.2,13.215754267479081
2024-01-10 02:45:00,0.0,0.5770675711815663,0.05,397.5942257699241,0.2,11.456589932938696
2024-01-10 03:00:00,0.0,0.5129925334603891,0.05,419.81599000250725,0.2,11.944557571365584
2024-01-10 03:15:00,0.0,0.570988178902639,0.05,411.45230784113653,0.2,12.44862759160954
2024-01-10 03:30:00,0.0,0.563609218424689,0.05,409.068569784447,0.2,8.047556373780658
2024-01-10 03:45:00,0.0,0.3803340559286129,0.05,401.3692612874346,0.2,11.52272936831251
2024-01-10 04:00:00,0.0,0.6416126282081506,0.05,437.12655426724973,0.2096916310282887,13.536583249897658
2024-01-10 04:15:00,0.0,0.4956715434289669,0.05,429.293345177636,0.2,10.880098782928618
2024-01-10 04:30:00,0.0,0.70800991692711,0.05,418.38858231676903,0.2,14.791359444837967
2024-01-10 04:45:00,0.0,0.543264995924303,0.05,415.1020546158679,0.2,11.256388844678659
2024-01-10 05:00:00,0.0,0.4567035437120426,0.05,387.95483645435905,0.2,13.178454570812065
2024-01-10 05:15:00,0.0,0.37001413580396386,0.05,399.0184159154636,0.22000628490658572,14.201609906393424
2024-01-10 05:30:00,0.0,0.41502128472473754,0.05,412.71641806295236,0.218125423236525,15.42158255777678
2024-01-10 05:45:00,0.0,0.42806369870429517,0.05,421.0316209085299,0.2,13.868824748336797
2024-01-10 06:00:00,0.0,0.5465430154327722,0.05,417.84095606854544,0.2548652875951466,17.024224237432826
2024-01-10 06:15:00,0.06305659257454221,0.5095853575850243,0.05,398.5386200484434,0.2663980616989602,16.433142049341786
2024-01-10 06:30:00,0.12269156906319098,0.4190436098034844,0.05,413.9072802002764,0.2821842763097368,12.895578442189436
2024-01-10 06:45:00,0.15407559805078927,0.5379010525204407,0.05,358.2701727361977,0.40786841968515847,20.458750615026194
2024-01-10 07:00:00,0.23694193478783068,0.14661807801944066,0.1,368.49998706970365,0.38922559915926513,15.496078758117434
2024-01-10 07:15:00,0.2877591877129091,0.3819908455921985,0.1,353.54090787405096,0.4328307412741269,21.887097890444082
2024-01-10 07:30:00,0.36161824457137137,0.4490285053790256,0.1,332.3446330854493,0.378046863917201,18.37936719541506
2024-01-10 07:45:00,0.37563799510130663,0.3662860390977548,0.1,321.1522666189129,0.46964601806579775,18.6581517233366
2024-01-10 08:00:00,0.4906324882384967,0.16671920211765018,0.1,309.2068960965129,0.35719994823627776,20.79847635250298
2024-01-10 08:15:00,0.4829943539833017,0.42783026674785896,0.1,274.7212270127859,0.40165911125165776,19.2568047846787
2024-01-10 08:30:00,0.591948105273621,0.35438257053559935,0.1,286.2649344275924,0.41015059440523755,17.533431376219553
2024-01-10 08:45:00,0.5355697484307191,0.30243203300133226,0.1,283.09644992295824,0.4337321887900397,21.732285826999743
2024-01-10 09:00:00,0.6271312823698262,0.26741444287829774,0.1,265.01737264648324,0.47971078442399945,23.338296071715405
2024-01-10 09:15:00,0.7231559206053251,0.44900224531908006,0.1,212.79038335202875,0.5066301196365107,26.28993456080584
2024-01-10 09:30:00,0.7280557096932859,0.28578108631504817,0.1,209.60595460293564,0.5363545906734463,21.4441136218183
2024-01-10 09:45:00,0.7360418576150123,0.20951411166577463,0.1,217.34143786944418,0.6199193601611348,25.58333340149479
2024-01-10 10:00:00,0.8196654306408514,0.14565706915355628,0.2,224.55637423501145,0.47376843401394797,24.7921997352597
2024-01-10 10:15:00,0.8386772155273629,0.29637836561432385,0.2,205.33451359131212,0.5064087116809327,25.621785808458924
2024-01-10 10:30:00,0.7794843583709524,0.3138474330253028,0.2,228.1423338061267,0.46053265055637504,28.031704064292285
2024-01-10 10:45:00,0.8676510544079202,0.21626552954934788,0.2,234.45395241162453,0.5557049180769156,25.570612473693362
2024-01-10 11:00:00,0.8253868641979486,0.15103698675757868,0.2,233.48822956514545,0.5899236632877785,27.406119762189974
2024-01-10 11:15:00,0.8783580884595587,0.3368486037405589,0.2,210.5791693671032,0.5906308203091624,29.698273651193382
2024-01-10 11:30:00,0.8791050447394905,0.11296948595555469,0.2,223.39424806433524,0.5810585917523722,29.992734175292107
2024-01-10 11:45:00,0.8615710605801783,0.3973727534854773,0.2,189.17717987990463,0.6538945721764666,25.874125754746213
2024-01-10 12:00:00,0.8306089676737444,0.12654661816519686,0.2,196.9669265593159,0.6404733050361321,27.434378032375413
2024-01-10 12:15:00,0.9573693140388162,0.07259841396741254,0.2,177.08845170946603,0.6248250805861528,28.681274691710797
2024-01-10 12:30:00,0.866848112696244,0.08667435798890132,0.2,225.84901470467256,0.6847166475992496,30.866672474160517
2024-01-10 12:45:00,0.796086550432614,0.09287086109003044,0.2,243.1618609594849,0.6554192484750873,28.966895669232336
2024-01-10 13:00:00,0.8432610910512872,0.18315522433850157,0.2,199.84288041148977,0.7476041521857253,29.824734107400438
2024-01-10 13:15:00,0.8548071229651476,0.16379672254089456,0.2,167.21075532977574,0.6860542114167681,32.308471181827336
2024-01-10 13:30:00,0.7787198519572566,0.31768807598081417,0.2,196.11605619561158,0.679935237636849,29.237130238159367
2024-01-10 13:45:00,0.7127364106685435,0.30883293322241046,0.2,207.62200625173918,0.7124347914928717,32.924906747014965
2024-01-10 14:00:00,0.7726855470989697,0.20444381334154324,0.2,200.27086345583845,0.5997096889192964,26.789132667328328
2024-01-10 14:15:00,0.733199524459299,0.5440445181159779,0.2,213.09992452802405,0.7600353242412561,29.19308635647899
2024-01-10 14:30:00,0.702912093690173,0.2176532252632537,0.2,245.4216964535622,0.736678444399574,27.184159609046198
2024-01-10 14:45:00,0.7328541223854617,0.23928040299791803,0.2,262.8264878919599,0.6545821645853244,30.04124993048391
2024-01-10 15:00:00,0.6143569038612113,0.13083684894945197,0.1,217.2908244821136,0.6332449223594332,31.161241506446693
2024-01-10 15:15:00,0.6407309411413006,0.26007680451748916,0.1,257.4876067103572,0.6335792520762434,29.146868083766186
2024-01-10 15:30:00,0.5360275960423303,0.3079877833373658,0.1,279.0012382924276,0.6066665396589074,28.289934507813353
2024-01-10 15:45:00,0.5426273800095169,0.17046386400669844,0.1,267.55060230238627,0.5842250253222543,26.24948832078355
2024-01-10 16:00:00,0.4807681317602555,0.2501308575190304,0.1,304.7236831059578,0.5876872221235305,32.02292386015757
2024-01-10 16:15:00,0.41386049933018143,0.344243334953761,0.1,309.18566760433464,0.5170852782880044,28.269872395437698
2024-01-10 16:30:00,0.3608924214266879,0.27097976561690507,0.1,314.49150109798074,0.61982549527527,27.029247367731188
2024-01-10 16:45:00,0.27808856166943535,0.2622961897022731,0.1,318.4222747042349,0.61872411543792,30.643462901885393
2024-01-10 17:00:00,0.24064349297179471,0.42644949239989016,0.1,353.7043467745037,0.6761858539605233,26.366977101122107
2024-01-10 17:15:00,0.18920983030893912,0.23277055448346787,0.1,345.71218310250185,0.6471579616175107,24.772733496134347
2024-01-10 17:30:00,0.12366216945196161,0.26510252369662407,0.1,339.2344857861628,0.5459287147586841,24.66705317953399
2024-01-10 17:45:00,0.05929697053461891,0.4046573082123994,0.1,387.3613606249901,0.5542882897140118,23.841222419028895
2024-01-10 18:00:00,1.1117619885930776e-16,0.48461592627402833,0.2,375.2195347938027,0.6051546116779438,22.86794366657098
2024-01-10 18:15:00,0.0,0.4436330224686905,0.2,367.07607399242585,0.5102614803625479,23.036013816645998
2024-01-10 18:30:00,0.0,0.4037165129083892,0.2,402.5904415653977,0.5233344203671907,28.656735591075652
2024-01-10 18:45:00,0.0,0.40847920248281644,0.2,396.74181687428035,0.466134631448594,20.91474872241667
2024-01-10 19:00:00,0.0,0.5528079973031578,0.2,382.6732676562428,0.479607616271755,19.603886536398587
2024-01-10 19:15:00,0.0,0.5501880363577006,0.2,404.5788048779255,0.4627115876036828,22.506962155319155
2024-01-10 19:30:00,0.0,0.4815216116573084,0.2,408.478646232271,0.421711771343965,21.153329164071238
2024-01-10 19:45:00,0.0,0.4606958681301484,0.2,404.7965707584715,0.47291642812662416,21.97411320544309
2024-01-10 20:00:00,0.0,0.5035272192645304,0.2,404.07049510429744,0.3567846142485266,18.89183135955211
2024-01-10 20:15:00,0.0,0.4383943017446129,0.2,367.8923394588039,0.386146050750649,17.608941933089795
2024-01-10 20:30:00,0.0,0.506734720662254,0.2,425.86474104699215,0.45001714299879897,22.042177612764775
2024-01-10 20:45:00,0.0,0.48291549582095733,0.2,411.1494105618374,0.35703783426668123,14.825717610727779
2024-01-10 21:00:00,0.0,0.5313368743994635,0.05,380.9841816293445,0.28252822108406667,18.13300734750074
2024-01-10 21:15:00,0.0,0.5049995345297054,0.05,399.7648388321224,0.320943950320397,18.166211203152255
2024-01-10 21:30:00,0.0,0.6110658554520471,0.05,403.56581882251317,0.4067963190494793,17.816569921378743
2024-01-10 21:45:00,0.0,0.6481344624454526,0.05,399.2132008814528,0.26927475445239113,14.970350561535477
2024-01-10 22:00:00,0.0,0.5352334987354188,0.05,435.86121983620967,0.2896810373864023,12.503556220419167
2024-01-10 22:15:00,0.0,0.49818658141986455,0.05,361.094966060775,0.23358805431180227,17.443325728589535
2024-01-10 22:30:00,0.0,0.6559380799206747,0.05,370.47605118588183,0.23114412621554953,13.021297203178703
2024-01-10 22:45:00,0.0,0.6078619071778653,0.05,354.02128321674564,0.2,16.466537811161842
2024-01-10 23:00:00,0.0,0.5565115574061114,0.05,401.5975210854045,0.2,13.665080081276685
2024-01-10 23:15:00,0.0,0.7337122474169668,0.05,410.88029876612825,0.2,11.513753901665071
2024-01-10 23:30:00,0.0,0.5417855462281127,0.05,407.23198068291003,0.2,12.853352691654447
2024-01-10 23:45:00,0.0,0.40027815307970316,0.05,394.21751406430997,0.2,13.986907791090387
2024-01-11 00:00:00,0.0,0.5292040629368003,0.05,408.1308058750396,0.23577732580769512,11.5039224631367
2024-01-11 00:15:00,0.0,0.761409632336852,0.05,394.07100970803884,0.2,9.556107699558215
2024-01-11 00:30:00,0.0,0.5665185991680813,0.05,414.81451365965285,0.2,7.186098686598482
2024-01-11 00:45:00,0.0,0.5446131269370504,0.05,422.1458851477122,0.2,9.682184959254386
2024-01-11 01:00:00,0.0,0.5958454773831701,0.05,381.37623935092915,0.2,11.956022898880299
2024-01-11 01:15:00,0.0,0.6904923346883113,0.05,394.24725077925973,0.2,8.171479495494818
2024-01-11 01:30:00,0.0,0.5764859074305416,0.05,397.4866922945496,0.2,11.447875515454223
2024-01-11 01:45:00,0.0,0.6385093064974017,0.05,428.5086655905926,0.2,10.077808919054435
2024-01-11 02:00:00,0.0,0.5542784576632069,0.05,383.73115887989087,0.2,11.490990675153649
2024-01-11 02:15:00,0.0,0.6262150395751456,0.05,421.953256231932,0.2,5.342946966800219
2024-01-11 02:30:00,0.0,0.5766969474483982,0.05,370.6788065920346,0.2,7.244881120730949
2024-01-11 02:45:00,0.0,0.5105687840068732,0.05,424.87091202195614,0.20252329097722122,9.266950530288508
2024-01-11 03:00:00,0.0,0.5672305538974433,0.05,417.0376681875409,0.2,14.073287889645652
2024-01-11 03:15:00,0.0,0.4776181722485405,0.05,396.886849234202,0.2,9.022162382466018
2024-01-11 03:30:00,0.0,0.38393345061843354,0.05,418.3334742369437,0.2,10.507638061609793
2024-01-11 03:45:00,0.0,0.5091252672187067,0.05,389.9811892560684,0.2,15.332733961665216
2024-01-11 04:00:00,0.0,0.371062564211015,0.05,381.5437410003513,0.2,12.197020167678133
2024-01-11 04:15:00,0.0,0.548200691596689,0.05,434.12924911493616,0.2,13.404564065700423
2024-01-11 04:30:00,0.0,0.47278760930053604,0.05,389.17637690933077,0.2,10.781817162088792
2024-01-11 04:45:00,0.0,0.6066170879030157,0.05,413.54004794627474,0.2,14.839575406479494
2024-01-11 05:00:00,0.0,0.4187400979180795,0.05,422.1768283814341,0.2,15.591722059164642
2024-01-11 05:15:00,0.0,0.43701534471887327,0.05,416.1266403811786,0.22513613043364633,14.409738344444442
2024-01-11 05:30:00,0.0,0.27914263332935907,0.05,411.985433417455,0.2,13.740431826663949
2024-01-11 05:45:00,0.0,0.3026712947289741,0.05,413.6035216012655,0.32483985059114645,15.563152178935143
2024-01-11 06:00:00,0.0,0.23212772376514734,0.05,421.14906278868386,0.2246070209064658,11.748628290802701
2024-01-11 06:15:00,0.061323476453974526,0.4946687552685878,0.05,393.27380885423,0.2012979891278882,17.754380899793098
2024-01-11 06:30:00,0.1203124742425706,0.3279393300565778,0.05,373.10191999809143,0.3412157818745357,14.474922269947946
2024-01-11 06:45:00,0.18868006660196204,0.49368991073611485,0.05,333.60312446271047,0.26635585735206296,16.228408959941248
2024-01-11 07:00:00,0.23934152065086653,0.08017507757211234,0.1,354.5987282269698,0.2616896886665478,20.046919290106544
2024-01-11 07:15:00,0.2769336381591104,0.4905195467937785,0.1,356.2788744785253,0.36084930130726883,20.24422128069206
2024-01-11 07:30:00,0.3112227981623301,0.31666102445649424,0.1,301.44886953371224,0.42746686033151926,15.452482642106988
2024-01-11 07:45:00,0.38941574518404604,0.34552700085273286,0.1,306.96112751336597,0.4172464492338607,17.4513116630711
2024-01-11 08:00:00,0.49118985165729667,0.19370572698168315,0.1,308.5074621359798,0.3714126555290959,21.280226701583626
2024-01-11 08:15:00,0.5389554836733035,0.3416149452798123,0.1,319.13326934350494,0.42604888483751224,17.175216360809202
2024-01-11 08:30:00,0.5980328513293591,0.24085629959273483,0.1,255.07633104732923,0.4247892756811256,24.14395438665554
2024-01-11 08:45:00,0.6315554150418882,0.14873541477546293,0.1,283.999886756675,0.541569842185045,22.18675337376792
2024-01-11 09:00:00,0.6686353258440189,0.13781200847249703,0.1,251.42290559307423,0.4557804022213667,25.414025598608912
2024-01-11 09:15:00,0.7245991714012389,0.12709699484597456,0.1,236.15938697559423,0.5013817424721884,21.724620935535416
2024-01-11 09:30:00,0.7028181168244355,0.27935329152143595,0.1,222.96916663945896,0.52326744279666,22.514491028465827
2024-01-11 09:45:00,0.802657008359694,0.17014291595333123,0.1,220.59522682327213,0.47467575421406083,26.491192897633756
2024-01-11 10:00:00,0.7765889979949948,0.06278554367212855,0.2,236.77704808271073,0.5403541413734972,24.407254648604788
2024-01-11 10:15:00,0.7827812445341998,0.2575554030972332,0.2,216.07002616858307,0.5578409839625835,23.073859360561716
2024-01-11 10:30:00,0.8621207733650698,0.0,0.2,229.50884285237683,0.6514703098435594,27.21055824583072
2024-01-11 10:45:00,0.8058519653742684,0.3435211838003885,0.2,188.17699721401613,0.6075607470179702,23.408712593277478
2024-01-11 11:00:00,0.859507272022368,0.4054558923695116,0.2,220.75477680064932,0.5932159119564095,29.955336337283065
2024-01-11 11:15:00,0.9288219200948503,0.07260057636668008,0.2,212.51881201973407,0.6182960140768865,27.886814960092057
2024-01-11 11:30:00,0.914688150109844,0.3069560908866423,0.2,171.5550988334541,0.6346580353922993,26.154220435820072
2024-01-11 11:45:00,0.9411412117580444,0.23533801559282974,0.2,230.55288006021703,0.6474951964452648,30.60507223698858
2024-01-11 12:00:00,0.875338031371622,0.149996132345072,0.2,206.79809859331442,0.7061791095949119,30.985824821482126
2024-01-11 12:15:00,0.8859989646767521,0.15509097328929553,0.2,215.7368299369812,0.7179971289425462,28.976192233909625
2024-01-11 12:30:00,0.8975322491355516,0.2671588590162487,0.2,224.83374269815073,0.6276287218067136,33.78961277249864
2024-01-11 12:45:00,0.9560714640658313,0.19984786415900804,0.2,223.21044724642348,0.7374770225752362,33.9739908869139
2024-01-11 13:00:00,0.9165476225420383,0.0,0.2,204.2927864110232,0.727345120944227,30.30595557549738
2024-01-11 13:15:00,0.9049524629201486,0.4179154144013312,0.2,225.1171767690469,0.69159932990922,31.938665007620486
2024-01-11 13:30:00,0.9128076756376564,0.25854151209622306,0.2,179.02323104718226,0.6237352493933384,32.53205906263843
2024-01-11 13:45:00,0.8690802288036897,0.21542437361175784,0.2,228.50077653954315,0.7099898010879223,27.70874232803856
2024-01-11 14:00:00,0.8387058661775222,0.15495259527462785,0.2,261.4446193970248,0.6823028758736513,30.573432529112036
2024-01-11 14:15:00,0.7746303963937378,0.2148100271728478,0.2,219.7985282298157,0.7271017922263653,28.614917477273124
2024-01-11 14:30:00,0.6972739974887583,0.3682480578268721,0.2,259.63840236330026,0.7297636282873313,28.268645499689445
2024-01-11 14:45:00,0.71001965592994,0.27579388195882465,0.2,285.091715546145,0.76018936552393,30.051066433171233
2024-01-11 15:00:00,0.6571216788533363,0.29611610620749096,0.1,272.362781155672,0.636718363024679,30.052740783795887
2024-01-11 15:15:00,0.6127260053512017,0.14321377501529714,0.1,288.638971482826,0.7909974009474593,26.24528208776786
2024-01-11 15:30:00,0.5620652665118917,0.2432846865755836,0.1,246.85826513721946,0.7219282260984158,29.9262258736203
2024-01-11 15:45:00,0.5093495803697222,0.2939911040704144,0.1,270.1874717673026,0.7047743647547515,28.466831826644178
2024-01-11 16:00:00,0.4260644212363081,0.36965663434575413,0.1,328.5947053238014,0.7556280617552605,31.45609186702792
2024-01-11 16:15:00,0.4124851075021079,0.2699606409683343,0.1,330.7492650033391,0.6653327652894984,30.640117310237382
2024-01-11 16:30:00,0.325522678589599,0.4162501900745035,0.1,333.383734797407,0.6896883609713074,26.22151643101997
2024-01-11 16:45:00,0.2953241058501194,0.22127678610482343,0.1,330.4198748946741,0.6340405122354068,30.143854817066867
2024-01-11 17:00:00,0.23981163433141756,0.35518982328819204,0.1,353.92861193023725,0.6541729796397499,28.142978496752427
2024-01-11 17:15:00,0.15371518605228937,0.3512204477069289,0.1,395.7448707632971,0.6558840915533614,26.15689617870429
2024-01-11 17:30:00,0.1132764470139664,0.22234211541743076,0.1,371.856714120481,0.6355748319084863,25.06325631907455
2024-01-11 17:45:00,0.06456272427948787,0.38214855848638185,0.1,400.9043959305466,0.49107180537746875,23.260409532465154
2024-01-11 18:00:00,1.10036152307469e-16,0.34173954794338623,0.2,413.45959920939384,0.5293091181972902,22.564004318887296
2024-01-11 18:15:00,0.0,0.5544580985953212,0.2,386.6829815463269,0.5912767155865846,20.76862902304175
2024-01-11 18:30:00,0.0,0.38507963485190155,0.2,388.2263071299153,0.5397118410415334,23.868597782693833
2024-01-11 18:45:00,0.0,0.47410511786249715,0.2,430.5402652245198,0.4939603875805744,19.094284752418556
2024-01-11 19:00:00,0.0,0.32865961073897,0.2,411.4025989103569,0.5030282184582925,20.855158629007434
2024-01-11 19:15:00,0.0,0.4879447824019547,0.2,386.3931476180025,0.4033423580971241,23.26460226882059
2024-01-11 19:30:00,0.0,0.4350320556120629,0.2,393.77441432240926,0.47848178361405547,24.29179156597555
2024-01-11 19:45:00,0.0,0.41083008964700257,0.2,380.28824358656885,0.4381938914665937,18.357201943028375
2024-01-11 20:00:00,0.0,0.7833892231937443,0.2,421.3300331836208,0.40426249881464243,21.219215454302773
2024-01-11 20:15:00,0.0,0.4757691437289334,0.2,394.9646634585926,0.3714334691249441,18.726598875146003
2024-01-11 20:30:00,0.0,0.5005573928693501,0.2,395.23108665700875,0.3723950449955836,17.662325815086554
2024-01-11 20:45:00,0.0,0.6220685082950276,0.2,416.8183727306087,0.32775924638144655,18.358430919987622
2024-01-11 21:00:00,0.0,0.464578688084709,0.05,366.4114676123057,0.3061601744251909,16.102116843065243
2024-01-11 21:15:00,0.0,0.5906951892368825,0.05,399.2619431854247,0.39301148512325496,16.617254649355317
2024-01-11 21:30:00,0.0,0.6097027093026651,0.05,399.7819760580124,0.20586858810759096,16.315037752504676
2024-01-11 21:45:00,0.0,0.5907639651066797,0.05,394.2878296522191,0.2,17.898275451619327
2024-01-11 22:00:00,0.0,0.8028390123498236,0.05,389.009244028441,0.2890759076356853,17.75499180893766
2024-01-11 22:15:00,0.0,0.4989476433536708,0.05,385.7988188675898,0.2,13.24720536602068
2024-01-11 22:30:00,0.0,0.7385359666596553,0.05,405.64900978530477,0.2,13.372505254670731
2024-01-11 22:45:00,0.0,0.6366000661415777,0.05,379.7982708228092,0.25290960486847475,15.014963912338601
2024-01-11 23:00:00,0.0,0.6841301265768072,0.05,403.22369844503714,0.2508714354525447,12.56700514031272
2024-01-11 23:15:00,0.0,0.6302804932489888,0.05,388.94190123258403,0.2,13.910261730181505
2024-01-11 23:30:00,0.0,0.7861167074491807,0.05,390.27188960349173,0.2,13.870866008695797
2024-01-11 23:45:00,0.0,0.5675639923205079,0.05,403.93982312233584,0.2,13.72367358469784
2024-01-12 00:00:00,0.0,0.649722023844337,0.05,390.04818510711607,0.2,11.51529946519801
2024-01-12 00:15:00,0.0,0.7301190787047884,0.05,425.3408932505854,0.2266338198588763,8.704314727018918
2024-01-12 00:30:00,0.0,0.5424047025676363,0.05,397.19867947444715,0.2,10.425372555551595
2024-01-12 00:45:00,0.0,0.6962007238103154,0.05,420.9329672168356,0.2,9.516130375716266
2024-01-12 01:00:00,0.0,0.5913213396983799,0.05,384.76144311891437,0.2,11.895019633083194
2024-01-12 01:15:00,0.0,0.46589766316558334,0.05,384.31797252996785,0.2,13.243088039354186
2024-01-12 01:30:00,0.0,0.43961694864726875,0.05,366.7388897023896,0.2,13.192818843526025
2024-01-12 01:45:00,0.0,0.5702925649689992,0.05,390.15684850415926,0.2,11.79246117621591
2024-01-12 02:00:00,0.0,0.6722935929173226,0.05,395.34788194021485,0.2,8.1304365866256
2024-01-12 02:15:00,0.0,0.3583969659637573,0.05,401.54056041691746,0.2,12.827720465682901
2024-01-12 02:30:00,0.0,0.5787156719711317,0.05,413.94701489276133,0.2,10.938597182906758
2024-01-12 02:45:00,0.0,0.6396056749842862,0.05,412.49590778939006,0.21468522628092457,8.542591143219706
2024-01-12 03:00:00,0.0,0.4136263677051898,0.05,422.7128253534961,0.2,12.06459684430279
2024-01-12 03:15:00,0.0,0.4684725004570136,0.05,382.25397265927603,0.2,10.08860133971259
2024-01-12 03:30:00,0.0,0.5789889799595092,0.05,400.6164840885513,0.2,6.862135972612422
2024-01-12 03:45:00,0.0,0.5959678413381193,0.05,379.9966489710251,0.2,9.07069748319738
2024-01-12 04:00:00,0.0,0.6604098222199035,0.05,408.28468838603055,0.22594678863129464,11.20909891759679
2024-01-12 04:15:00,0.0,0.4298236579137943,0.05,436.0851027415579,0.2,11.47578477906265
2024-01-12 04:30:00,0.0,0.3949790010292001,0.05,376.07143589797585,0.2,9.936559462023624
2024-01-12 04:45:00,0.0,0.6295564395288268,0.05,413.75095429242447,0.24326286164694677,13.983747364293139
2024-01-12 05:00:00,0.0,0.3762696224025289,0.05,420.9728141824129,0.20302048682504328,13.96846531211298
2024-01-12 05:15:00,0.0,0.48974661516328954,0.05,382.1454405792544,0.22920828267418974,10.53501660921136
2024-01-12 05:30:00,0.0,0.6444167240872227,0.05,408.7265638980644,0.21373743363716957,19.179165641369416
2024-01-12 05:45:00,0.0,0.48835149520664717,0.05,392.8013365703827,0.2796838040386762,12.015121703027177
2024-01-12 06:00:00,0.0,0.47832702169367297,0.05,397.5766821439399,0.20674615386829417,14.084507606022054
2024-01-12 06:15:00,0.056837392743959714,0.5147259846305141,0.05,379.0583362363964,0.24439969716439439,16.327921293762223
2024-01-12 06:30:00,0.12496932934604593,0.4263815193445205,0.05,369.3972539969384,0.2,15.26406197352174
2024-01-12 06:45:00,0.1848404764969946,0.43978897575707043,0.05,384.0925311239235,0.2721895763878986,19.69415820983932
2024-01-12 07:00:00,0.25032497490707256,0.3139772295657662,0.1,346.6533681945792,0.36893326761940815,17.06123096671949
2024-01-12 07:15:00,0.30688340742491144,0.45170835362350875,0.1,323.67872339721885,0.34379372020690113,16.205659907740277
2024-01-12 07:30:00,0.35974869853874186,0.3648114751149383,0.1,324.84326475023175,0.31464622277882115,19.923778169149976
2024-01-12 07:45:00,0.39933310023384927,0.1637353528969457,0.1,269.0995937027103,0.4518522966847848,13.547148306378794
2024-01-12 08:00:00,0.47715607383179787,0.32429439123508164,0.1,283.6620782364372,0.40692552915088676,21.0676380225256
2024-01-12 08:15:00,0.5103179490102352,0.07192114517762402,0.1,313.8577761210666,0.5043084699797807,23.233880994168697
2024-01-12 08:30:00,0.5201685057866864,0.3496390107641421,0.1,275.34080790850106,0.48199224713194616,16.691917494726976
2024-01-12 08:45:00,0.5881969622740305,0.24477568262234806,0.1,258.5701567273513,0.46793720102597935,21.142897898974777
2024-01-12 09:00:00,0.6653846182133909,0.44913391047706375,0.1,262.038039921807,0.5693959612938156,19.295834363590878
2024-01-12 09:15:00,0.7483366479772503,0.2985951649732198,0.1,264.36443716221595,0.4776987614655859,23.24065188938702
2024-01-12 09:30:00,0.7267163819074017,0.33374749104414647,0.1,267.90416054373793,0.4600605104256723,28.313875069643935
2024-01-12 09:45:00,0.7850581118686565,0.12878375253478913,0.1,224.68555516718283,0.6126541506064007,24.881432810443517
2024-01-12 10:00:00,0.8356513713626208,0.295252391746697,0.2,218.23453412893824,0.5802265153089965,24.562806907364926
2024-01-12 10:15:00,0.8197251647398414,0.15655964943318607,0.2,216.16200687400496,0.6363611874630442,19.90695575253674
2024-01-12 10:30:00,0.7984726782876016,0.32427586097200956,0.2,235.8073100471352,0.6266966502902376,23.8753694229002
2024-01-12 10:45:00,0.8981306142393379,0.09877875150093071,0.2,211.75480779455808,0.6799775580788667,26.327420319451974
2024-01-12 11:00:00,0.8442704844556298,0.21779557002787966,0.2,250.13242957001017,0.5865559759371739,27.25738433655999
2024-01-12 11:15:00,0.9120914458560825,0.08805470072769504,0.2,200.6227805954599,0.6161202090510844,28.20462863420196
2024-01-12 11:30:00,0.8894006632426318,0.2142920230737673,0.2,236.98073987359282,0.628047492584351,29.469722795278596
2024-01-12 11:45:00,0.8541953871344496,0.4026769059523374,0.2,182.5676053141089,0.6401566588843313,26.503359451707414
2024-01-12 12:00:00,0.9952198625650626,0.2721268080256527,0.2,172.20305867885494,0.5814552924950314,28.74043376206483
2024-01-12 12:15:00,0.8923508716234195,0.19716536516134364,0.2,198.39963748867618,0.6772336885705136,27.976112460902232
2024-01-12 12:30:00,0.7958153679956623,0.0,0.2,224.49876633556119,0.7167176319470135,27.362108045247837
2024-01-12 12:45:00,0.8225052601863211,0.15027423210499724,0.2,194.30335613289915,0.6500531352343608,27.72558285425491
2024-01-12 13:00:00,0.9303539988332651,0.2542801993179209,0.2,194.48409619962123,0.6440943130144086,30.74099515331451
2024-01-12 13:15:00,0.8570768524433822,0.15952820654074049,0.2,231.11426802327796,0.6874381862180854,24.679398957702656
2024-01-12 13:30:00,0.7247931257010154,0.35793911829408664,0.2,229.32608823583737,0.7366607020408713,26.20430844829199
2024-01-12 13:45:00,0.840467295354786,0.2277792679385227,0.2,204.77714865946473,0.6455731557254603,36.3129695204127
2024-01-12 14:00:00,0.7413589516197787,0.3346544308542996,0.2,209.77719324255645,0.8167638893288377,28.67098772646094
2024-01-12 14:15:00,0.7563969990346412,0.25419616333720335,0.2,250.2919197663286,0.6344003798837963,32.916317913578446
2024-01-12 14:30:00,0.7409956778530092,0.21373111763107802,0.2,208.69192027909332,0.6688980857759522,29.78513052561974
2024-01-12 14:45:00,0.6440843814053078,0.20249938814716523,0.2,271.2225088252079,0.7509395989244184,28.684706491946397
2024-01-12 15:00:00,0.605891526952352,0.15736323993046258,0.1,272.4152195889252,0.7381543405169185,30.973654828570126
2024-01-12 15:15:00,0.633594882999787,0.3777921553261914,0.1,222.5125948158294,0.7280784146135281,29.630487066912323
2024-01-12 15:30:00,0.5118954220650469,0.23544652099283558,0.1,278.5590796945079,0.64289208178141,28.88064734045836
2024-01-12 15:45:00,0.5546755286409519,0.34111563755773877,0.1,249.3085901932776,0.6442788017638675,28.880740066721817
2024-01-12 16:00:00,0.46786574335895953,0.2474255016731953,0.1,275.8982166727249,0.6169866424872632,29.44832104777933
2024-01-12 16:15:00,0.40370501668038045,0.20323937149696789,0.1,301.4828417380671,0.6334312327090312,26.93828120336293
2024-01-12 16:30:00,0.35850011155873696,0.37897739458953905,0.1,298.10754224174894,0.6571433178347816,26.969812372938062
2024-01-12 16:45:00,0.2944548289254557,0.26104171731127807,0.1,380.0753250482521,0.5824882987240484,25.56332668779481
2024-01-12 17:00:00,0.24456990894130856,0.3081874664927821,0.1,365.51735205177937,0.5247226419939311,24.656156448991865
2024-01-12 17:15:00,0.17968463580499433,0.23611308705391537,0.1,388.33071646003555,0.6562647247474022,30.29362484075516
2024-01-12 17:30:00,0.11407729080513787,0.32458243639804285,0.1,371.08903138902593,0.5736201190105465,24.275109607120598
2024-01-12 17:45:00,0.059957485986553545,0.38933009098276095,0.1,387.52872229005146,0.6040754172680414,27.55289254907671
2024-01-12 18:00:00,9.955301224529322e-17,0.37125090198754696,0.2,431.6145408479703,0.534542825792553,24.288341842213903
2024-01-12 18:15:00,0.0,0.49490328749199003,0.2,408.67464788056037,0.5598263995932062,25.503839294228285
2024-01-12 18:30:00,0.0,0.4406573127505615,0.2,412.24483602895555,0.6311144826527079,23.82300041539096
2024-01-12 18:45:00,0.0,0.74774944551446,0.2,381.776408297128,0.439267516254231,19.631836039178708
2024-01-12 19:00:00,0.0,0.49418886778738935,0.2,381.6837639164895,0.4387495619891096,22.646085492983765
2024-01-12 19:15:00,0.0,0.2907391395438678,0.2,405.22079965173816,0.41349017477390293,23.162353141844726
2024-01-12 19:30:00,0.0,0.4552484448819534,0.2,407.4593867441915,0.544366821421854,19.395298189312754
2024-01-12 19:45:00,0.0,0.4758329232688414,0.2,380.0581775146931,0.4187171431012567,25.29746079692631
2024-01-12 20:00:00,0.0,0.43863687616197156,0.2,407.1691393245571,0.44437387803048806,21.624381495337726
2024-01-12 20:15:00,0.0,0.5183751300275422,0.2,375.56660795513574,0.2481877893327824,20.98790759551809
2024-01-12 20:30:00,0.0,0.45741257958170645,0.2,400.27660399447393,0.3795650826939405,20.549081472201998
2024-01-12 20:45:00,0.0,0.5651511429143334,0.2,371.2502540898566,0.32343239593624656,13.381019145260785
2024-01-12 21:00:00,0.0,0.3505525849602271,0.05,426.559811763679,0.3917847758138906,18.821538102603597
2024-01-12 21:15:00,0.0,0.664783808674987,0.05,393.7755576273044,0.3365062033002569,21.337763382623717
2024-01-12 21:30:00,0.0,0.400841630443206,0.05,386.12862980963945,0.26420940346480304,17.691993224792736
2024-01-12 21:45:00,0.0,0.5399383672588555,0.05,377.08523433895897,0.346304355175944,15.05152214391578
2024-01-12 22:00:00,0.0,0.4999344018471703,0.05,375.1602928010368,0.3335814228956553,12.769362538508103
2024-01-12 22:15:00,0.0,0.609966555411279,0.05,408.7282047737475,0.30861337256122345,12.020589172366977
2024-01-12 22:30:00,0.0,0.5664517954287245,0.05,420.0760377927107,0.2554962179747742,11.248515875062052
2024-01-12 22:45:00,0.0,0.614551092466985,0.05,418.0746556859682,0.2,12.605679445698515
2024-01-12 23:00:00,0.0,0.7043044064032413,0.05,427.93183125044493,0.2,10.79266372412614
2024-01-12 23:15:00,0.0,0.6730185998473422,0.05,434.9636091613852,0.2,12.17765425750165
2024-01-12 23:30:00,0.0,0.601919706448918,0.05,419.1585373067248,0.2,12.474343975940762
2024-01-12 23:45:00,0.0,0.6455225613115869,0.05,389.94214282473337,0.2,8.245618269279147
2024-01-13 00:00:00,0.0,0.7960007518815594,0.05,403.38962094841224,0.2,9.80956638536969
2024-01-13 00:15:00,0.0,0.6799956141159882,0.05,354.86069231046605,0.23811561560879183,9.873173131710843
2024-01-13 00:30:00,0.0,0.5689351788460404,0.05,412.7516027556362,0.2,9.54668020414026
2024-01-13 00:45:00,0.0,0.7239434898196592,0.05,402.98531020786595,0.2,10.5665288607032
2024-01-13 01:00:00,0.0,0.6323161973397581,0.05,431.90456091806897,0.2,10.590306263894606
2024-01-13 01:15:00,0.0,0.49310854077231464,0.05,385.13281476748773,0.2,9.34356463670278
2024-01-13 01:30:00,0.0,0.5667036774840795,0.05,410.3103126803019,0.2,8.740632323893472
2024-01-13 01:45:00,0.0,0.4321488119582404,0.05,379.93311872507826,0.2,9.980183715766165
2024-01-13 02:00:00,0.0,0.34470307036368164,0.05,397.7993315148058,0.2,12.884593296339947
2024-01-13 02:15:00,0.0,0.4713898933389524,0.05,367.2946822802026,0.2,7.110498893911259
2024-01-13 02:30:00,0.0,0.5709287749262943,0.05,427.12092693262883,0.2,12.348923046763343
2024-01-13 02:45:00,0.0,0.5629188489440142,0.05,421.0529877729552,0.2,6.9248186065270385
2024-01-13 03:00:00,0.0,0.4002637877248033,0.05,390.5463122312602,0.2,11.064409557464861
2024-01-13 03:15:00,0.0,0.2939929702941437,0.05,405.23670641143076,0.2,12.629924294989298
2024-01-13 03:30:00,0.0,0.6688285332338159,0.05,400.76971056681856,0.2,8.11419596961863
2024-01-13 03:45:00,0.0,0.520643358519944,0.05,387.7521243055737,0.2,11.732793300893395
2024-01-13 04:00:00,0.0,0.6555711977916249,0.05,402.46387322729595,0.2,9.247246902393579
2024-01-13 04:15:00,0.0,0.6383168477273706,0.05,391.1445688662761,0.20661688746849363,14.025935328177582
2024-01-13 04:30:00,0.0,0.5500076532303175,0.05,419.6067734043553,0.2,8.86630365505836
2024-01-13 04:45:00,0.0,0.4702022512298116,0.05,395.78383350987576,0.2,10.696655754882563
2024-01-13 05:00:00,0.0,0.41199872760096024,0.05,447.81070954291715,0.2,13.191691857971254
2024-01-13 05:15:00,0.0,0.5108777167282293,0.05,398.4430443691135,0.2,14.82948942376527
2024-01-13 05:30:00,0.0,0.4101194518604366,0.05,402.2554149017014,0.2,14.097819514790531
2024-01-13 05:45:00,0.0,0.35411869958998,0.05,410.56317043423365,0.2,15.434578966739279
2024-01-13 06:00:00,0.0,0.19020953157111356,0.05,416.74102008471044,0.2167115772096056,13.901566718444087
2024-01-13 06:15:00,0.05848269528820339,0.3786088433123108,0.05,388.478863390346,0.29030750511999065,13.39489996561628
2024-01-13 06:30:00,0.11472234476744594,0.4835618503056027,0.05,384.02235152988294,0.23162803278257,19.10239104364194
2024-01-13 06:45:00,0.18254020361966247,0.4869135935862795,0.05,364.6380148801769,0.3044523239112085,17.78313505394814
2024-01-13 07:00:00,0.23235399297326123,0.35356406203598284,0.1,332.6645380645727,0.3642463416885386,16.436339557828997
2024-01-13 07:15:00,0.2816747270482879,0.24684107187869506,0.1,314.749100943765,0.2999800649882861,14.741592109673086
2024-01-13 07:30:00,0.31696490561990537,0.41373769907886215,0.1,337.4482659700233,0.33624815654494866,21.141084313236977
2024-01-13 07:45:00,0.40341431754022955,0.31000571719152564,0.1,341.88688245640463,0.3143761329355675,21.874677438704836
2024-01-13 08:00:00,0.4941079755302773,0.2634324665273392,0.1,267.3809357341539,0.3523740469361879,19.56507109392727
2024-01-13 08:15:00,0.5183596244346822,0.143294461449499,0.1,260.19470582672164,0.4881177747624563,19.33280570956655
2024-01-13 08:30:00,0.546684777656493,0.4886238618928353,0.1,249.363287793121,0.4644074559114968,20.786669184748522
2024-01-13 08:45:00,0.6230129884746103,0.34197068188603996,0.1,283.63372799221486,0.5660048510662388,21.529328171004142
2024-01-13 09:00:00,0.6246794263717217,0.34320349461994054,0.1,275.75070289518044,0.4407956292906187,24.127264280014604
2024-01-13 09:15:00,0.7327519476424631,0.16335111214339398,0.1,230.10525211910914,0.571852996022194,20.938675382830365
2024-01-13 09:30:00,0.6402190210878148,0.2493042986906028,0.1,285.44505899530094,0.4783638801844358,22.659625197443866
2024-01-13 09:45:00,0.7866438232084604,0.2255566909435418,0.1,226.00674696332197,0.5076279304056589,24.055550093879575
2024-01-13 10:00:00,0.8402926294110586,0.3050043803450684,0.2,255.50781364509663,0.6861155466290814,25.516781222000933
2024-01-13 10:15:00,0.861352605024748,0.356597297307943,0.2,236.7962668599062,0.5249182586472466,27.288460577146733
2024-01-13 10:30:00,0.7890326137832475,0.0718025337620457,0.2,196.06207722449875,0.6619618477629158,26.709575426074007
2024-01-13 10:45:00,0.9065491216043479,0.10314621430266825,0.2,202.2533202072761,0.5962041897032007,30.097667043371445
2024-01-13 11:00:00,0.8731034698254534,0.27138861977997686,0.2,189.36649168979875,0.5582850717227075,25.087974640246937
2024-01-13 11:15:00,0.8091018743226873,0.1530400079751092,0.2,176.95655796722212,0.5540169736631014,30.441669451217926
2024-01-13 11:30:00,0.9534421858622072,0.2831984395127149,0.2,196.64660219290607,0.6432651850655667,26.025783658447857
2024-01-13 11:45:00,0.8448380597616322,0.1631222809140783,0.2,176.45621231302047,0.5932653664215912,27.52408929190681
2024-01-13 12:00:00,0.8773736943690633,0.07512253693250036,0.2,196.50105278008218,0.645030381072381,29.434700173680806
2024-01-13 12:15:00,0.9856962132581641,0.02449326647391642,0.2,239.08734916733252,0.5738355964813742,31.32446758101102
2024-01-13 12:30:00,0.8610497444156996,0.2501238197291609,0.2,215.64479088431574,0.6948844728389292,28.451486368289544
2024-01-13 12:45:00,0.8502839063008386,0.2547079982740958,0.2,192.70034614738574,0.6069567846727453,30.25433113111111
2024-01-13 13:00:00,0.9555140551658738,0.3038364089693081,0.2,194.04036833165804,0.6867734695177315,29.028010696877363
2024-01-13 13:15:00,0.8730783407896335,0.24340133473202472,0.2,202.59156797756066,0.6250459075765145,25.216722715728935
2024-01-13 13:30:00,0.8439189502732458,0.0,0.2,256.646745372958,0.7587274108233533,29.837576979044652
2024-01-13 13:45:00,0.8406203353281168,0.27096886247815344,0.2,198.85836267200224,0.5938622851581077,27.4955304836484
2024-01-13 14:00:00,0.8179342510877765,0.08104917279225618,0.2,226.75953878592742,0.685852751231782,32.54297812976826
2024-01-13 14:15:00,0.8135404289545022,0.046934277723522766,0.2,243.01333601412753,0.7273280886818517,32.53540182023407
2024-01-13 14:30:00,0.7105928068517496,0.042513870049603386,0.2,265.6391063742486,0.7153777391706972,28.242453236854978
2024-01-13 14:45:00,0.7497955002057671,0.04161324124001731,0.2,242.9786225339485,0.631894058113805,27.828462324997002
2024-01-13 15:00:00,0.6496704873756473,0.28647645395425536,0.1,239.32512988090076,0.6027904812626865,28.401297444481052
2024-01-13 15:15:00,0.6185646148982358,0.19501241288858218,0.1,273.9208514293288,0.723148613907649,30.534090739671548
2024-01-13 15:30:00,0.565772652904871,0.12633718507399944,0.1,304.5409888177634,0.6709802524524817,30.311517730383578
2024-01-13 15:45:00,0.493855503321952,0.2911942089663201,0.1,283.428287340887,0.6154759184923954,35.78482882701887
2024-01-13 16:00:00,0.46888392233193815,0.18940667754200435,0.1,283.21164378680567,0.7006974835621177,28.04289489404335
2024-01-13 16:15:00,0.39823663650898017,0.4096493543440711,0.1,313.7463995408822,0.6213057754024384,28.49743545181888
2024-01-13 16:30:00,0.35472192784687817,0.468485250910353,0.1,290.99157181428524,0.6051369191939477,31.796999412251875
2024-01-13 16:45:00,0.30379930999706334,0.31395188336143637,0.1,331.33892979433233,0.582218011176029,28.09108045021641
2024-01-13 17:00:00,0.2382081155585001,0.4859636296303427,0.1,371.79670464334157,0.5741591683567812,24.89491646643674
2024-01-13 17:15:00,0.17335937076342053,0.49854101166201503,0.1,378.4788721391675,0.5580287743000135,27.277390110847247
2024-01-13 17:30:00,0.1172382434209492,0.38235553592728416,0.1,371.01747607816117,0.5990437874836829,27.497244915870876
2024-01-13 17:45:00,0.06508706210351893,0.5602647208144517,0.1,420.1059620162627,0.6442028818186535,24.872311905812115
2024-01-13 18:00:00,1.0886962418159641e-16,0.3378337994952483,0.2,438.19749735817993,0.4801635276618403,26.590559314631417
2024-01-13 18:15:00,0.0,0.21755510993687127,0.2,413.28172457540444,0.5156362738759879,25.835467014390456
2024-01-13 18:30:00,0.0,0.2706674305316502,0.2,370.64457318689483,0.5066023680717235,22.909944186008058
2024-01-13 18:45:00,0.0,0.3722495989339034,0.2,362.40176589256,0.5196599759742032,26.31780063902716
2024-01-13 19:00:00,0.0,0.5051940139935207,0.2,427.6698032887505,0.5270618693110745,21.021031840301973
2024-01-13 19:15:00,0.0,0.3488056062880041,0.2,404.89455836320036,0.45055899163960617,22.825526776810726
2024-01-13 19:30:00,0.0,0.4089566011301683,0.2,432.71108356697795,0.4073034976690812,20.101034089743308
2024-01-13 19:45:00,0.0,0.36351008918961014,0.2,373.22634516908994,0.4485244686594434,17.268215867411957
2024-01-13 20:00:00,0.0,0.4347098014821551,0.2,396.77629523561365,0.31799511890458493,20.716743956161725
2024-01-13 20:15:00,0.0,0.6453849904983298,0.2,420.5838118040716,0.2731792980988921,23.204624680343166
2024-01-13 20:30:00,0.0,0.5575098748846742,0.2,385.4042502502295,0.4903608660937561,18.587055931675586
2024-01-13 20:45:00,0.0,0.47417023636079725,0.2,420.2957011931504,0.30107899506441166,15.062246660077456
2024-01-13 21:00:00,0.0,0.6634684685559817,0.05,397.54440945441326,0.3016680203397626,17.85592566602836
2024-01-13 21:15:00,0.0,0.5529344852955533,0.05,400.5612161276782,0.3307589527866378,15.148239596645658
2024-01-13 21:30:00,0.0,0.5720362181638717,0.05,376.32734206771005,0.30254468324675365,18.280749991022834
2024-01-13 21:45:00,0.0,0.6805714491272643,0.05,405.0277207771503,0.311575308221309,15.119844264884208
2024-01-13 22:00:00,0.0,0.5389429677721164,0.05,443.85579364528746,0.29688148735902414,11.454875315893231
2024-01-13 22:15:00,0.0,0.6709985946035308,0.05,407.7604361059726,0.2,15.46134563966249
2024-01-13 22:30:00,0.0,0.669268770678816,0.05,384.1655145222181,0.28083560519064016,14.330140994813476
2024-01-13 22:45:00,0.0,0.574831528535044,0.05,427.91083160156103,0.22773174901792786,12.806785193766062
2024-01-13 23:00:00,0.0,0.453565833653225,0.05,384.7685694581414,0.2067687480320469,10.85132689549881
2024-01-13 23:15:00,0.0,0.597426232491917,0.05,434.422064782774,0.2,16.05987671873259
2024-01-13 23:30:00,0.0,0.7120142969389304,0.05,374.5008174323571,0.2,11.162649533273246
2024-01-13 23:45:00,0.0,0.6815485915952695,0.05,405.4541681458256,0.2,13.47950021976734
2024-01-14 00:00:00,0.0,0.7710250391117315,0.05,430.52624991372295,0.2,10.413222175757584
2024-01-14 00:15:00,0.0,0.5505317639904045,0.05,382.6636174281171,0.2,12.392921003018625
2024-01-14 00:30:00,0.0,0.6762190195479856,0.05,401.66320166798596,0.2,10.868109006408405
2024-01-14 00:45:00,0.0,0.4955282806968517,0.05,423.14578484708073,0.2,10.586728288962746
2024-01-14 01:00:00,0.0,0.61334356132185,0.05,354.8895805533662,0.2,8.687794301228319
2024-01-14 01:15:00,0.0,0.6999272664205194,0.05,418.5376750110995,0.2,11.24843601242172
2024-01-14 01:30:00,0.0,0.6754183652423617,0.05,398.2414701816572,0.2,12.89579856241244
2024-01-14 01:45:00,0.0,0.5896818524989464,0.05,428.8390830712487,0.2,7.952652003288101
2024-01-14 02:00:00,0.0,0.5463998645007587,0.05,383.45005428907297,0.2,8.335433146712786
2024-01-14 02:15:00,0.0,0.4668108233235816,0.05,372.2644827461685,0.2,15.910570015720891
2024-01-14 02:30:00,0.0,0.5360933407866668,0.05,389.13927010140713,0.2,8.082347704888313
2024-01-14 02:45:00,0.0,0.4193475773419224,0.05,388.7216706077158,0.2,9.082993160331972
2024-01-14 03:00:00,0.0,0.5071019514108674,0.05,395.8702804706787,0.2,13.108142511568186
2024-01-14 03:15:00,0.0,0.35124684148602414,0.05,390.62840580899365,0.2,13.358350687276522
2024-01-14 03:30:00,0.0,0.3898855629988783,0.05,359.84202852471867,0.2,5.905038520765051
2024-01-14 03:45:00,0.0,0.596394636659598,0.05,398.1008726099376,0.2,12.562124412574542
2024-01-14 04:00:00,0.0,0.5741394091501988,0.05,404.6359341904926,0.2,10.949736432353816
2024-01-14 04:15:00,0.0,0.45957295417060334,0.05,396.1351511508207,0.2,11.386594034913568
2024-01-14 04:30:00,0.0,0.4830135654349812,0.05,405.73656490003754,0.2,14.396713763902738
2024-01-14 04:45:00,0.0,0.48417746029554987,0.05,401.69896156733256,0.2,11.785250069665466
2024-01-14 05:00:00,0.0,0.4977966480216224,0.05,372.36012897650494,0.2,11.90503145986855
2024-01-14 05:15:00,0.0,0.474349735128395,0.05,393.9829450207492,0.2315396522628962,12.763476333110773
2024-01-14 05:30:00,0.0,0.2924276506164856,0.05,402.27799837806367,0.23944597326040143,13.214180397433532
2024-01-14 05:45:00,0.0,0.1687722636611333,0.05,395.25658737748137,0.2,15.139011696317738
2024-01-14 06:00:00,0.0,0.29831114508708884,0.05,370.1441975874278,0.26492623526717884,17.646659852688025
2024-01-14 06:15:00,0.059576526988538485,0.37148633656600033,0.05,411.38163305533743,0.36890746303580807,16.432216700028704
2024-01-14 06:30:00,0.10533196791729299,0.4699131284934246,0.05,354.45164848809287,0.31897474609368903,16.1474369124158
2024-01-14 06:45:00,0.18677236306761594,0.3844179046696726,0.05,336.13800370433637,0.28983874813149957,17.878382875586905
2024-01-14 07:00:00,0.2458524161265041,0.40167384726350064,0.1,349.0525623072846,0.38772901853083086,18.972201811373882
2024-01-14 07:15:00,0.3089325882540055,0.24602394479593045,0.1,329.3969701949839,0.45143230528961587,19.20511749014923
2024-01-14 07:30:00,0.36221515685800504,0.3163904235748813,0.1,335.4921453991942,0.40400996806421996,17.360128202045676
2024-01-14 07:45:00,0.4196304225966583,0.31809074790192093,0.1,328.9953406687907,0.2938012117326042,20.195177724590565
2024-01-14 08:00:00,0.47221028366052076,0.22443231612711018,0.1,314.411297035761,0.4308406539369298,15.760896328721238
2024-01-14 08:15:00,0.5190807493657051,0.1819299628083474,0.1,288.850293191031,0.4870603199110512,23.721874181282796
2024-01-14 08:30:00,0.5469827795392038,0.25557993648865207,0.1,289.31366268628244,0.33596093618585987,24.367424375434954
2024-01-14 08:45:00,0.5682671998230155,0.3342544717914721,0.1,236.9305750740246,0.5053828720040514,23.729705279850155
2024-01-14 09:00:00,0.6432333431793872,0.16808349487137614,0.1,280.4658609083061,0.4674896267171312,25.080059367645934
2024-01-14 09:15:00,0.6974863796385011,0.22881276522613078,0.1,241.5354456826379,0.5622037626838076,23.066070627259442
2024-01-14 09:30:00,0.7833905491003545,0.3768282953759138,0.1,280.7280901830513,0.5112472281197404,22.325861173577774
2024-01-14 09:45:00,0.6695231882418515,0.181771946451378,0.1,256.20207707904876,0.5498478930015506,21.915081383941843
2024-01-14 10:00:00,0.793000732553458,0.2275232179481542,0.2,222.8492075829235,0.5679996319710338,27.016275198819137
2024-01-14 10:15:00,0.818483514923701,0.21005464359589357,0.2,221.05366426154814,0.6023766043061768,24.054472482179666
2024-01-14 10:30:00,0.7724669636726276,0.19644493068212882,0.2,238.90532578591228,0.604983630988833,25.340089990151668
2024-01-14 10:45:00,0.8930432862251462,0.3774617905343798,0.2,165.41159750359049,0.5528488878994607,27.04173435407876
2024-01-14 11:00:00,0.8938879753464571,0.2373901656455924,0.2,203.61021907287596,0.5989758080079424,26.996128033035415
2024-01-14 11:15:00,0.8515508064615275,0.046824733945618174,0.2,237.8714187281613,0.6252229195780423,28.047943640770555
2024-01-14 11:30:00,0.8535526501626607,0.354553012382547,0.2,218.6080995257388,0.6995238882187957,24.317298762072205
2024-01-14 11:45:00,0.9178532709328187,0.2279095614720281,0.2,183.67393785483813,0.6736571555758988,27.847703420571918
2024-01-14 12:00:00,0.9154208879939093,0.16264256363470314,0.2,206.28949222241494,0.6269281070208415,30.308580671543353
2024-01-14 12:15:00,0.8274426735682409,0.3353724659161619,0.2,180.89435144282345,0.6230770565217411,28.105092795999695
2024-01-14 12:30:00,0.9249178933545974,0.12384203141273181,0.2,194.88169026800514,0.7099012207114593,27.51446849330479
2024-01-14 12:45:00,0.9129308140476329,0.3754129532074143,0.2,210.51969630090116,0.6603378496380079,31.378890894581083
2024-01-14 13:00:00,0.8635895337309888,0.2161450989989424,0.2,217.01133837433272,0.7274374575895592,28.81075483366651
2024-01-14 13:15:00,0.8809833499213936,0.3111698588015967,0.2,225.2023485852095,0.691446272775618,30.176830571236263
2024-01-14 13:30:00,0.8577928591540295,0.5219743046564077,0.2,239.89983903693474,0.7704387537245332,29.493560844858614
2024-01-14 13:45:00,0.7985943266559224,0.23863460557457095,0.2,196.75092680794717,0.6625068831823179,29.977721975548814
2024-01-14 14:00:00,0.7586414123600014,0.21711172923909486,0.2,227.27533979810914,0.7719381556211681,33.05922058832918
2024-01-14 14:15:00,0.7962291655099409,0.127003117080083,0.2,216.69913558000636,0.7485314989997092,31.122460771588173
2024-01-14 14:30:00,0.7269636934810199,0.22927228626483154,0.2,233.35220399953508,0.6754136262565431,27.470878590808756
2024-01-14 14:45:00,0.6442474688161018,0.14601486097747132,0.2,234.5432863081293,0.6503189441652824,29.06368838855855
2024-01-14 15:00:00,0.6303579495357292,0.23988180081589613,0.1,268.56671349504444,0.7861621507112613,28.83403257781702
2024-01-14 15:15:00,0.6007567468481185,0.5575992500273196,0.1,289.1912211787851,0.6389476075782208,29.90204426730939
2024-01-14 15:30:00,0.5455308546193056,0.2902075096557417,0.1,300.38799867790397,0.692482999790509,31.056361984673135
2024-01-14 15:45:00,0.5374930820786198,0.23351720180366928,0.1,266.7824917756984,0.6863296654965318,29.03240253349796
2024-01-14 16:00:00,0.4659637577601208,0.2790281923177167,0.1,297.53403907162004,0.6603078434227255,28.665177608770453
2024-01-14 16:15:00,0.4223172578058261,0.2703551220318863,0.1,288.88422410136303,0.688508055659236,23.851587682246716
2024-01-14 16:30:00,0.3488726239354797,0.42830350084114477,0.1,300.13874896707483,0.5914774666995374,30.58162303123663
2024-01-14 16:45:00,0.26973116689384435,0.3266896471493518,0.1,322.4774794539261,0.7222052035292328,27.182663950827546
2024-01-14 17:00:00,0.24814154772455996,0.5091250003208097,0.1,355.1021447979789,0.5709061066826107,27.58835015027013
2024-01-14 17:15:00,0.17962048120926108,0.32937200719166915,0.1,371.36023645368726,0.5906070753292173,27.106017405583565
2024-01-14 17:30:00,0.12399698123718346,0.3487368338533,0.1,386.97935168592437,0.5107195835328346,24.549157093143037
2024-01-14 17:45:00,0.06287681437188572,0.2972409355817301,0.1,398.76654231006086,0.6189767251982595,25.067886845278228
2024-01-14 18:00:00,1.1045617078056777e-16,0.3616618097738731,0.2,383.0429805261847,0.644405543940626,23.44581369306166
2024-01-14 18:15:00,0.0,0.23972360300388312,0.2,423.65518038439046,0.6330937038725725,27.18954639928672
2024-01-14 18:30:00,0.0,0.21312422005802356,0.2,416.0656007194348,0.5715410814838202,19.37912819890843
2024-01-14 18:45:00,0.0,0.5014853997731203,0.2,391.74619680638244,0.4778747357432049,21.307747739558526
2024-01-14 19:00:00,0.0,0.2772197460284104,0.2,392.5016065589885,0.4777316852835912,21.944050801317918
2024-01-14 19:15:00,0.0,0.5048844429789343,0.2,386.84916832273467,0.44238187430650644,24.945894651988187
2024-01-14 19:30:00,0.0,0.42648700148853924,0.2,374.1631346497838,0.37850032330100364,22.720894563476822
2024-01-14 19:45:00,0.0,0.582410635260142,0.2,413.32049711089877,0.40484690204271245,17.377950718415658
2024-01-14 20:00:00,0.0,0.327659557928614,0.2,416.4412356861203,0.44543807400572155,19.768981137749677
2024-01-14 20:15:00,0.0,0.5709391279720569,0.2,381.4789507624147,0.3370298602015819,20.78863072422207
2024-01-14 20:30:00,0.0,0.5549122812296502,0.2,375.3628257785605,0.24679279578384644,23.148544356295083
2024-01-14 20:45:00,0.0,0.5681207855481906,0.2,381.2692642594738,0.2788227374277259,17.3696010554771
2024-01-14 21:00:00,0.0,0.6538112429264433,0.05,402.2048926423836,0.36326518229652627,15.042933413368615
2024-01-14 21:15:00,0.0,0.5573966682047089,0.05,372.36045250654684,0.2176579656317454,17.430341885027246
2024-01-14 21:30:00,0.0,0.31388677971832546,0.05,422.556199599145,0.2615953616593064,16.086594466589883
2024-01-14 21:45:00,0.0,0.6112047315295477,0.05,421.3591548851659,0.24813229633412381,16.503730440187212
2024-01-14 22:00:00,0.0,0.6051723420144929,0.05,408.48689887722804,0.2629000498834749,16.38094986967467
2024-01-14 22:15:00,0.0,0.5549120400024101,0.05,416.1947149958959,0.24505917214724846,15.084161054079644
2024-01-14 22:30:00,0.0,0.5005986157343698,0.05,401.1751077587817,0.2373824908393175,14.96877915724742
2024-01-14 22:45:00,0.0,0.5532940935996927,0.05,409.3030798965384,0.2,16.677911821722656
2024-01-14 23:00:00,0.0,0.7389911429227239,0.05,373.9963551338059,0.2,12.346815327559728
2024-01-14 23:15:00,0.0,0.504166271623256,0.05,427.80958954409294,0.21951816226437607,10.032740120792646
2024-01-14 23:30:00,0.0,0.4242478248691569,0.05,390.2529412157988,0.2,12.694418098055932
2024-01-14 23:45:00,0.0,0.452745515951516,0.05,397.4239834242149,0.2,9.122637816602987
2024-01-15 00:00:00,0.0,0.5964704082811321,0.05,449.7440153478468,0.2,9.096562456686048
2024-01-15 00:15:00,0.0,0.7666568375920868,0.05,395.5998510178825,0.2477755002414434,9.387072206977086
2024-01-15 00:30:00,0.0,0.8187740444825773,0.05,414.7880363004641,0.2,8.259723273137027
2024-01-15 00:45:00,0.0,0.6611802070256008,0.05,410.29064932683616,0.2,12.867828789066593
2024-01-15 01:00:00,0.0,0.49506057039774676,0.05,373.3436273932124,0.2,10.438563933144259
2024-01-15 01:15:00,0.0,0.501876850361519,0.05,380.00513896709583,0.2,11.605724870355608
2024-01-15 01:30:00,0.0,0.6723596393788278,0.05,440.7177728700151,0.2,11.106080156112546
2024-01-15 01:45:00,0.0,0.7125380913033216,0.05,411.5832588502287,0.2,9.601509704049484
2024-01-15 02:00:00,0.0,0.5090053813115543,0.05,399.66249988551294,0.2,11.921007710153582
2024-01-15 02:15:00,0.0,0.7087389719512364,0.05,389.2870385494455,0.2,9.05627475019181
2024-01-15 02:30:00,0.0,0.535714650757875,0.05,406.4015512435414,0.2,9.749625903608974
2024-01-15 02:45:00,0.0,0.621796359105933,0.05,408.3029546585967,0.2,8.776464824457207
2024-01-15 03:00:00,0.0,0.6559680548932436,0.05,404.5304308048334,0.2,13.141353351857875
2024-01-15 03:15:00,0.0,0.38369237812265555,0.05,421.37921161969336,0.2,10.31642828848947
2024-01-15 03:30:00,0.0,0.5668961624550917,0.05,382.6628283566393,0.2,11.95726015554839
2024-01-15 03:45:00,0.0,0.6539783010053761,0.05,379.98597126440905,0.2,9.868349298741997
2024-01-15 04:00:00,0.0,0.4439334979639339,0.05,420.8614098394072,0.21252120153975773,13.033785116446527
2024-01-15 04:15:00,0.0,0.38279959448607687,0.05,442.2537477428782,0.2,13.230910057171101
2024-01-15 04:30:00,0.0,0.5260152300060278,0.05,416.8518488537763,0.2,8.815507229830954
2024-01-15 04:45:00,0.0,0.4776322209650304,0.05,425.95507423574486,0.22046902292198306,12.489852112642588
2024-01-15 05:00:00,0.0,0.41903340589306615,0.05,398.50318727746816,0.2,13.162733254727144
2024-01-15 05:15:00,0.0,0.4387967934072501,0.05,405.3223004972429,0.2,12.807099059777286
2024-01-15 05:30:00,0.0,0.25907583786842525,0.05,405.0531269139785,0.23585800834908094,16.681806378473652
2024-01-15 05:45:00,0.0,0.45352815813108277,0.05,398.8914670449107,0.23590658920467847,12.009803424952555
2024-01-15 06:00:00,0.0,0.5592597855340354,0.05,428.2259373191928,0.21934055928063004,14.103434627175652
2024-01-15 06:15:00,0.05861661869593252,0.3154517951755642,0.05,409.2363196527043,0.22883275478293544,13.878437401679639
2024-01-15 06:30:00,0.11688077750116138,0.2910530685109587,0.05,365.91007717004766,0.23388799141090516,18.233008630373433
2024-01-15 06:45:00,0.19028284470452742,0.37823810999586277,0.05,328.07039441811946,0.34034576718306264,14.72837750543765
2024-01-15 07:00:00,0.24206967923489275,0.6328239360083963,0.1,346.9647054353905,0.2599364625836593,13.746645017579198
2024-01-15 07:15:00,0.3134652299325598,0.4457004342947146,0.1,312.61906324129603,0.30159757437121115,18.91186701663976
2024-01-15 07:30:00,0.33484215366798614,0.3140458350540522,0.1,323.9368146535874,0.3658998570689627,18.416394485761284
2024-01-15 07:45:00,0.43061457066278475,0.31550214376141356,0.1,290.0249434464204,0.4533232255967698,21.426667949045047
2024-01-15 08:00:00,0.4470401742441507,0.4198846875616749,0.1,325.130332720114,0.40664499932627113,21.62468679144087
2024-01-15 08:15:00,0.4918324552566391,0.19794842864317158,0.1,302.57440779695406,0.4490296011163071,20.569064974563766
2024-01-15 08:30:00,0.5624119060569017,0.33942197486469633,0.1,291.4503457872726,0.4442683076530809,18.41890538393337
2024-01-15 08:45:00,0.5393425439802115,0.15638533609056732,0.1,289.57455372859164,0.503848940001441,19.554698582572435
2024-01-15 09:00:00,0.7030139536844618,0.35107011068454486,0.1,266.4007886475085,0.5745238495503014,19.04180862666568
2024-01-15 09:15:00,0.6573987328464568,0.22023659928278294,0.1,260.5680742709763,0.4745455608216061,22.93787166513055
2024-01-15 09:30:00,0.7123413352405952,0.2613987444660455,0.1,270.02330660098073,0.515507070609919,22.50942891204211
2024-01-15 09:45:00,0.7105220904405891,0.1978184690526777,0.1,231.01577498302532,0.5413630083724251,24.061448070978273
2024-01-15 10:00:00,0.7063344015188177,0.29666359017844374,0.2,238.89722593389115,0.5764905032841819,25.34712835101127
2024-01-15 10:15:00,0.8208774602077313,0.20315726003451273,0.2,199.56268149547083,0.5732918187335624,29.35230375092062
2024-01-15 10:30:00,0.8577121310529314,0.43102126210056857,0.2,216.80963180647805,0.55544137318432,27.249349008930725
2024-01-15 10:45:00,0.7944667476818427,0.3525007330812001,0.2,255.79964850644325,0.5974489515513911,26.736132381057462
2024-01-15 11:00:00,0.9170041652606171,0.0763859685119119,0.2,223.11134233794857,0.7337156514825354,23.94147425011613
2024-01-15 11:15:00,0.8566365873773715,0.22298855753434743,0.2,202.12305760644765,0.641246130849892,27.570821167392964
2024-01-15 11:30:00,0.8943342642599555,0.27522655092416304,0.2,207.0018400399613,0.5424674803037636,29.697216386501683
2024-01-15 11:45:00,0.8282578879972143,0.15461228249295791,0.2,200.00825022559377,0.6296961847210755,29.09637473940426
2024-01-15 12:00:00,0.9785605830649033,0.32124767039620095,0.2,204.6340123955671,0.6604773776213653,26.564532026545614
2024-01-15 12:15:00,0.9794432237230851,0.3098932969433066,0.2,192.44807834770648,0.6620331003983142,28.215828322845315
2024-01-15 12:30:00,0.9296769034112442,0.19335477240595167,0.2,211.6084517292704,0.6737419413121447,29.385541187782206
2024-01-15 12:45:00,0.8989270310821105,0.3019645323266922,0.2,214.4491426443131,0.6983923896074786,28.65307560357317
2024-01-15 13:00:00,0.8536000599502708,0.0,0.2,206.94759494980846,0.7152083263605417,28.425046401148336
2024-01-15 13:15:00,0.9079199227127595,0.34637279502866314,0.2,213.41516022330381,0.7071774044243904,25.513449217919387
2024-01-15 13:30:00,0.912084841177119,0.30387497370529515,0.2,222.0394470122914,0.7449646856706514,28.378086151065535
2024-01-15 13:45:00,0.707796851863026,0.11185768222033655,0.2,210.0805911387501,0.6245901956617282,30.48087393901944
2024-01-15 14:00:00,0.8132385654588136,0.2519829552523978,0.2,236.50032593007634,0.6873671392145122,31.750231913088975
2024-01-15 14:15:00,0.715806712700454,0.031077726402766903,0.2,249.3092318846242,0.7210710404287687,30.130907252878536
2024-01-15 14:30:00,0.7647439031537111,0.16498696865612997,0.2,270.6266540718493,0.7102416093947843,32.03334629259014
2024-01-15 14:45:00,0.7003494574045824,0.3591959723124458,0.2,255.99948750537712,0.6616206138962409,29.650714109054718
2024-01-15 15:00:00,0.6881124178175777,0.25729502792217535,0.1,247.46592599917017,0.6631830107435562,27.903803592244877
2024-01-15 15:15:00,0.5309875386249151,0.261310539727631,0.1,266.07209181040423,0.6419929254487022,28.521282779144595
2024-01-15 15:30:00,0.574743889897665,0.2827703332629116,0.1,255.38843311988467,0.725997184514717,30.236822709339116
2024-01-15 15:45:00,0.5439297936837325,0.28174298877232906,0.1,303.43300504145674,0.5764566597335804,28.432565197555885
2024-01-15 16:00:00,0.41821271480482175,0.3987489716968727,0.1,258.8054954624294,0.5957309487616558,27.375259328125843
2024-01-15 16:15:00,0.4147341654868581,0.2496433005114134,0.1,332.0353657618884,0.6703729995622789,25.199618313392886
2024-01-15 16:30:00,0.3155611189806353,0.3653979208931165,0.1,346.3697988409599,0.665164761575673,26.147181840927228
2024-01-15 16:45:00,0.2883877940861175,0.22125034045170816,0.1,277.0996014898178,0.5463308858348379,26.724239194370803
2024-01-15 17:00:00,0.23649901755520014,0.42234611380616705,0.1,373.74181084385845,0.6434540218786613,25.90845500795805
2024-01-15 17:15:00,0.17048938039949685,0.32884482541155513,0.1,381.52765899156805,0.6068289762244751,24.644259539892616
2024-01-15 17:30:00,0.12436292579891359,0.3697960082715283,0.1,368.0937258903052,0.608411568949494,29.2023682876157
2024-01-15 17:45:00,0.06158170180933497,0.3507022802681262,0.1,363.0830603342452,0.5702937263964277,26.756504228778237
2024-01-15 18:00:00,1.114172426005388e-16,0.37643465994847974,0.2,383.2448180027563,0.5712735695790048,29.384271420504376
2024-01-15 18:15:00,0.0,0.312608003081483,0.2,384.8296440723441,0.55568801132153,21.21247266643589
2024-01-15 18:30:00,0.0,0.45903024465994363,0.2,426.32111920419254,0.5384005504682342,24.453121774726277
2024-01-15 18:45:00,0.0,0.49448447414010827,0.2,391.0191961453504,0.5086351251156054,22.345176834922963
2024-01-15 19:00:00,0.0,0.31869979363590195,0.2,418.1064619215057,0.4733676214440634,22.62749645472229
2024-01-15 19:15:00,0.0,0.4046479024626516,0.2,397.5187864412742,0.4545449976945492,25.652450512185315
2024-01-15 19:30:00,0.0,0.4795380707346803,0.2,401.1015127662942,0.45066616784498525,17.82627618929735
2024-01-15 19:45:00,0.0,0.4285929242238666,0.2,368.57208811034053,0.4608916446814798,19.508602965171033
2024-01-15 20:00:00,0.0,0.47771783858132755,0.2,377.0585970861749,0.4982370500824637,18.503742242787087
2024-01-15 20:15:00,0.0,0.6727242206529218,0.2,425.8619504248218,0.40680247647943435,18.205880722864553
2024-01-15 20:30:00,0.0,0.41993600725583485,0.2,396.88554957065315,0.37971252152848134,14.473376382622654
2024-01-15 20:45:00,0.0,0.3006504627261841,0.2,406.0131889777193,0.4022443940794645,20.61983710191417
2024-01-15 21:00:00,0.0,0.481547375006678,0.05,436.1271431874511,0.34217727212129084,20.062001661184432
2024-01-15 21:15:00,0.0,0.5175519929978263,0.05,397.4474764269903,0.25055267121897346,17.949367946120464
2024-01-15 21:30:00,0.0,0.5096716731701189,0.05,396.31508042291904,0.2485284356190789,13.496412606677568
2024-01-15 21:45:00,0.0,0.5931750421787132,0.05,424.12171774799515,0.35875937669462576,16.132395752878832
2024-01-15 22:00:00,0.0,0.47039690477257057,0.05,400.24699379971435,0.21432832994442375,16.731970665924397
2024-01-15 22:15:00,0.0,0.46184653664691216,0.05,406.40014053855947,0.26183629632646754,15.221062023614369
2024-01-15 22:30:00,0.0,0.5173271890641802,0.05,419.93632579077644,0.2,13.813664376493104
2024-01-15 22:45:00,0.0,0.5240011522511052,0.05,400.0022928754072,0.26641094262299414,16.227702646545758
2024-01-15 23:00:00,0.0,0.8052692600527255,0.05,415.75176946722235,0.2,11.510652434865937
2024-01-15 23:15:00,0.0,0.7514018108734773,0.05,397.68307455303494,0.2,12.143937528851188
2024-01-15 23:30:00,0.0,0.4313362773452851,0.05,419.6227830714337,0.2,13.317667256203599
2024-01-15 23:45:00,0.0,0.40659089335861415,0.05,408.426541390312,0.2,12.320985792024356
2024-01-16 00:00:00,0.0,0.5914247052379534,0.05,395.49192012522235,0.2,12.459674442707247
2024-01-16 00:15:00,0.0,0.7907312858481568,0.05,401.4849916450173,0.2,12.098345863273204
2024-01-16 00:30:00,0.0,0.6648979464574107,0.05,351.11335038915473,0.2,11.810937895944466
2024-01-16 00:45:00,0.0,0.5928684861603668,0.05,423.87547316527167,0.2,9.801061893690878
2024-01-16 01:00:00,0.0,0.5475777379866507,0.05,374.9073103003226,0.2,8.945730661820747
2024-01-16 01:15:00,0.0,0.6971022735431016,0.05,378.61764678602356,0.2,10.466424768722868
2024-01-16 01:30:00,0.0,0.6025748444625878,0.05,391.2396287641382,0.2,13.107928800464776
2024-01-16 01:45:00,0.0,0.7525503866245729,0.05,364.14098845431613,0.2,9.971689363059642
2024-01-16 02:00:00,0.0,0.4044345945143063,0.05,409.35232559888493,0.2,11.198796821852437
2024-01-16 02:15:00,0.0,0.6086585013138278,0.05,407.22028009362515,0.2,10.246285419838323
2024-01-16 02:30:00,0.0,0.5023409013036588,0.05,390.26921930887374,0.2,14.15300176269448
2024-01-16 02:45:00,0.0,0.5917954832471556,0.05,386.43920273698853,0.2,9.916315113848686
2024-01-16 03:00:00,0.0,0.5665069813969493,0.05,386.1320692613132,0.2,11.546415708998333
2024-01-16 03:15:00,0.0,0.5828357839200162,0.05,412.29596820720104,0.2,9.092920732625986
2024-01-16 03:30:00,0.0,0.6195105004793631,0.05,368.12548288089795,0.2,8.520324734637667
2024-01-16 03:45:00,0.0,0.6500933045801033,0.05,391.82001641546805,0.2,11.01746912947481
2024-01-16 04:00:00,0.0,0.6951723170403616,0.05,369.4114455993462,0.2,13.701941816565771
2024-01-16 04:15:00,0.0,0.49003716814953757,0.05,415.3748890922325,0.22692957674745412,12.952481759229645
2024-01-16 04:30:00,0.0,0.4223016891119866,0.05,393.2755517158094,0.21746730701036182,7.893665729826866
2024-01-16 04:45:00,0.0,0.34170571619246004,0.05,410.93498707928245,0.2,13.947320490303902
2024-01-16 05:00:00,0.0,0.49525244305686267,0.05,424.99075278705374,0.2147766629704113,9.866231382508918
2024-01-16 05:15:00,0.0,0.522509799145901,0.05,425.32854075253783,0.2,15.086526181740082
2024-01-16 05:30:00,0.0,0.2912604635408996,0.05,379.55797412071723,0.2,15.00120517162802
2024-01-16 05:45:00,0.0,0.5275471242709027,0.05,406.1891999200691,0.22950595255214556,14.1446867781203
2024-01-16 06:00:00,0.0,0.3898649689616188,0.05,422.42788039940604,0.31303626745276536,16.454505212784138
2024-01-16 06:15:00,0.057668028046233596,0.26133769572973875,0.05,400.848903437331,0.2505786445088864,15.048847102788248
2024-01-16 06:30:00,0.10716556791070735,0.28906604210652487,0.05,389.80136699176074,0.3268561966977213,16.47189306865176
2024-01-16 06:45:00,0.1873288145024388,0.2666576593323966,0.05,325.31546589300285,0.27028788151359545,13.909144520694092
2024-01-16 07:00:00,0.22755935948934,0.2556906661695901,0.1,361.85913027080574,0.3567792097481999,16.8994109883124
2024-01-16 07:15:00,0.29843506293473165,0.3927022465836319,0.1,319.853481011991,0.3292929280075085,19.896821922156974
2024-01-16 07:30:00,0.3228936464897462,0.40984608639583703,0.1,336.7570345322254,0.4370105699904743,16.032419440814206
2024-01-16 07:45:00,0.42305453440800705,0.4814568201085199,0.1,324.3984217330592,0.3647129316307505,20.98321607467954
2024-01-16 08:00:00,0.42048723250641745,0.2301777767661504,0.1,311.79834465687327,0.37288068681588526,15.962560553441604
2024-01-16 08:15:00,0.4903786812101366,0.3231815801416102,0.1,286.6729704274629,0.4931953220277203,18.27483961664121
2024-01-16 08:30:00,0.5698672815308556,0.21354513416839022,0.1,304.5695414031107,0.4103159454825401,20.675688215629325
2024-01-16 08:45:00,0.645725547340268,0.270143227279557,0.1,278.33699710525497,0.46916872696110584,22.258073220230543
2024-01-16 09:00:00,0.632964648456048,0.1105406050301247,0.1,265.0089626872416,0.4491640733536319,21.4427650913626
2024-01-16 09:15:00,0.6945728411862718,0.13731232447022657,0.1,230.94382148343897,0.5426366752630628,22.01438037612232
2024-01-16 09:30:00,0.7814610130187482,0.32163538080763077,0.1,249.25115203894842,0.5796490132775767,26.041155082522224
2024-01-16 09:45:00,0.6970092263234017,0.08535948232891605,0.1,273.28029122425136,0.49896020316993966,26.80026725231511
2024-01-16 10:00:00,0.8093850697874483,0.28827801601088116,0.2,198.99126953528662,0.5773169427777891,24.15120953638098
2024-01-16 10:15:00,0.7591612855061315,0.15301054648829066,0.2,235.22757365345234,0.5986289177578427,24.76747758009775
2024-01-16 10:30:00,0.8230374808496861,0.02267045502708795,0.2,232.34887988972145,0.588938453981481,25.51350568785137
2024-01-16 10:45:00,0.7922459091176598,0.0,0.2,245.12436219226885,0.6740833021694714,31.02894886409765
2024-01-16 11:00:00,0.9597174652937365,0.3531609693975206,0.2,221.32963624759208,0.6880333489344875,27.104992110975473
2024-01-16 11:15:00,0.8913564472347153,0.013301297117766314,0.2,204.05652118405413,0.5829196967619107,30.660431387686565
2024-01-16 11:30:00,0.797504405461589,0.195273766123832,0.2,210.16325919152044,0.6984389075061923,29.397567932706437
2024-01-16 11:45:00,0.9556311132115698,0.2358232947899775,0.2,195.06709998373825,0.6747716666869186,28.1049656609034
2024-01-16 12:00:00,0.9103670495708727,0.06867977709535306,0.2,224.38515978193294,0.6720080026178076,27.365478723671217
2024-01-16 12:15:00,0.9695910210946098,0.14507567851692377,0.2,169.44862211889512,0.65745222271489,30.52710685814869
2024-01-16 12:30:00,0.802305866428505,0.24959341872601923,0.2,191.95360422891454,0.6030492685871824,27.666534052747654
2024-01-16 12:45:00,0.9165783502653522,0.23317456240140128,0.2,212.76605867859922,0.698230119820951,28.69627520452323
2024-01-16 13:00:00,0.8745060422229678,0.16075727809476087,0.2,230.23345031409463,0.7051711272605826,30.976942231633647
2024-01-16 13:15:00,0.8728684724224044,0.23430443706851106,0.2,210.33830586124424,0.7939722817563802,29.32668356711085
2024-01-16 13:30:00,0.8067979266805867,0.2050006270791849,0.2,199.57734407641425,0.6637275094614787,29.12454311761296
2024-01-16 13:45:00,0.8509091080962422,0.1235837937372096,0.2,216.40799662967373,0.6189941167812949,29.362701119735952
2024-01-16 14:00:00,0.7993623223745222,0.34684396492048536,0.2,219.4556873525489,0.6410413390631845,28.626593990020314
2024-01-16 14:15:00,0.7653285053123909,0.2544481360356342,0.2,227.28657415150712,0.7789188369599931,30.877518536334996
2024-01-16 14:30:00,0.7789086006772982,0.05712621421784611,0.2,232.6257564877773,0.6750439774939682,29.986940068384623
2024-01-16 14:45:00,0.7428596383784025,0.3017995034213792,0.2,240.93717724035804,0.7624268428009879,27.095508681642368
2024-01-16 15:00:00,0.6359524072370485,0.19702705876332702,0.1,224.25986231164583,0.6900905749352574,28.684324611972713
2024-01-16 15:15:00,0.6502252844544772,0.23918721791517691,0.1,274.1339118105257,0.6353447229126529,28.735218502786147
2024-01-16 15:30:00,0.566981619718152,0.2790671976179298,0.1,291.7423853044313,0.777229757596694,28.49070707632354
2024-01-16 15:45:00,0.5342793711634535,0.20959120309746998,0.1,318.8538525444565,0.7349506573461028,30.16691094955679
2024-01-16 16:00:00,0.4567976680395779,0.48030378628943515,0.1,317.20801913511104,0.6508317818237548,27.255867048063177
2024-01-16 16:15:00,0.38724647962982295,0.16221048942935765,0.1,327.7294633964097,0.699280771997143,33.7224465082039
2024-01-16 16:30:00,0.33532413951563406,0.3291320612568259,0.1,329.3835545897449,0.6441591204136848,30.7046445673463
2024-01-16 16:45:00,0.290212776102638,0.37384726505485927,0.1,300.46106321853483,0.6474313229730096,30.27987090006797
2024-01-16 17:00:00,0.2344742364134667,0.3523574684822961,0.1,353.83901341407346,0.7002481169640549,25.003670186250876
2024-01-16 17:15:00,0.16933659898382816,0.34188335474897713,0.1,363.22946922933227,0.5218220352041395,22.53230492734894
2024-01-16 17:30:00,0.11794611101860514,0.33619343325731066,0.1,394.49222836624125,0.5646964841632097,25.409475500856665
2024-01-16 17:45:00,0.06185892437102325,0.3066013795741745,0.1,398.2689468367169,0.5681316206914178,26.142754075419337
2024-01-16 18:00:00,1.2078562134338997e-16,0.31790868418271595,0.2,397.4025471376522,0.5667246604172672,24.676082417379956
2024-01-16 18:15:00,0.0,0.5289349709728066,0.2,439.16304453825427,0.4702522875578425,23.3632408711384
2024-01-16 18:30:00,0.0,0.3819305660943178,0.2,416.96912912940127,0.5606515024031189,20.34485853244388
2024-01-16 18:45:00,0.0,0.6522366310838635,0.2,406.7972926656941,0.4387335300464551,21.87011210625205
2024-01-16 19:00:00,0.0,0.5186578409000808,0.2,409.10627575660675,0.41515551816699925,22.10203011307066
2024-01-16 19:15:00,0.0,0.19752492159998986,0.2,401.2236441428849,0.4459878433030157,20.960168864631886
2024-01-16 19:30:00,0.0,0.5648625880957744,0.2,400.33008910622254,0.5339329786356406,20.303144161214327
2024-01-16 19:45:00,0.0,0.483141757471542,0.2,356.5956199939579,0.5467029917610506,19.05745695792996
2024-01-16 20:00:00,0.0,0.3610048252616176,0.2,381.69832498778266,0.4244261089714134,23.309716869975663
2024-01-16 20:15:00,0.0,0.6415395665865167,0.2,389.1814554281026,0.3684691592175766,20.762863317595873
2024-01-16 20:30:00,0.0,0.4781605924563912,0.2,409.01268679853615,0.36865777722478116,20.6067579530587
2024-01-16 20:45:00,0.0,0.4797759269918355,0.2,366.96633023018006,0.3582184002181587,18.5946410618478
2024-01-16 21:00:00,0.0,0.5789403579315388,0.05,389.57665265983707,0.39567422269929425,14.741613856539283
2024-01-16 21:15:00,0.0,0.6646509954514189,0.05,387.0136398976717,0.2426607398055879,18.26246775634453
2024-01-16 21:30:00,0.0,0.5700121878780628,0.05,402.33509635676967,0.34491821055685645,18.8696108104631
2024-01-16 21:45:00,0.0,0.5704758572500429,0.05,409.0624621742097,0.2,18.565230931104765
2024-01-16 22:00:00,0.0,0.5035184793115624,0.05,387.08375094484,0.22595521455931894,16.247276844068022
2024-01-16 22:15:00,0.0,0.6919502332097478,0.05,388.52129174634433,0.23320038690985065,14.446272988122004
2024-01-16 22:30:00,0.0,0.5970809851581353,0.05,386.3940832988141,0.23792885617386392,13.908602580721158
2024-01-16 22:45:00,0.0,0.5668417131573211,0.05,392.197436180531,0.2020160295643069,14.444111140156197
2024-01-16 23:00:00,0.0,0.5582344775619366,0.05,398.9770873635673,0.2,9.646915795738684
2024-01-16 23:15:00,0.0,0.6988396156393517,0.05,426.302506704502,0.2,13.758761043544403
2024-01-16 23:30:00,0.0,0.5720566126448493,0.05,379.75012059592774,0.2,11.095095709713448
2024-01-16 23:45:00,0.0,0.7025115464612529,0.05,435.01682143300053,0.2,16.104237456580456
2024-01-17 00:00:00,0.0,0.5528425296643464,0.05,375.3236439645194,0.2,10.7387511834448
2024-01-17 00:15:00,0.0,0.6718023330259948,0.05,419.09284244212824,0.2,11.420346700871997
2024-01-17 00:30:00,0.0,0.6189985903089983,0.05,390.4840811058279,0.2151895011410348,11.05064382424405
2024-01-17 00:45:00,0.0,0.5010815572222506,0.05,381.78083649113444,0.2,9.146423809779977
2024-01-17 01:00:00,0.0,0.5844875554951413,0.05,426.33759676936967,0.2,11.255345936335821
2024-01-17 01:15:00,0.0,0.37032573425890736,0.05,401.63505492928977,0.2,10.876327688509665
2024-01-17 01:30:00,0.0,0.5103719223990723,0.05,400.8697385720761,0.2,12.131161055438378
2024-01-17 01:45:00,0.0,0.421593907780573,0.05,394.458482238881,0.2,11.46230565412574
2024-01-17 02:00:00,0.0,0.7729550900748552,0.05,388.3707488147915,0.2,10.374294839436066
2024-01-17 02:15:00,0.0,0.40969086085884776,0.05,396.4630827141664,0.2,8.383850635465263
2024-01-17 02:30:00,0.0,0.8172497307800448,0.05,335.46200750438834,0.2,8.506120222056916
2024-01-17 02:45:00,0.0,0.6017959147626437,0.05,362.92617536460637,0.2,13.506168663818558
2024-01-17 03:00:00,0.0,0.4895346394420075,0.05,407.8463643800907,0.2,10.51503492462519
2024-01-17 03:15:00,0.0,0.6125051730820965,0.05,423.6555474094417,0.2,14.683817069638806
2024-01-17 03:30:00,0.0,0.45730081388578914,0.05,427.2711308855146,0.2,9.124687317534885
2024-01-17 03:45:00,0.0,0.37015915856315973,0.05,380.8600302931947,0.2,15.41889451255706
2024-01-17 04:00:00,0.0,0.5079070268208828,0.05,403.85643100723865,0.2,9.452719224867703
2024-01-17 04:15:00,0.0,0.5584650076764244,0.05,356.1304978923001,0.2627620419060739,10.808532327602808
2024-01-17 04:30:00,0.0,0.6043777759992068,0.05,392.9722106417042,0.2,12.950753955505583
2024-01-17 04:45:00,0.0,0.5140609040165316,0.05,416.47384477685534,0.23486089438896804,14.476679111142873
2024-01-17 05:00:00,0.0,0.39882925665357105,0.05,399.6500530868979,0.2,14.28509206690472
2024-01-17 05:15:00,0.0,0.577645672611308,0.05,393.36504415800124,0.2,9.58031997103798
2024-01-17 05:30:00,0.0,0.5424028210676144,0.05,399.73422104254706,0.24494649779717176,12.767578418850135
2024-01-17 05:45:00,0.0,0.4399823786231828,0.05,425.6569510609204,0.3068920363544101,12.153251230796382
2024-01-17 06:00:00,0.0,0.5210777746823495,0.05,395.10596686542857,0.21987530655434823,12.237374331210798
2024-01-17 06:15:00,0.05891487878042403,0.6054004052524522,0.05,388.3722584148375,0.24718704300396452,15.54464854284836
2024-01-17 06:30:00,0.11475661474968656,0.3195363675466164,0.05,404.28265349481654,0.24559733228981648,11.95002213992223
2024-01-17 06:45:00,0.16639569084926692,0.27101416736847406,0.05,356.4154977696854,0.29753750192720724,18.785419481298504
2024-01-17 07:00:00,0.227004425567014,0.29096727193669936,0.1,315.50572745150055,0.27136186209506763,18.901388173442875
2024-01-17 07:15:00,0.29910009711851343,0.20074710394278336,0.1,363.08026731054116,0.26963579148224603,21.287916347626428
2024-01-17 07:30:00,0.3668213568383903,0.3825847919886513,0.1,343.77520972200415,0.37377609660814637,16.56144738761754
2024-01-17 07:45:00,0.4381188414434659,0.15055194182183104,0.1,267.20895163592957,0.41390889253651064,17.409480647095442
2024-01-17 08:00:00,0.4368022447117535,0.4265014234071698,0.1,297.3962962303566,0.3430478555710956,22.104327362562817
2024-01-17 08:15:00,0.5001652800186828,0.22166778977873078,0.1,288.4426997034625,0.38589632729612466,22.90961820666901
2024-01-17 08:30:00,0.561022711518855,0.41411849408267176,0.1,305.6207299362541,0.4341604875722945,24.00257719738647
2024-01-17 08:45:00,0.6324488676702639,0.012427007147941427,0.1,267.8432033497942,0.5438647143410459,24.259228781004197
2024-01-17 09:00:00,0.694684980159255,0.22005988099230744,0.1,261.8970071846113,0.3360171389916021,23.0264811283399
2024-01-17 09:15:00,0.6161856836829508,0.12033099692857921,0.1,253.57175950399275,0.5186804042469176,22.294265874100503
2024-01-17 09:30:00,0.6642153414805908,0.37666482420057323,0.1,232.00752385705078,0.5487676889945374,25.296832321183803
2024-01-17 09:45:00,0.6743689246533574,0.4016085573898739,0.1,259.65068460972674,0.4970797564801357,23.539184723188058
2024-01-17 10:00:00,0.7141911546832512,0.0,0.2,210.949559523838,0.5325385262292317,25.210567094883274
2024-01-17 10:15:00,0.8262727857083679,0.30721160752684107,0.2,210.9164890138588,0.5833205738947865,24.792141864911688
2024-01-17 10:30:00,0.8858432537749682,0.32209282886363333,0.2,215.10536496836653,0.5811467118484374,26.620879515012707
2024-01-17 10:45:00,0.8866902016320244,0.24318242662206155,0.2,183.8529160902805,0.682756782149869,29.07759186893036
2024-01-17 11:00:00,0.9242606640677,0.26563116568338857,0.2,242.12301901164994,0.6172642895046528,26.372169345590862
2024-01-17 11:15:00,0.9322451430378965,0.25544844539691036,0.2,203.82583192795315,0.6686131129986854,26.515630656003456
2024-01-17 11:30:00,0.8871279732896357,0.2886618759252499,0.2,218.2031735636785,0.6605188866468577,27.721261286167525
2024-01-17 11:45:00,0.9608353494393905,0.09118151130464532,0.2,181.2784781873873,0.684146826383319,25.956736235404527
2024-01-17 12:00:00,0.909960961280675,0.3200494344440017,0.2,214.23468735999626,0.6209381827134237,29.988495004780184
2024-01-17 12:15:00,0.971462560894873,0.22136284894182223,0.2,216.3601014067381,0.6791212754298286,29.20176522246848
2024-01-17 12:30:00,0.9077597795681596,0.21664441170221804,0.2,220.52841249070386,0.6738856634518987,29.168017736891773
2024-01-17 12:45:00,0.9034718047245582,0.26050543884346095,0.2,241.94294072755883,0.6482677883773809,30.126606519766693
2024-01-17 13:00:00,0.800253502488992,0.0797379558592323,0.2,195.6500960705033,0.7360286212928439,26.711354412853524
2024-01-17 13:15:00,0.9191246758335172,0.055269755626038225,0.2,206.88101534614708,0.5934655137778594,32.60915770165969
2024-01-17 13:30:00,0.8737382591636884,0.203120877267455,0.2,198.31911342460134,0.7647811693740455,28.875151803481014
2024-01-17 13:45:00,0.8452416686492756,0.3749793448315422,0.2,218.70088712379854,0.588419914239513,29.229075294453146
2024-01-17 14:00:00,0.7522594265652432,0.10825665637306367,0.2,240.0772563180013,0.6923136669651343,31.7300745439732
2024-01-17 14:15:00,0.762481626795449,0.2512215216061383,0.2,245.91079765958423,0.7464157702589186,31.201056068996667
2024-01-17 14:30:00,0.7076521032370843,0.16966094114814523,0.2,274.14437710720813,0.6380143648043405,33.91217420043998
2024-01-17 14:45:00,0.6845793731341194,0.16453419557890914,0.2,259.43598134113023,0.7154225679630363,27.87750659442267
2024-01-17 15:00:00,0.6837041091372814,0.30865348036037465,0.1,258.5898808720747,0.7055588644281396,27.783960778225126
2024-01-17 15:15:00,0.6293015872539273,0.3440683869189314,0.1,246.2958483954995,0.7004106369613714,27.077562545704943
2024-01-17 15:30:00,0.5374763961334755,0.19949256730193368,0.1,295.5741214947311,0.6597287779813797,29.50584034162359
2024-01-17 15:45:00,0.5003842940549046,0.4276109789927579,0.1,285.7560255846457,0.6457968642855897,28.427568557407852
2024-01-17 16:00:00,0.46986835828879625,0.3422503626492537,0.1,317.78083543468733,0.5813013570530494,27.269657123219368
2024-01-17 16:15:00,0.4357897509839341,0.28737446550487267,0.1,303.0468292738632,0.6442417187564087,28.183350274232748
2024-01-17 16:30:00,0.3685271940836464,0.358215117117509,0.1,347.4774685506557,0.6838815434414771,25.869249202998663
2024-01-17 16:45:00,0.28914245767729013,0.5393468584049894,0.1,343.4384462985374,0.6027468918531242,30.610306938935622
2024-01-17 17:00:00,0.24797036421423718,0.42358926608956415,0.1,368.08123349460186,0.5918208178872898,25.672603860389945
2024-01-17 17:15:00,0.16119723845746167,0.2911122420708934,0.1,368.69818966094715,0.6772868228221902,25.45116880358581
2024-01-17 17:30:00,0.10147322320117413,0.3720240120282875,0.1,355.38803412721904,0.5744534807661719,21.313814207573294
2024-01-17 17:45:00,0.0608934772541472,0.40004626127112203,0.1,379.6118254368382,0.5842790580676925,22.264674264966917
2024-01-17 18:00:00,1.0720303587846199e-16,0.4665356787644954,0.2,374.3916839316682,0.5767859374170725,23.8239175077015
2024-01-17 18:15:00,0.0,0.43703539793295165,0.2,403.69291713986513,0.5244790278252897,23.81189627365673
2024-01-17 18:30:00,0.0,0.6156376293392273,0.2,370.7473209420195,0.5488678412905692,25.26559640039702
2024-01-17 18:45:00,0.0,0.4163494215331087,0.2,405.87752423700294,0.5459018927744341,20.223186297150182
2024-01-17 19:00:00,0.0,0.27877323927782477,0.2,327.60925660063174,0.5228242831325364,23.49253194560797
2024-01-17 19:15:00,0.0,0.4857407500103575,0.2,416.19866030233544,0.5092961727240418,23.19927639176946
2024-01-17 19:30:00,0.0,0.4324241665534071,0.2,377.9266145806562,0.33502204463153895,22.65915417097172
2024-01-17 19:45:00,0.0,0.33805463902891575,0.2,380.9216771600816,0.36102489213319966,22.72535085355482
2024-01-17 20:00:00,0.0,0.42964760183328865,0.2,427.4374517299141,0.37427609512911697,17.6761598089229
2024-01-17 20:15:00,0.0,0.4752752497861883,0.2,406.39567081119344,0.3405813222208343,20.42843101572017
2024-01-17 20:30:00,0.0,0.6357327074267927,0.2,416.92670435991766,0.3248370415450401,22.225059880278238
2024-01-17 20:45:00,0.0,0.38354433123022635,0.2,379.89330188280496,0.3859510871480195,20.84963641086497
2024-01-17 21:00:00,0.0,0.5763998829948378,0.05,419.23791797380477,0.3276999971077407,21.195720972580062
2024-01-17 21:15:00,0.0,0.7724160236479144,0.05,397.2507246052198,0.2967255639825585,17.267611675619975
2024-01-17 21:30:00,0.0,0.5411845044905789,0.05,402.35247968149685,0.27391684637142494,14.989460302552795
2024-01-17 21:45:00,0.0,0.5458698734939919,0.05,429.80593783338594,0.24730651104164947,10.516302920619331
2024-01-17 22:00:00,0.0,0.6451827327046575,0.05,376.742093675044,0.2379033185349753,12.514524233581021
2024-01-17 22:15:00,0.0,0.6315927078978983,0.05,418.26071969292525,0.30270841410382116,13.393495720328483
2024-01-17 22:30:00,0.0,0.7265321288926594,0.05,407.70820353864093,0.2,13.222155428053682
2024-01-17 22:45:00,0.0,0.5726749131091534,0.05,395.7381919613268,0.26591865809773985,11.823035534658171
2024-01-17 23:00:00,0.0,0.6634044564227766,0.05,378.1172920159259,0.3025518194631417,13.608074041739963
2024-01-17 23:15:00,0.0,0.6679671349680482,0.05,395.5136307021892,0.23779021097132907,12.871221721165476
2024-01-17 23:30:00,0.0,0.5647333829596318,0.05,383.6329507582986,0.2,12.148372416440088
2024-01-17 23:45:00,0.0,0.5881737656495178,0.05,423.7370758100975,0.2,13.255891091044644
2024-01-18 00:00:00,0.0,0.598880082854023,0.05,401.8351665351104,0.2,10.400474985617613
2024-01-18 00:15:00,0.0,0.47580180318367915,0.05,386.46059417877404,0.2,13.223251497163847
2024-01-18 00:30:00,0.0,0.5594211329293981,0.05,371.2479492777689,0.2,8.353634022495893
2024-01-18 00:45:00,0.0,0.7457735087573341,0.05,390.73907479949895,0.2,9.923538801176154
2024-01-18 01:00:00,0.0,0.6969568268249254,0.05,424.7247024785308,0.2,10.97782726443723
2024-01-18 01:15:00,0.0,0.5313924343274721,0.05,402.2286466544862,0.2,6.354794864922212
2024-01-18 01:30:00,0.0,0.5832016916489942,0.05,396.396176206722,0.2,9.077800505855956
2024-01-18 01:45:00,0.0,0.676513537249292,0.05,433.97376307567185,0.2,11.444908047564384
2024-01-18 02:00:00,0.0,0.6175456495111098,0.05,391.70907771424424,0.2,9.145316775632429
2024-01-18 02:15:00,0.0,0.6462850177095895,0.05,383.8336092280495,0.2,6.37618536114276
2024-01-18 02:30:00,0.0,0.6120834799377145,0.05,408.0817922843383,0.2,8.310866370835134
2024-01-18 02:45:00,0.0,0.5719091017688078,0.05,408.39130631976604,0.2,7.501908533747589
2024-01-18 03:00:00,0.0,0.5248320879526712,0.05,388.26422385057845,0.2,11.333149535170804
2024-01-18 03:15:00,0.0,0.4123583069939933,0.05,384.04669261905116,0.2,10.765273187519304
2024-01-18 03:30:00,0.0,0.59097577434857,0.05,428.9414060346943,0.2,7.638284120459714
2024-01-18 03:45:00,0.0,0.4889388448031796,0.05,391.34028182373606,0.2,7.7553361340066
2024-01-18 04:00:00,0.0,0.3352113106143155,0.05,370.9625276625366,0.25818738953021064,9.890032610767946
2024-01-18 04:15:00,0.0,0.433891838722657,0.05,403.8573935299626,0.2,11.7478868441961
2024-01-18 04:30:00,0.0,0.5617656554182993,0.05,417.8918296513846,0.2,10.722732073101898
2024-01-18 04:45:00,0.0,0.27267145493403777,0.05,396.18782928481556,0.2,13.182055011319825
2024-01-18 05:00:00,0.0,0.3488113575009248,0.05,410.74254417474606,0.2,13.56007698585536
2024-01-18 05:15:00,0.0,0.4527314045351473,0.05,379.05328211326844,0.25860792677787325,14.471149402676081
2024-01-18 05:30:00,0.0,0.566677102783437,0.05,412.5651893577482,0.2,11.085717777107327
2024-01-18 05:45:00,0.0,0.5130782327394107,0.05,380.89569059007454,0.28601569597656606,13.892658005887712
2024-01-18 06:00:00,0.0,0.5501634618629974,0.05,406.1034636625789,0.29137324006247567,17.150865434604754
2024-01-18 06:15:00,0.055404327062562646,0.40769755902659305,0.05,402.2727639292587,0.3349535004183252,14.23338408257079
2024-01-18 06:30:00,0.12467850474480639,0.3529767181092864,0.05,375.8688409242965,0.32313692310846454,14.54606306173043
2024-01-18 06:45:00,0.17667061677983256,0.4453126030400699,0.05,336.2729789543173,0.29307605490859895,15.808949993367833
2024-01-18 07:00:00,0.2507536596656005,0.2582994629957703,0.1,324.3946256879795,0.3231496674604384,16.384987700061913
2024-01-18 07:15:00,0.26426036134044695,0.23797378191590407,0.1,367.5745280695684,0.34269968273269963,18.29204300418324
2024-01-18 07:30:00,0.3655403819517824,0.2079543360101802,0.1,308.10048565711827,0.3474048428087978,17.531693520362076
2024-01-18 07:45:00,0.4193379439717028,0.4204307240527059,0.1,326.84474143507384,0.29921817648346716,15.306350957358418
2024-01-18 08:00:00,0.41903696520913775,0.21654194225228407,0.1,302.36751770664773,0.29224965415501486,22.370629353197476
2024-01-18 08:15:00,0.5211724631601702,0.38894629424770644,0.1,268.80513617567505,0.4575624021828343,21.666873181857486
2024-01-18 08:30:00,0.5074154598678826,0.29309274256336126,0.1,267.59256340903147,0.430111756283022,21.603425605770344
2024-01-18 08:45:00,0.6069879224702568,0.37830480193444566,0.1,302.12749725526197,0.5065290556496098,21.76255814105038
2024-01-18 09:00:00,0.6630847225959765,0.14804042562618436,0.1,328.3715959508879,0.45866876865965994,21.942778651288332
2024-01-18 09:15:00,0.7397321522114513,0.18708047283600368,0.1,243.28579184648459,0.49637436135071517,21.614461359534793
2024-01-18 09:30:00,0.6873924174910547,0.28672823837970746,0.1,233.60176713300902,0.5612814750270003,20.071667593055082
2024-01-18 09:45:00,0.6771925892735713,0.19061008686947567,0.1,200.94015925544312,0.6104535190394542,27.677764840645935
2024-01-18 10:00:00,0.7860140914552424,0.0,0.2,193.7966114025572,0.5341910373712192,25.04178721429913
2024-01-18 10:15:00,0.730001046324548,0.08339950645248298,0.2,203.48041368444353,0.5166670327765307,22.333486815475965
2024-01-18 10:30:00,0.8797853531296342,0.10389842409564334,0.2,206.32402384698796,0.6432788358497246,24.035307256246604
2024-01-18 10:45:00,0.8433534808702202,0.10669936106493695,0.2,210.10513779140123,0.5834494512139147,27.2024191690481
2024-01-18 11:00:00,0.9086494767212876,0.2749931529256493,0.2,220.61751027663513,0.5878700781040571,27.64013114454805
2024-01-18 11:15:00,0.8142299057161314,0.23754781300382843,0.2,208.2604684410844,0.6055622745193147,26.0233839498614
2024-01-18 11:30:00,0.9281803252014029,0.21793348906305393,0.2,215.8451971292841,0.6020743055847301,25.77779721703973
2024-01-18 11:45:00,0.9027425645700594,0.401295116176196,0.2,188.14923816427446,0.6881281545481996,27.170253806476858
2024-01-18 12:00:00,0.8637560551095277,0.31752244555678333,0.2,198.5841514963056,0.5928961526114431,24.8014209858244
2024-01-18 12:15:00,0.8346292288864557,0.2806101443723845,0.2,193.14621714908523,0.674164380325449,28.017407234169923
2024-01-18 12:30:00,0.8101083875434333,0.052184421725095465,0.2,176.37661368260643,0.6896493000737571,28.308747554907708
2024-01-18 12:45:00,0.9648774930313777,0.2097969375424533,0.2,164.36270481843425,0.6541517730067298,32.52259522453702
2024-01-18 13:00:00,0.8329772678616179,0.23668450097431298,0.2,193.43197972883968,0.7691343704594398,28.757888360624506
2024-01-18 13:15:00,0.8674728366810077,0.16909125117489676,0.2,160.99448275494683,0.739152296451502,30.313549306494153
2024-01-18 13:30:00,0.8387134231172074,0.3858620715759835,0.2,192.56655614079443,0.674707009792606,33.11102373470618
2024-01-18 13:45:00,0.8090962685247259,0.22574584275085882,0.2,231.52884091790722,0.6940503572304145,27.84401240558062
2024-01-18 14:00:00,0.8381674623872081,0.10396004271932181,0.2,230.39816217444192,0.7447145264023242,28.75061873557846
2024-01-18 14:15:00,0.7374144394574313,0.13396834046458228,0.2,234.13415844750713,0.7033590313889584,28.89978100350794
2024-01-18 14:30:00,0.7543077322101777,0.4695635657644095,0.2,264.9398577663874,0.7675123653621154,26.56528855007719
2024-01-18 14:45:00,0.730794152877456,0.20761974077701517,0.2,235.0625581865095,0.7225460690784291,29.284854760757497
2024-01-18 15:00:00,0.6160621476306709,0.05072574944262834,0.1,272.2177213888869,0.7024219117432247,31.986041388340514
2024-01-18 15:15:00,0.5724821914546098,0.20819638892333614,0.1,251.9885701487447,0.6962928702970581,31.160410017863498
2024-01-18 15:30:00,0.5191424678726251,0.09558576484987272,0.1,283.79677935137425,0.8346086920057296,31.603340226431946
2024-01-18 15:45:00,0.5166108541400739,0.3806170332431596,0.1,291.95692448128295,0.6181386709635603,27.70112462303482
2024-01-18 16:00:00,0.41189614097441185,0.10451479208688541,0.1,304.1503927543224,0.6050858186819115,26.401890166083277
2024-01-18 16:15:00,0.4059937800824908,0.1713217529225185,0.1,303.8081711306908,0.6373687306699463,32.8267978643794
2024-01-18 16:30:00,0.32139948303745286,0.3238621695780944,0.1,329.8497512484407,0.7082404186537355,28.36307883989605
2024-01-18 16:45:00,0.2734390473339456,0.44665012364101175,0.1,343.6622258411872,0.5023576075094777,24.29364866672787
2024-01-18 17:00:00,0.24357002303823458,0.3412927841315629,0.1,319.623140705071,0.5169375576497043,32.191858781264635
2024-01-18 17:15:00,0.18297621873614878,0.23521739181686957,0.1,377.9518569747756,0.5778173454092745,26.413498228323384
2024-01-18 17:30:00,0.11841541925363877,0.392151060625524,0.1,349.1764340512575,0.6886364140962999,20.192881753206773
2024-01-18 17:45:00,0.05271853847951116,0.3401396277563581,0.1,369.37235407778593,0.5679431040096323,28.4647600681508
2024-01-18 18:00:00,1.1437584056023608e-16,0.513270217321611,0.2,404.8393833611081,0.49187905180354735,20.37926782339546
2024-01-18 18:15:00,0.0,0.4985594259873332,0.2,411.95827014797874,0.5737890290843044,24.999719844947606
2024-01-18 18:30:00,0.0,0.37238929219594397,0.2,404.40062008138784,0.5979015182268907,25.511723725313
2024-01-18 18:45:00,0.0,0.5169953454435383,0.2,406.5112081421865,0.46449734755875843,24.57718221325184
2024-01-18 19:00:00,0.0,0.47888637044041965,0.2,377.26624767107694,0.5003659914968273,25.700369424647413
2024-01-18 19:15:00,0.0,0.6009688397326606,0.2,389.5265062388897,0.46636496586382004,23.985156804371492
2024-01-18 19:30:00,0.0,0.5502548171428754,0.2,358.9925576727858,0.46777112631109824,25.01853403547059
2024-01-18 19:45:00,0.0,0.5431573105315638,0.2,381.62429382244466,0.39667307207932895,20.46805672625293
2024-01-18 20:00:00,0.0,0.6327959478670964,0.2,373.1676204850921,0.43143155008894124,19.172768988940863
2024-01-18 20:15:00,0.0,0.5126545147596804,0.2,400.26642039046527,0.42230246383553577,18.652663559875162
2024-01-18 20:30:00,0.0,0.44444224020783696,0.2,447.12257925354805,0.39655711153902296,21.442033221201342
2024-01-18 20:45:00,0.0,0.5519531368894244,0.2,415.20241618110884,0.26035587135373717,16.77033921287405
2024-01-18 21:00:00,0.0,0.5058799258244547,0.05,355.1027946682149,0.25066110383848683,19.10661796595987
2024-01-18 21:15:00,0.0,0.6107876164107655,0.05,369.6472519042718,0.26910653180228494,15.065795480613424
2024-01-18 21:30:00,0.0,0.5648650715560658,0.05,374.0234236380237,0.2985693407271653,14.489522069968656
2024-01-18 21:45:00,0.0,0.6065876097025621,0.05,364.8966824002004,0.29527337310634333,17.94568229187511
2024-01-18 22:00:00,0.0,0.4527936074673363,0.05,394.3504457843355,0.2,15.873331700325
2024-01-18 22:15:00,0.0,0.6302032018421001,0.05,404.57511160434365,0.24954079515743668,10.125014138447103
2024-01-18 22:30:00,0.0,0.4562536278168365,0.05,374.14037295529624,0.2646580269298955,12.204755576489118
2024-01-18 22:45:00,0.0,0.6855620440525562,0.05,395.53911773403064,0.23559629916705055,8.264832058933067
2024-01-18 23:00:00,0.0,0.6895106029167175,0.05,404.40426370289606,0.2,12.177875668530415
2024-01-18 23:15:00,0.0,0.630952469341325,0.05,413.9795163668953,0.2,11.93475028598494
2024-01-18 23:30:00,0.0,0.6292976631100152,0.05,403.1221070496441,0.2,11.118384316212202
2024-01-18 23:45:00,0.0,0.5772061775864288,0.05,406.6080222201157,0.23757531443009297,14.098289113917048
2024-01-19 00:00:00,0.0,0.5396771328369625,0.05,399.2517870365227,0.2,12.165854025727889
2024-01-19 00:15:00,0.0,0.598073864104783,0.05,379.7160385963991,0.2,15.962974942340828
2024-01-19 00:30:00,0.0,0.7965574644356791,0.05,384.0897461261027,0.2,11.829442298764246
2024-01-19 00:45:00,0.0,0.6190889477594484,0.05,373.5440649552162,0.2,11.635745170781865
2024-01-19 01:00:00,0.0,0.4586102548528568,0.05,429.9738463465654,0.2,10.884729986192037
2024-01-19 01:15:00,0.0,0.4185501292751071,0.05,370.61518838519254,0.2,9.654120538271279
2024-01-19 01:30:00,0.0,0.4409684713532367,0.05,419.0417554163655,0.2,8.786253654302698
2024-01-19 01:45:00,0.0,0.5416148902796917,0.05,370.81010207947304,0.2,9.55144380352584
2024-01-19 02:00:00,0.0,0.6997849891935223,0.05,415.34878254002376,0.20585907699948866,9.621843584270257
2024-01-19 02:15:00,0.0,0.4639455438236397,0.05,419.44256263800185,0.2,9.832993600634977
2024-01-19 02:30:00,0.0,0.7008453165177964,0.05,423.03971131694914,0.2,11.357525668992812
2024-01-19 02:45:00,0.0,0.5683128006694529,0.05,379.1706711011674,0.2,10.792294205302285
2024-01-19 03:00:00,0.0,0.5897657230651414,0.05,403.2855752866857,0.2,9.30688521538498
2024-01-19 03:15:00,0.0,0.5774731218583833,0.05,387.98713325914673,0.2,9.054410567370793
2024-01-19 03:30:00,0.0,0.580818815472182,0.05,382.267756249491,0.2,11.20976123706855
2024-01-19 03:45:00,0.0,0.46997749780170495,0.05,400.87710195399484,0.2,9.177794509072402
2024-01-19 04:00:00,0.0,0.2665584410784859,0.05,416.2778562707799,0.2,10.485984826814207
2024-01-19 04:15:00,0.0,0.42962203579723623,0.05,388.097004434671,0.2,10.622612896204634
2024-01-19 04:30:00,0.0,0.3877487679194003,0.05,406.5834204453,0.2,16.918560165051534
2024-01-19 04:45:00,0.0,0.4953441414310601,0.05,381.84500098887787,0.2541494814096701,9.933243893644224
2024-01-19 05:00:00,0.0,0.473687700769538,0.05,379.13513181651234,0.23741604626366844,11.343658700239928
2024-01-19 05:15:00,0.0,0.41178010209470306,0.05,393.5119416010377,0.25629366435564177,12.2953883152429
2024-01-19 05:30:00,0.0,0.601657736451019,0.05,394.7105243180618,0.26362978594161446,13.008450013526243
2024-01-19 05:45:00,0.0,0.3490077645833642,0.05,413.35563121192376,0.2,16.443915637062187
2024-01-19 06:00:00,0.0,0.177426666261111,0.05,374.9695049156931,0.2632503634617529,14.491224185794009
2024-01-19 06:15:00,0.05655420457609917,0.3988650414945501,0.05,430.0920724706728,0.3216565512380288,12.928718976327685
2024-01-19 06:30:00,0.11752575091139217,0.4928142587653844,0.05,338.0494374403125,0.3324118130303086,19.034993838344548
2024-01-19 06:45:00,0.16815481439279903,0.38969802335705184,0.05,365.5432729498382,0.3113977356783744,17.312883348650644
2024-01-19 07:00:00,0.24162939149927212,0.3125723415655915,0.1,342.53467612138087,0.4211036276462897,18.252856671542038
2024-01-19 07:15:00,0.28096345654788174,0.35975685745336883,0.1,322.74528325648777,0.36812177169008525,19.350770453610483
2024-01-19 07:30:00,0.36634436802571985,0.5073539699579326,0.1,319.9606784141952,0.42694174249412137,16.230655544277823
2024-01-19 07:45:00,0.4082891358260478,0.2240294591601314,0.1,324.9856136012467,0.3903863128829812,19.332206841697506
2024-01-19 08:00:00,0.48086407299011685,0.30308731842042536,0.1,316.5502842946242,0.38141694831578443,21.642495588553455
2024-01-19 08:15:00,0.4299907199742842,0.3558802310121417,0.1,284.53467967096213,0.46808008813715635,19.37349188162846
2024-01-19 08:30:00,0.601773802502181,0.3036364332648156,0.1,284.88347483244803,0.47583378078957633,21.918583202438494
2024-01-19 08:45:00,0.6427587762045085,0.2433441310554597,0.1,241.52498985369152,0.4758503079988892,23.037940318889326
2024-01-19 09:00:00,0.6758667783812292,0.2159460571185096,0.1,254.89325430176834,0.43533906810330136,19.668278281729787
2024-01-19 09:15:00,0.6340302054795235,0.22111259103502615,0.1,257.51951541205347,0.5469798988840063,21.1495014734794
2024-01-19 09:30:00,0.7360704825746962,0.29453256448401965,0.1,195.6691244932556,0.475131956227969,19.257281052157804
2024-01-19 09:45:00,0.790786556998779,0.2810833137253758,0.1,235.32438205003336,0.5715544285449563,24.876354505892415
2024-01-19 10:00:00,0.7637481390833177,0.4362667776279667,0.2,223.43081343046998,0.49515071539556516,28.769939424830632
2024-01-19 10:15:00,0.700083964067284,0.06694650029483085,0.2,246.02173036965726,0.52431872894745,24.171336129163393
2024-01-19 10:30:00,0.8689939547551673,0.39101476248320266,0.2,218.56642548224215,0.5972329496018592,25.702239381658305
2024-01-19 10:45:00,0.8264054149157958,0.19016634115852882,0.2,220.21054153136868,0.6267520241842337,28.620105060840125
2024-01-19 11:00:00,0.8346170649224482,0.19775613260337502,0.2,201.38461108010864,0.6229664134295638,27.60281910292861
2024-01-19 11:15:00,0.9333033446900711,0.2897162574352874,0.2,216.48391346177502,0.5991939304788731,25.571017715906088
2024-01-19 11:30:00,0.9664511080842839,0.2869518687412354,0.2,212.95680608324614,0.6936665183395815,30.986148576713344
2024-01-19 11:45:00,0.946014570785643,0.3160900187437806,0.2,174.2960548192166,0.6563821215478305,28.709344607493176
2024-01-19 12:00:00,0.895345826834168,0.3374777288920952,0.2,206.21952690028445,0.6694763816637249,28.195822772554905
2024-01-19 12:15:00,0.917231961561855,0.19644511582388124,0.2,224.07302314944826,0.6611861230703022,28.669842259845215
2024-01-19 12:30:00,0.926278085337148,0.3404741158036425,0.2,221.38686276430207,0.6410282163340968,30.42053310606862
2024-01-19 12:45:00,0.9400500784704514,0.14092732530718402,0.2,204.39039349321808,0.7404128728200381,28.242528286524006
2024-01-19 13:00:00,0.9234609888248717,0.1762851371699955,0.2,213.24862214379232,0.6576419817812074,32.802499843867096
2024-01-19 13:15:00,0.8500363954536942,0.19241246720269498,0.2,228.91213817211423,0.7791061954428984,32.325119485038655
2024-01-19 13:30:00,0.8610668247582283,0.16256113220808927,0.2,192.44699415160264,0.6561843513285613,29.931408168611068
2024-01-19 13:45:00,0.8301099300116794,0.2266110841280499,0.2,230.11311247309618,0.7155042877134982,30.101808005140654
2024-01-19 14:00:00,0.8630924649450185,0.3164373914338535,0.2,187.37669746991853,0.7034773918351422,28.30791656054119
2024-01-19 14:15:00,0.7866624401697946,0.29884067528465574,0.2,250.95320082889128,0.6937266744351245,28.703910429631673
2024-01-19 14:30:00,0.669949685796048,0.18001089862092567,0.2,233.63421187753875,0.7315296085730127,27.64365593208566
2024-01-19 14:45:00,0.6404346923211072,0.1800799669935599,0.2,247.90289009274446,0.7337248714140974,29.399703738454587
2024-01-19 15:00:00,0.607856372540009,0.17304394418876373,0.1,247.4712786262329,0.7165759683488455,29.783945302802717
2024-01-19 15:15:00,0.5714218526439384,0.27701001921176643,0.1,267.30987994594875,0.6308847932645365,26.28914581470224
2024-01-19 15:30:00,0.5577586480179844,0.1201633684440139,0.1,283.3553815059625,0.6185986299761389,30.616618968706867
2024-01-19 15:45:00,0.4789455705169484,0.19982591351086604,0.1,303.9722327718107,0.6074884139383723,27.226961973592893
2024-01-19 16:00:00,0.4748527631129777,0.2541178927324895,0.1,325.9900153401317,0.6476033392074041,29.483877485300347
2024-01-19 16:15:00,0.37723308978006104,0.41707935774243504,0.1,312.5132328498204,0.7552080446488728,29.929196527305688
2024-01-19 16:30:00,0.36080925765411337,0.3102462864098971,0.1,290.2315087601485,0.6355473128738429,30.547641218519196
2024-01-19 16:45:00,0.28013398069539286,0.4362980053859534,0.1,361.82503430169146,0.7305977492054389,29.712504919739928
2024-01-19 17:00:00,0.2289863519902591,0.36699367029859326,0.1,318.79660543890725,0.6104618253058204,30.38435262473873
2024-01-19 17:15:00,0.1806318567273886,0.3135520190148169,0.1,352.5368011623463,0.6058031604246142,28.224436815600043
2024-01-19 17:30:00,0.1294462995097107,0.3305805716123261,0.1,364.08762962549594,0.6124170285331514,26.42306238936313
2024-01-19 17:45:00,0.054213158722605057,0.2703135622961379,0.1,387.15053260939976,0.5521201040437282,24.610354534316166
2024-01-19 18:00:00,1.0913189045569676e-16,0.6403181925697177,0.2,374.7303078987779,0.5613644441422733,24.761124234725862
2024-01-19 18:15:00,0.0,0.5241318809972726,0.2,373.7590224585257,0.447544079017904,27.681810599520166
2024-01-19 18:30:00,0.0,0.48647779598976354,0.2,399.5695801083469,0.47034949390617686,23.43115177611358
2024-01-19 18:45:00,0.0,0.308687096042424,0.2,384.0441889135822,0.4123411168976306,23.204105597555163
2024-01-19 19:00:00,0.0,0.4066012001498911,0.2,426.92187104886546,0.5139077060555698,25.540636460014525
2024-01-19 19:15:00,0.0,0.3667545252916101,0.2,388.9823991359001,0.3903599162345722,21.48425896808829
2024-01-19 19:30:00,0.0,0.4892935097784091,0.2,379.4335643591966,0.5097414608587827,19.71565123122854
2024-01-19 19:45:00,0.0,0.3957270126507362,0.2,433.4367171748878,0.4374220639483568,22.920402120446447
2024-01-19 20:00:00,0.0,0.4329709419550551,0.2,409.3987246615879,0.44797049984285475,18.344982654951355
2024-01-19 20:15:00,0.0,0.42099855147002485,0.2,454.33906068677686,0.3480462795512425,20.15360349539432
2024-01-19 20:30:00,0.0,0.49777695332532995,0.2,361.55371625054335,0.30466855638296364,19.15239679615742
2024-01-19 20:45:00,0.0,0.5390116610636944,0.2,404.1553175798381,0.32408672531861316,18.68057590698031
2024-01-19 21:00:00,0.0,0.5200951618360113,0.05,409.7122516029904,0.3755634841156748,12.572296716502253
2024-01-19 21:15:00,0.0,0.7036586080369581,0.05,400.5564577125553,0.4093207445161617,18.34653892426199
2024-01-19 21:30:00,0.0,0.6397813585035609,0.05,392.75998922018994,0.31061322249714823,16.05417574338816
2024-01-19 21:45:00,0.0,0.48799064260061853,0.05,424.9123662443643,0.2015300432882548,16.8096789224644
2024-01-19 22:00:00,0.0,0.6057656489012299,0.05,409.32795498495227,0.2014050844779745,16.00158670245408
2024-01-19 22:15:00,0.0,0.509308438100208,0.05,366.215181540346,0.2,15.076159685462628
2024-01-19 22:30:00,0.0,0.5452635136741886,0.05,382.6126349953748,0.21091308313915963,13.118025955043738
2024-01-19 22:45:00,0.0,0.6373057462266252,0.05,376.7199017999329,0.2,12.634257801522244
2024-01-19 23:00:00,0.0,0.6597501643162047,0.05,397.5768390161858,0.2,12.820344753090719
2024-01-19 23:15:00,0.0,0.5374138546517466,0.05,418.97730490893684,0.2,12.824548306105484
2024-01-19 23:30:00,0.0,0.4878020135962112,0.05,392.4150818445748,0.2,11.218465616551237
2024-01-19 23:45:00,0.0,0.6083421344201538,0.05,394.93756847428375,0.2,13.571176692489065
2024-01-20 00:00:00,0.0,0.6434622408581945,0.05,380.4195574084841,0.2,10.684059880055667
2024-01-20 00:15:00,0.0,0.5357429015860482,0.05,415.22684713587023,0.2,9.071570107139955
2024-01-20 00:30:00,0.0,0.6799444240313219,0.05,424.6529500876369,0.2,11.951675766853299
2024-01-20 00:45:00,0.0,0.6600863564071903,0.05,399.3511467621283,0.2,14.293025719723179
2024-01-20 01:00:00,0.0,0.5278980616674531,0.05,431.6003752464773,0.2,8.00563754667535
2024-01-20 01:15:00,0.0,0.7024022444849375,0.05,389.1183737796484,0.2,9.94151541307698
2024-01-20 01:30:00,0.0,0.7008486349340067,0.05,372.0603481131122,0.2,12.213351932920947
2024-01-20 01:45:00,0.0,0.7861413588689001,0.05,416.08737059875875,0.2,11.161087518903893
2024-01-20 02:00:00,0.0,0.7443810525552653,0.05,398.0825738747494,0.2,11.242480784264684
2024-01-20 02:15:00,0.0,0.47603260020808735,0.05,388.3752160594771,0.2,10.082380376962547
2024-01-20 02:30:00,0.0,0.6511689201448272,0.05,401.53342411229437,0.2,4.7695466151228025
2024-01-20 02:45:00,0.0,0.6383308911547269,0.05,368.3123314666665,0.2,10.707851961804185
2024-01-20 03:00:00,0.0,0.5065730362950226,0.05,365.0386505617243,0.2,11.087707037703584
2024-01-20 03:15:00,0.0,0.5773616358266171,0.05,401.85127107244557,0.2,12.782377308507405
2024-01-20 03:30:00,0.0,0.33398992077936235,0.05,408.6872497967913,0.2,9.259269279280671
2024-01-20 03:45:00,0.0,0.3205754798146239,0.05,427.877169459387,0.2,14.396911729521836
2024-01-20 04:00:00,0.0,0.32853580595326504,0.05,417.73277442227476,0.2,10.71885423167368
2024-01-20 04:15:00,0.0,0.527383430186473,0.05,412.7072892234281,0.2,10.720029134705745
2024-01-20 04:30:00,0.0,0.5201875996650241,0.05,425.40866711329545,0.2,10.62493410399069
2024-01-20 04:45:00,0.0,0.4368994817431903,0.05,409.79790212819285,0.2,14.574259156602777
2024-01-20 05:00:00,0.0,0.6238807218964306,0.05,393.1159680466999,0.21585689038336706,10.736947319298919
2024-01-20 05:15:00,0.0,0.5377256046941542,0.05,418.2477314728455,0.20949731132220134,14.67039467358963
2024-01-20 05:30:00,0.0,0.26627391996502725,0.05,417.5120986164384,0.2,12.297254080458528
2024-01-20 05:45:00,0.0,0.3958832052574864,0.05,399.8436816581884,0.20409935781136831,14.355981480221443
2024-01-20 06:00:00,0.0,0.3060314683818697,0.05,376.0038765190222,0.20779549695024382,11.950691887017445
2024-01-20 06:15:00,0.06293347476811627,0.4283189610261224,0.05,351.21798497104203,0.35386831093960075,17.14786651657046
2024-01-20 06:30:00,0.1299910689045163,0.37083686907945257,0.05,390.74271557813876,0.2910896739286402,15.873085131529443
2024-01-20 06:45:00,0.18824072228168856,0.27268409820613004,0.05,370.5554229485048,0.28955675130411374,17.900465921910893
2024-01-20 07:00:00,0.2329792379669876,0.5176834440322895,0.1,360.61816759973397,0.2944183737765445,17.053971557401006
2024-01-20 07:15:00,0.30142251211006044,0.3414517977352421,0.1,353.3068804237654,0.33523010803978626,19.104592598621707
2024-01-20 07:30:00,0.32993617706769646,0.28185935957995795,0.1,305.48285125248685,0.3984188133916509,18.602519023903838
2024-01-20 07:45:00,0.4235145794969303,0.2862282670101692,0.1,274.00835978698103,0.28888386817278733,20.827246805415594
2024-01-20 08:00:00,0.4618870134904979,0.4618668046208627,0.1,310.3171065605066,0.41150826610036,21.067572281840082
2024-01-20 08:15:00,0.4711059752101639,0.38001341737948513,0.1,312.840792128623,0.3943911608315907,21.046516050178422
2024-01-20 08:30:00,0.5836127778483804,0.26201260338174415,0.1,285.2849027871873,0.4606913636335506,19.504969159812724
2024-01-20 08:45:00,0.6237974722336055,0.16892186897002404,0.1,238.40377094185482,0.4984821698059329,21.076121442457765
2024-01-20 09:00:00,0.6548328127079063,0.17495912994673254,0.1,263.392440208568,0.442869706020586,21.04376530034809
2024-01-20 09:15:00,0.6804252498748969,0.20141777740373465,0.1,227.13710788691697,0.4279717395867239,26.07178388597803
2024-01-20 09:30:00,0.7306393699836352,0.2920459078633084,0.1,210.48100786397958,0.49958498270360185,25.3875520220431
2024-01-20 09:45:00,0.8159267161793764,0.3093592676381621,0.1,233.5527214985296,0.597040015984759,24.49838342058762
2024-01-20 10:00:00,0.8311277680770669,0.154240803345608,0.2,230.04488944809404,0.5917828625591136,23.875700541801393
2024-01-20 10:15:00,0.8377231363958674,0.30070147003061265,0.2,218.6530096067792,0.5477899288260154,23.97615982136604
2024-01-20 10:30:00,0.8666036725934076,0.12436250470093294,0.2,223.9868249405718,0.55088647248817,26.332564612184015
2024-01-20 10:45:00,0.808257940904926,0.1494366087044269,0.2,194.8019896783535,0.5698362705398048,30.279877325126087
2024-01-20 11:00:00,0.7990513673336108,0.06186248267164024,0.2,208.52845697499845,0.5472507574969229,27.082928808061165
2024-01-20 11:15:00,0.8307612483597575,0.055912169301014975,0.2,194.1359177036425,0.6647906437700387,29.922238580787397
2024-01-20 11:30:00,0.9548278698371465,0.10976829164558449,0.2,196.67723790985687,0.6863768196471052,28.48486031638139
2024-01-20 11:45:00,0.8379850119286115,0.19785503976334406,0.2,205.79646694933743,0.6300840048582345,29.439844463755154
2024-01-20 12:00:00,0.9099929907204747,0.10060186193892097,0.2,221.19276441288707,0.6347735511448881,27.708419424524024
2024-01-20 12:15:00,0.9370785385673632,0.3502366515228499,0.2,206.2741356045593,0.6341481326482379,28.574592410105954
2024-01-20 12:30:00,0.9138078735482155,0.10846132909234209,0.2,214.19121036749434,0.6546455890328642,27.577183515415403
2024-01-20 12:45:00,0.8780530457128012,0.22223758416949588,0.2,204.04745340440883,0.6473203607548627,30.078468641111368
2024-01-20 13:00:00,0.8080525541229981,0.33883913146745304,0.2,216.5671420877445,0.6820175522433827,29.172412757782784
2024-01-20 13:15:00,0.8303072902852787,0.21986523452835433,0.2,231.28991793126028,0.7335554017734258,30.527623937164442
2024-01-20 13:30:00,0.9165091250514371,0.17883251108084047,0.2,252.80785119920526,0.7316013995869949,27.94402885649658
2024-01-20 13:45:00,0.7395739239622052,0.23532631034881793,0.2,244.84096213215827,0.6574231397444054,30.890044461378128
2024-01-20 14:00:00,0.8535062932838676,0.1706214528370478,0.2,225.69322415077067,0.7075904856907755,30.33780578485823
2024-01-20 14:15:00,0.7411726065268635,0.13362515813522152,0.2,256.5994006850044,0.7316652314393872,30.252328468269607
2024-01-20 14:30:00,0.6875545201022929,0.30259996054519994,0.2,252.3101681687076,0.6504440429953979,30.693200213487824
2024-01-20 14:45:00,0.6580429687768187,0.19132089079556022,0.2,237.48782964428892,0.7013064327495192,29.332651039225052
2024-01-20 15:00:00,0.688352045049796,0.35225397011573306,0.1,269.8348631616922,0.7504600405965444,37.272692995129866
2024-01-20 15:15:00,0.5660689821976918,0.3477571169326775,0.1,245.55691030784868,0.6718345355960598,30.40619276070867
2024-01-20 15:30:00,0.5472465851252747,0.2948793651357682,0.1,289.533741221094,0.5762687459302839,29.449019279353614
2024-01-20 15:45:00,0.5231402215859801,0.3859745423048954,0.1,323.9218777374915,0.5432003036282897,30.452675820990596
2024-01-20 16:00:00,0.4773679919174829,0.24559407819811682,0.1,316.45230739947294,0.6753482579378294,27.617734652544808
2024-01-20 16:15:00,0.39711368589457263,0.3899199525217009,0.1,335.4746166762961,0.654766712506959,27.205954790660034
2024-01-20 16:30:00,0.34150038840187574,0.4013206032547671,0.1,315.8994398248362,0.6473927428508972,29.534270763497
2024-01-20 16:45:00,0.3132286347609219,0.30556995801487585,0.1,345.32976001804417,0.6500163159361837,29.296684129924515
2024-01-20 17:00:00,0.23009028069406168,0.30526425206957924,0.1,362.19947941451363,0.5381593677014772,29.45457006298147
2024-01-20 17:15:00,0.16887183829371988,0.39388479017952094,0.1,354.87868959791473,0.5574631468459389,23.743120028243844
2024-01-20 17:30:00,0.12752242017948145,0.5707192070721671,0.1,387.56894456403944,0.6037816007588487,25.834836182854268
2024-01-20 17:45:00,0.05722473233618382,0.36369582802162115,0.1,396.0131531930441,0.6034642570939776,26.214963986586607
2024-01-20 18:00:00,1.05411275403011e-16,0.3549227626706626,0.2,413.8963228584619,0.5371557385448118,26.440628850348862
2024-01-20 18:15:00,0.0,0.5309201060037062,0.2,379.39848235037823,0.4610727327790998,25.476052860516045
2024-01-20 18:30:00,0.0,0.43291849401394517,0.2,425.5219765763564,0.5318032192473726,22.12467908829926
2024-01-20 18:45:00,0.0,0.5256201709016859,0.2,409.01285873447927,0.49898854792209274,24.243908448559267
2024-01-20 19:00:00,0.0,0.5992269217720163,0.2,397.6372722012195,0.4247332822043603,23.230661402814054
2024-01-20 19:15:00,0.0,0.2735855044536498,0.2,398.1197551179815,0.3593453919705198,22.587933797722638
2024-01-20 19:30:00,0.0,0.4727787273281254,0.2,399.22347422687807,0.46772044259834655,19.112378634318492
2024-01-20 19:45:00,0.0,0.46547736771222287,0.2,383.42146741961255,0.3887483182187627,18.78509995263094
2024-01-20 20:00:00,0.0,0.40376692325549157,0.2,423.78320025689516,0.4093348982297114,23.624461324424725
2024-01-20 20:15:00,0.0,0.31925063751784655,0.2,419.26218024086916,0.38785704111281577,21.3181937905715
2024-01-20 20:30:00,0.0,0.36260247039900984,0.2,420.6065746450031,0.30349571671721287,18.56879797724481
2024-01-20 20:45:00,0.0,0.5423060412069557,0.2,430.2638336864042,0.3623661047051337,17.957320478353417
2024-01-20 21:00:00,0.0,0.4880177533054263,0.05,403.7955522785277,0.279364904370669,21.857473378677458
2024-01-20 21:15:00,0.0,0.4701846028038183,0.05,366.88530979004094,0.22879905128661526,16.876272382292115
2024-01-20 21:30:00,0.0,0.568113406029723,0.05,412.57742508905005,0.20402104655266362,15.939585493883143
2024-01-20 21:45:00,0.0,0.4970792174229018,0.05,411.8324944656932,0.2671515493976171,13.990295795744348
2024-01-20 22:00:00,0.0,0.702223144634748,0.05,431.0766628459136,0.32970511600046576,14.53267160438926
2024-01-20 22:15:00,0.0,0.5172861243878113,0.05,421.6416839430607,0.23538001790629262,11.078610279435885
2024-01-20 22:30:00,0.0,0.7353080584995139,0.05,402.6796844788664,0.30652949387656525,14.953971706812865
2024-01-20 22:45:00,0.0,0.5863844526942309,0.05,397.1137613516647,0.27463734635934206,15.925059842685412
2024-01-20 23:00:00,0.0,0.5279952058703093,0.05,420.0727375673823,0.2136822605144046,15.469728489408856
2024-01-20 23:15:00,0.0,0.5237005803265277,0.05,346.9010511876648,0.2531726227795666,11.076684860562455
2024-01-20 23:30:00,0.0,0.7496683977878664,0.05,404.8279993253582,0.2350625972880102,7.477090833818691
2024-01-20 23:45:00,0.0,0.6691551226432857,0.05,418.91321325641167,0.20949391554519958,12.363853299983553
2024-01-21 00:00:00,0.0,0.5240581817086583,0.05,397.57985593514235,0.2,13.977158661585552
2024-01-21 00:15:00,0.0,0.6114794414701816,0.05,392.3568427589536,0.2,7.822994700257855
2024-01-21 00:30:00,0.0,0.36242109140672796,0.05,405.8968712630535,0.2,10.013995399067996
2024-01-21 00:45:00,0.0,0.46299662421944665,0.05,426.9889336507604,0.2,11.245527945633762
2024-01-21 01:00:00,0.0,0.5181562983404099,0.05,409.0208726749178,0.2,8.658618029103838
2024-01-21 01:15:00,0.0,0.5119042995389697,0.05,386.45953429838545,0.2,6.7358325567625865
2024-01-21 01:30:00,0.0,0.706077378510258,0.05,424.33964078410503,0.2,8.59812539068869
2024-01-21 01:45:00,0.0,0.3879558810324572,0.05,428.2329300783912,0.2,8.883240106653277
2024-01-21 02:00:00,0.0,0.4304244278484505,0.05,383.853411941572,0.2,6.227677314459241
2024-01-21 02:15:00,0.0,0.6115333707895461,0.05,455.9713182406181,0.2,12.164498707955229
2024-01-21 02:30:00,0.0,0.581697899383754,0.05,399.9869385216892,0.2,13.193382217172909
2024-01-21 02:45:00,0.0,0.5153908779376598,0.05,418.9685154143634,0.2,10.25126091747375
2024-01-21 03:00:00,0.0,0.7466702491169994,0.05,414.54924389064183,0.2,11.799716048922704
2024-01-21 03:15:00,0.0,0.5936098722068134,0.05,386.0399668937913,0.2,7.57232030788704
2024-01-21 03:30:00,0.0,0.6440347563673545,0.05,390.96947966156637,0.2138871289093734,10.478048101516233
2024-01-21 03:45:00,0.0,0.5060340347606092,0.05,401.35415620031904,0.23081376271480378,9.873463507872469
2024-01-21 04:00:00,0.0,0.445641785645319,0.05,362.5987780262925,0.2,12.16286075980864
2024-01-21 04:15:00,0.0,0.4352448003040248,0.05,416.4195512364983,0.2,6.289273477230406
2024-01-21 04:30:00,0.0,0.5693031776102717,0.05,362.08507713174845,0.2,11.458325608068034
2024-01-21 04:45:00,0.0,0.5415627268311032,0.05,400.293347453712,0.2,13.73840351730517
2024-01-21 05:00:00,0.0,0.42990299577209207,0.05,386.5657268624517,0.2,13.405327226036501
2024-01-21 05:15:00,0.0,0.48617646986612767,0.05,411.5761821956911,0.25318794608921713,14.97235583880575
2024-01-21 05:30:00,0.0,0.5223670438457318,0.05,355.9165322917496,0.24159772244466532,12.715634546371692
2024-01-21 05:45:00,0.0,0.3566876778677998,0.05,366.75601008552985,0.26710129491584883,8.797661765068597
2024-01-21 06:00:00,0.0,0.36566045252757057,0.05,388.06483363961416,0.29441286995187316,17.19776885598459
2024-01-21 06:15:00,0.06170789566989911,0.43158342431950997,0.05,397.2962526127736,0.22383287609710037,17.095405450872203
2024-01-21 06:30:00,0.1128242628792248,0.19502873579272229,0.05,378.3267219187245,0.2689740751826733,19.310680146853954
2024-01-21 06:45:00,0.18450312646402642,0.40754115313629424,0.05,381.9875754647296,0.3258297785539766,16.934118184341038
2024-01-21 07:00:00,0.2243457304185358,0.23573128502476456,0.1,350.3941849448446,0.30507593050121146,18.244287897004405
2024-01-21 07:15:00,0.3106851596426147,0.4298774460334182,0.1,335.3572702490801,0.344944160099646,22.707592186178918
2024-01-21 07:30:00,0.3395626761419436,0.5382417962510334,0.1,302.0317347166281,0.32085602956343634,14.992717075962737
2024-01-21 07:45:00,0.4281314773454656,0.24182543047457625,0.1,307.0748552004623,0.446865600801978,20.235376632154555
2024-01-21 08:00:00,0.43579831256778195,0.16503562651374962,0.1,299.6096912119187,0.44692653675939326,22.43547920728875
2024-01-21 08:15:00,0.46761941358063996,0.27089509031592707,0.1,247.79085954742186,0.48147483609398445,21.079194717796966
2024-01-21 08:30:00,0.5588113622321043,0.2517217358862788,0.1,260.443327356979,0.47211388137445787,21.437876080459386
2024-01-21 08:45:00,0.5865032896992161,0.33420321942588505,0.1,277.3979601203522,0.40383330234082665,18.98375872376286
2024-01-21 09:00:00,0.6006043242880406,0.28198477485212187,0.1,262.1685110185154,0.45366936153158993,25.52263675045128
2024-01-21 09:15:00,0.6450862616486441,0.21999901023933607,0.1,244.57189155218234,0.46134521540007123,25.352274985362463
2024-01-21 09:30:00,0.7563439968876051,0.25039069211423054,0.1,229.18051403608868,0.5019412852023792,26.391952202980754
2024-01-21 09:45:00,0.7757634966807195,0.12149083602863846,0.1,198.84831806314978,0.5855747918492296,24.379779180688068
2024-01-21 10:00:00,0.7198451225454923,0.30971642358193896,0.2,183.2872906023288,0.47636195835511774,24.35854087379992
2024-01-21 10:15:00,0.8266698713751585,0.3824215659889511,0.2,214.49169896592682,0.537489098584622,25.542290650625286
2024-01-21 10:30:00,0.8226047638358703,0.09546437971980534,0.2,245.00299470006934,0.5629041282234948,29.486259670938267
2024-01-21 10:45:00,0.8900844094851086,0.0526886763577292,0.2,211.35208087203915,0.5321029113510101,26.072842596759077
2024-01-21 11:00:00,0.885052248223638,0.1666059920674013,0.2,227.2428301198231,0.6223699470971317,30.034953570249737
2024-01-21 11:15:00,0.8087959585314456,0.08169589620702145,0.2,180.30919548825284,0.6084529762778204,27.2242021065808
2024-01-21 11:30:00,0.9264046132462888,0.07408925941512282,0.2,207.3740176356063,0.6935968433656232,26.219017438996527
2024-01-21 11:45:00,0.9159163397800085,0.06022636578749166,0.2,186.35448004243935,0.6356847136738377,24.16020803479024
2024-01-21 12:00:00,0.9293284081089942,0.1806397603992601,0.2,185.15440628982526,0.6827547290504589,29.808514139578435
2024-01-21 12:15:00,0.8635229752129302,0.15928596838667453,0.2,215.32000741442263,0.6748110908786703,30.504971653756417
2024-01-21 12:30:00,0.8898387526834486,0.23903672013875488,0.2,199.30208781801463,0.5530882328541151,26.937725383714255
2024-01-21 12:45:00,0.9253111917953161,0.14754152442808707,0.2,176.13225996357068,0.6123217592050305,32.423027971678394
2024-01-21 13:00:00,0.9457203752431329,0.0851505251881189,0.2,208.7754263910597,0.7089547713346049,26.896504710426367
2024-01-21 13:15:00,0.8653983744252849,0.208925676109467,0.2,196.29060377151131,0.711133674951638,31.224729202860875
2024-01-21 13:30:00,0.8065942250149806,0.10936848926331372,0.2,186.3374888292883,0.6939999656870961,31.42941324263855
2024-01-21 13:45:00,0.8284109532839635,0.27184256362218145,0.2,200.7184600065392,0.7658643423684732,32.12491886758196
2024-01-21 14:00:00,0.7707453374513906,0.0601726391592505,0.2,267.7127851535729,0.7254987370354198,26.05840496941362
2024-01-21 14:15:00,0.7638779784703643,0.017217496648285313,0.2,257.953766597286,0.777872452637663,32.112334612784046
2024-01-21 14:30:00,0.6978018352040023,0.08035206190821409,0.2,201.03858011203906,0.5744501010585602,29.62476412234704
2024-01-21 14:45:00,0.6473126838059261,0.20780009651005854,0.2,245.86472157181143,0.7809429853301909,29.127130488865287
2024-01-21 15:00:00,0.6958012797058106,0.22986565813970336,0.1,256.26898583485786,0.6594200995716016,31.30927721242256
2024-01-21 15:15:00,0.61549926911049,0.28182501532679655,0.1,262.8100919571113,0.685322220486194,31.39067375633435
2024-01-21 15:30:00,0.5673753292543613,0.22177747879846132,0.1,264.9699240859925,0.736502454952653,25.261528865948453
2024-01-21 15:45:00,0.5125013298959191,0.20423515761905833,0.1,303.8272997755561,0.5633235776371971,26.389152042004888
2024-01-21 16:00:00,0.47913760447494586,0.4433274570626877,0.1,318.8539133499855,0.6471409340609944,31.058679121039518
2024-01-21 16:15:00,0.3985355493908593,0.42843080381290577,0.1,332.5222759775077,0.6998816514429583,29.264674277386224
2024-01-21 16:30:00,0.36316156452756876,0.4220835566131347,0.1,330.06547372928503,0.6071535126793581,28.297038018556602
2024-01-21 16:45:00,0.29397829399033715,0.36660173626629733,0.1,347.8852337120503,0.671238979285535,25.54705763198931
2024-01-21 17:00:00,0.2394230947620205,0.3870868233654392,0.1,341.34645568041424,0.6459511203411541,27.948751113649536
2024-01-21 17:15:00,0.18830339885275144,0.2804621470245633,0.1,329.4531517263526,0.6062620882714472,29.031322414214124
2024-01-21 17:30:00,0.12240866697721269,0.388330590378533,0.1,341.83974380601177,0.6125734091886545,30.723480149373675
2024-01-21 17:45:00,0.05755636743453052,0.29293265215182335,0.1,369.8855176655464,0.6314027350928872,24.847328540176385
2024-01-21 18:00:00,1.1587510874424562e-16,0.2946726699379831,0.2,395.98854334216537,0.5801250484904434,26.754172357301016
2024-01-21 18:15:00,0.0,0.2513316479218711,0.2,374.3370190916662,0.5791430501922784,28.132650062455774
2024-01-21 18:30:00,0.0,0.46671239664001535,0.2,377.40257966934666,0.4707403430250266,20.929446590321
2024-01-21 18:45:00,0.0,0.4553852406261977,0.2,392.43214614612396,0.5255315298118073,26.812651670079333
2024-01-21 19:00:00,0.0,0.42147532123248593,0.2,417.28228784099946,0.5021139627945282,22.98947762476924
2024-01-21 19:15:00,0.0,0.4209072343518505,0.2,406.6865650706705,0.514721761113401,22.100631818045514
2024-01-21 19:30:00,0.0,0.2935260376012587,0.2,382.7294787391065,0.3812580758313044,20.22180435004702
2024-01-21 19:45:00,0.0,0.514097693968184,0.2,400.9276711583309,0.4733014535313258,19.926242091084138
2024-01-21 20:00:00,0.0,0.46844599371036416,0.2,373.4271285154548,0.35604180272817476,18.509975595981608
2024-01-21 20:15:00,0.0,0.6007137676452838,0.2,382.7295573397057,0.49741122579011116,17.43992062075365
2024-01-21 20:30:00,0.0,0.5363734213915027,0.2,366.85647279396863,0.31641854400048824,19.59398308665635
2024-01-21 20:45:00,0.0,0.602447551540417,0.2,408.57676595610565,0.28313421374997916,20.274471655069735
2024-01-21 21:00:00,0.0,0.5406973163778948,0.05,394.3438546977575,0.30782902844230525,15.316316978876037
2024-01-21 21:15:00,0.0,0.5685357487113549,0.05,396.84555109860196,0.3559864046908227,15.395270036335413
2024-01-21 21:30:00,0.0,0.651783295827031,0.05,416.11874248973703,0.3029473538632278,16.685855631652267
2024-01-21 21:45:00,0.0,0.547054996026668,0.05,380.05497531085814,0.35128848506175914,13.348111891144953
2024-01-21 22:00:00,0.0,0.6203905695770374,0.05,409.3349846824057,0.23497517171874308,15.488260081667866
2024-01-21 22:15:00,0.0,0.5350221068264976,0.05,439.6984198830765,0.20883058247049263,13.904919387192693
2024-01-21 22:30:00,0.0,0.5716652155398074,0.05,380.35772248171264,0.2,10.636493898804298
2024-01-21 22:45:00,0.0,0.7487384257599693,0.05,368.739621974071,0.2,14.349802673015015
2024-01-21 23:00:00,0.0,0.6572358334535229,0.05,374.8431888798936,0.2,11.806893034243332
2024-01-21 23:15:00,0.0,0.5420111652202814,0.05,407.77170578065204,0.2,14.531698944211337
2024-01-21 23:30:00,0.0,0.6405808882974874,0.05,434.9258440132018,0.2,11.675474969244759
2024-01-21 23:45:00,0.0,0.4715736572851412,0.05,434.1065806579522,0.2,10.262682859364856
2024-01-22 00:00:00,0.0,0.5778807785380768,0.05,416.8981184524342,0.2142021048266286,11.273256482045888
2024-01-22 00:15:00,0.0,0.5042293545654705,0.05,417.58593051358866,0.2,13.515214114503319
2024-01-22 00:30:00,0.0,0.6434795920380958,0.05,409.291138029743,0.2,14.444849729437411
2024-01-22 00:45:00,0.0,0.5772638989138268,0.05,414.5019945739882,0.2,11.71684093150514
2024-01-22 01:00:00,0.0,0.6215330128154646,0.05,406.07515898201854,0.2,9.162678436311932
2024-01-22 01:15:00,0.0,0.6668039777533438,0.05,384.00471744424203,0.2,10.257361161503876
2024-01-22 01:30:00,0.0,0.5387544805945524,0.05,434.26876018101143,0.2,9.888716778845561
2024-01-22 01:45:00,0.0,0.5369261166531214,0.05,426.7086345793917,0.2,9.720930389978856
2024-01-22 02:00:00,0.0,0.5695013626969744,0.05,384.46020331498835,0.2,9.4912199387156
2024-01-22 02:15:00,0.0,0.4802442950209627,0.05,412.96958653394495,0.2,8.090556081874348
2024-01-22 02:30:00,0.0,0.5575493692400181,0.05,429.2248445449239,0.2,12.036789070947039
2024-01-22 02:45:00,0.0,0.554524240759151,0.05,408.3736025772861,0.2,11.91370685685911
2024-01-22 03:00:00,0.0,0.5643153777537644,0.05,395.8928555224237,0.2,10.387066908389588
2024-01-22 03:15:00,0.0,0.5738242072114051,0.05,428.59461452384704,0.2,13.048194019892314
2024-01-22 03:30:00,0.0,0.3614406602087238,0.05,405.1068020018186,0.2,11.943305833205574
2024-01-22 03:45:00,0.0,0.38260189674745826,0.05,387.4424492195895,0.2,8.798403221017534
2024-01-22 04:00:00,0.0,0.3832815746152338,0.05,376.99662319666413,0.2,10.630935995474768
2024-01-22 04:15:00,0.0,0.49771853816644973,0.05,341.37806472574925,0.22405178573761533,14.646045376945894
2024-01-22 04:30:00,0.0,0.44809910056495195,0.05,439.4624933157308,0.2,11.345170882104076
2024-01-22 04:45:00,0.0,0.23751543624712781,0.05,383.2629687302521,0.2,11.094941920582713
2024-01-22 05:00:00,0.0,0.6464682898677071,0.05,419.27889698159333,0.2,14.373750524059421
2024-01-22 05:15:00,0.0,0.24012115762864142,0.05,381.59219144328733,0.2,12.846107024370824
2024-01-22 05:30:00,0.0,0.42914760644825806,0.05,403.33919228791586,0.30983180542084,15.03395544816765
2024-01-22 05:45:00,0.0,0.4694179300225169,0.05,408.99456951012223,0.2,14.372065518766142
2024-01-22 06:00:00,0.0,0.32802130256507783,0.05,375.21743952195465,0.2365103409896362,13.406688780404021
2024-01-22 06:15:00,0.06468790966644729,0.45091534322012466,0.05,406.06011075669585,0.2328384774239519,14.190889182893255
2024-01-22 06:30:00,0.11876273620777435,0.273077013617508,0.05,369.93000276293844,0.25029538926355965,12.801667321356906
2024-01-22 06:45:00,0.17419713714954338,0.37809207579004217,0.05,372.0348298861005,0.2981190988407569,14.575240230449133
2024-01-22 07:00:00,0.2454452796181791,0.13018150873034667,0.1,377.32655569152234,0.3575070465487467,18.668566309757228
2024-01-22 07:15:00,0.3013863502526237,0.4530350160687175,0.1,350.5045662742493,0.3494794610331917,20.460637547925
2024-01-22 07:30:00,0.3515841653731265,0.32355087215104417,0.1,321.5667737460421,0.3229157073982549,17.47388558046261
2024-01-22 07:45:00,0.43672278592665004,0.1520710215019178,0.1,350.4232354699578,0.3800644714784539,16.59600278952788
2024-01-22 08:00:00,0.4277097059584539,0.36287543145278467,0.1,299.1069739774275,0.33164973608025594,22.275674660529276
2024-01-22 08:15:00,0.510635642093521,0.45210117778060904,0.1,290.7486125439261,0.47878400474023897,22.988887440383007
2024-01-22 08:30:00,0.49538119789370205,0.18560666773887396,0.1,274.9752052227941,0.4138596531170756,22.751179434717397
2024-01-22 08:45:00,0.5666087815307905,0.2471096427903365,0.1,243.61877796087043,0.4359040060330882,19.049039652000918
2024-01-22 09:00:00,0.6531908813256696,0.2070962541266177,0.1,231.8629245149932,0.38033827048502966,23.618429509243487
2024-01-22 09:15:00,0.7205390045571897,0.17261034703107214,0.1,238.54798940515295,0.4710969847489797,24.317552386495326
2024-01-22 09:30:00,0.7117684350376368,0.15377312189842668,0.1,221.05466887044975,0.5989211403571271,25.62798611478147
2024-01-22 09:45:00,0.7171742966779785,0.1690602565874601,0.1,228.15267359776485,0.5632626617509067,24.724864952607007
2024-01-22 10:00:00,0.8383801006849371,0.1675568731943748,0.2,243.31815588329815,0.6054498559561836,23.499649932033137
2024-01-22 10:15:00,0.8697157751072588,0.18497911031315806,0.2,212.44407996699482,0.5725016096874943,24.746619056298588
2024-01-22 10:30:00,0.7861321003779259,0.17231642840070002,0.2,219.6233354940459,0.4516205693102405,28.441720163901657
2024-01-22 10:45:00,0.8474869773468353,0.2867310754083454,0.2,200.49584739236465,0.601283848211931,27.352542753705023
2024-01-22 11:00:00,0.8769075848345684,0.2740024663914462,0.2,257.7155452102584,0.6221926828989548,24.454953885063606
2024-01-22 11:15:00,0.9132071871058103,0.05049288283815628,0.2,234.0076425509774,0.6703338993018464,30.931332789050046
2024-01-22 11:30:00,0.8537677556891958,0.14235199178618146,0.2,196.758884766881,0.6361689868090749,30.244627928648786
2024-01-22 11:45:00,0.9507655048050243,0.32548394000331926,0.2,205.8722005473551,0.6108513332406418,31.639693448679395
2024-01-22 12:00:00,0.9540303028586244,0.2294024959610915,0.2,173.19231629807368,0.6548475961768585,30.928878805668973
2024-01-22 12:15:00,0.9600794666731095,0.23387528585812783,0.2,196.14008165730414,0.6519488092144854,27.111931792179238
2024-01-22 12:30:00,0.9469626263543283,0.22560886953161413,0.2,189.7033999149912,0.70334608825518,29.898805228453167
2024-01-22 12:45:00,0.9143393181576208,0.17767683531510808,0.2,218.7007505101774,0.6792305129650995,30.676289697079252
2024-01-22 13:00:00,0.7355861573162397,0.20271005567820966,0.2,188.20860331927304,0.6402708032995089,26.970650250442127
2024-01-22 13:15:00,0.8573757446194934,0.17022408301453748,0.2,243.76878510151803,0.7225805750479088,27.46308007246159
2024-01-22 13:30:00,0.821735789370852,0.3007976186953617,0.2,213.91553160929888,0.6604905833466834,31.401245081027856
2024-01-22 13:45:00,0.8587891045164032,0.18114762601809414,0.2,203.23714306241013,0.6835578447274154,31.623965824865294
2024-01-22 14:00:00,0.7720078409422306,0.21549927272020117,0.2,227.43809163441588,0.676804097983907,34.73643805852798
2024-01-22 14:15:00,0.7720856275797071,0.3072398228647416,0.2,248.44158571755432,0.7112188251732873,29.45781603416099
2024-01-22 14:30:00,0.7447511322279164,0.2085501315490361,0.2,251.73736719646013,0.6288693138992295,26.548557947727392
2024-01-22 14:45:00,0.6379351584616895,0.24256003361418327,0.2,252.76351348413925,0.6958409964125329,29.505587647834325
2024-01-22 15:00:00,0.6180387370809681,0.22275884463391282,0.1,276.13127318789583,0.7437997011284929,31.34617805550792
2024-01-22 15:15:00,0.6227783630197861,0.25919734463434485,0.1,284.46064383150485,0.6888676096313039,28.74110385518118
2024-01-22 15:30:00,0.5458197610622871,0.24581551010723626,0.1,294.6773629816886,0.643792378719715,29.442286908557506
2024-01-22 15:45:00,0.46297551939239634,0.23530028073913983,0.1,283.37253838624525,0.6507792490173657,27.68453187835091
2024-01-22 16:00:00,0.4069010810562854,0.2292047069364097,0.1,294.34749440903977,0.6745950104588375,31.046444349477557
2024-01-22 16:15:00,0.39815567452589057,0.2942971857533707,0.1,307.3953854254798,0.6774557587673556,29.803927287731575
2024-01-22 16:30:00,0.329235055167705,0.42528713463684575,0.1,313.5820278097749,0.7132028393956836,26.29338432622854
2024-01-22 16:45:00,0.284048943231271,0.3980818136951651,0.1,337.82560144498444,0.5442648131274594,26.474546917084023
2024-01-22 17:00:00,0.23678298062777658,0.1903180233623883,0.1,348.1237392909706,0.6253039227885003,25.712083936201136
2024-01-22 17:15:00,0.18453919108995195,0.31806698623011387,0.1,394.0833024333042,0.6070733765558484,22.874215043398333
2024-01-22 17:30:00,0.11640233195138906,0.31006090467000097,0.1,363.79845425401567,0.5792904697937498,24.56364768583487
2024-01-22 17:45:00,0.060267369505600514,0.23068705799396874,0.1,367.18522043968653,0.5844430485239038,22.00997628133882
2024-01-22 18:00:00,1.0883632875355906e-16,0.4275278529100817,0.2,412.91469894168546,0.5385232031594884,26.867159243669622
2024-01-22 18:15:00,0.0,0.40347150392915515,0.2,401.4304408855556,0.4827459215164692,26.448637165501072
2024-01-22 18:30:00,0.0,0.6283994460746688,0.2,386.2731142670205,0.5254813260059507,23.229255777305703
2024-01-22 18:45:00,0.0,0.4056160309794652,0.2,415.6423120995277,0.5288945645795116,23.623786371305165
2024-01-22 19:00:00,0.0,0.3741462525307154,0.2,394.4201619942269,0.47528001893079064,24.730189772608448
2024-01-22 19:15:00,0.0,0.3769940635949063,0.2,430.48569721494954,0.5114942237728759,23.518467301678122
2024-01-22 19:30:00,0.0,0.4313776211483099,0.2,380.99710186287064,0.4272880013277335,25.314659140889283
2024-01-22 19:45:00,0.0,0.547490400487968,0.2,388.3835870634446,0.44264923269912015,21.172856213776946
2024-01-22 20:00:00,0.0,0.5704868081797071,0.2,402.553226996869,0.3209128393582729,22.905270666953403
2024-01-22 20:15:00,0.0,0.8037297804557497,0.2,427.15569104116145,0.4925006191040041,19.536208645669756
2024-01-22 20:30:00,0.0,0.4010941329309962,0.2,385.7299645000561,0.3494631763663923,18.45574116149156
2024-01-22 20:45:00,0.0,0.5404926505497335,0.2,407.53011361954856,0.3170635844916827,19.406464909473783
2024-01-22 21:00:00,0.0,0.47299320259473865,0.05,376.7206427721761,0.30906672442485156,18.516115975321256
2024-01-22 21:15:00,0.0,0.5854179386749353,0.05,418.3344972863168,0.2561289561302039,15.569761895131347
2024-01-22 21:30:00,0.0,0.6969863849715938,0.05,386.9635264267084,0.22676914265120882,14.5251034444983
2024-01-22 21:45:00,0.0,0.6525050603638824,0.05,412.37545479169614,0.26936560933949094,15.726664254976942
2024-01-22 22:00:00,0.0,0.4524446300002416,0.05,413.408109781189,0.2557057875066676,11.21985851906935
2024-01-22 22:15:00,0.0,0.6478403024068424,0.05,363.68136007960356,0.24452271401756454,13.829236912380399
2024-01-22 22:30:00,0.0,0.3734408271784305,0.05,404.1865370298374,0.2156744591528384,11.94770866800534
2024-01-22 22:45:00,0.0,0.35139408968091884,0.05,389.886232137831,0.2,12.253849325531808
2024-01-22 23:00:00,0.0,0.5682801091378449,0.05,409.9702160840236,0.2,11.37146688961512
2024-01-22 23:15:00,0.0,0.6572250785018923,0.05,382.5187903520057,0.2,14.017419859953455
2024-01-22 23:30:00,0.0,0.63310865757656,0.05,388.37136592565713,0.2,12.959825853188994
2024-01-22 23:45:00,0.0,0.7901506080839876,0.05,423.96930346770444,0.2,11.791208926394633
2024-01-23 00:00:00,0.0,0.6109326982962451,0.05,422.4215273689802,0.2,10.572993213567472
2024-01-23 00:15:00,0.0,0.5888859145688099,0.05,380.11788531538355,0.2,13.100669269629183
2024-01-23 00:30:00,0.0,0.7138082563028874,0.05,435.92741549517353,0.2,12.56250186991399
2024-01-23 00:45:00,0.0,0.5587437879315426,0.05,348.3588165847306,0.2,10.30841605465864
2024-01-23 01:00:00,0.0,0.6320599956168613,0.05,404.291578524843,0.2,13.050235228412998
2024-01-23 01:15:00,0.0,0.6342836403411887,0.05,374.3109827543476,0.2,9.81306090071768
2024-01-23 01:30:00,0.0,0.48759910072826806,0.05,407.4275819523478,0.20171866950538309,10.494956434737732
2024-01-23 01:45:00,0.0,0.6181212275828798,0.05,394.767128941986,0.2,8.872973527200184
2024-01-23 02:00:00,0.0,0.7917077736213307,0.05,379.6472149633244,0.2,9.213579534434954
2024-01-23 02:15:00,0.0,0.6799588930980636,0.05,385.2518930883965,0.2,8.767377718181276
2024-01-23 02:30:00,0.0,0.47474171438739915,0.05,384.267400568915,0.2,11.4607350995603
2024-01-23 02:45:00,0.0,0.7842330555512516,0.05,401.52768815177893,0.2,10.9445861902122
2024-01-23 03:00:00,0.0,0.6103483231498403,0.05,419.49451201811456,0.2,8.235264307766823
2024-01-23 03:15:00,0.0,0.574294118317515,0.05,439.17620136284506,0.2,11.663596805897647
2024-01-23 03:30:00,0.0,0.5120301299279358,0.05,396.58211603666274,0.2,14.347106787317973
2024-01-23 03:45:00,0.0,0.5793846113786104,0.05,405.97628449816295,0.2,9.711120517786334
2024-01-23 04:00:00,0.0,0.5111784631329856,0.05,423.72431468804865,0.21290237947845964,9.905228836995512
2024-01-23 04:15:00,0.0,0.4904221836398849,0.05,391.02127099941833,0.2,11.70143764069372
2024-01-23 04:30:00,0.0,0.4632258001212817,0.05,384.3383055033013,0.2,14.822936117093711
2024-01-23 04:45:00,0.0,0.5616645866545417,0.05,438.96850668264824,0.22931006533428164,11.60497737233128
2024-01-23 05:00:00,0.0,0.5380577801447266,0.05,396.4046473134351,0.23135941491403747,16.61263405336513
2024-01-23 05:15:00,0.0,0.4240786430429832,0.05,404.3467369536509,0.22732884635014544,11.292424572341062
2024-01-23 05:30:00,0.0,0.2742067800884689,0.05,367.922660904052,0.21791855842618002,14.288482842599635
2024-01-23 05:45:00,0.0,0.416687231884261,0.05,389.5237479098196,0.22817308946135906,11.041777530738258
2024-01-23 06:00:00,0.0,0.3282123640420871,0.05,437.7427791998455,0.2768299716713673,13.12770609907397
2024-01-23 06:15:00,0.06402292318791905,0.3395614421721707,0.05,396.17550333760846,0.2761372250582742,15.150311242013034
2024-01-23 06:30:00,0.11762130335467755,0.36140951971332286,0.05,373.32112838324343,0.35058110563928246,16.713553918907728
2024-01-23 06:45:00,0.18215451633530272,0.2549503365936702,0.05,388.8562468851369,0.26950596298434537,19.267069301515736
2024-01-23 07:00:00,0.22875744353115823,0.18720637542837987,0.1,315.3342458967002,0.32325405956198683,16.01315092823751
2024-01-23 07:15:00,0.2814433470737537,0.3649094269460462,0.1,327.41712060519075,0.385989669144265,18.890384602328094
2024-01-23 07:30:00,0.3539125984860038,0.3261462666194636,0.1,368.96308179771137,0.36906305169023834,16.01652391295265
2024-01-23 07:45:00,0.3793932023107988,0.3104013540706832,0.1,310.5428861399891,0.41403702799567277,21.365675695856655
2024-01-23 08:00:00,0.49137948271493004,0.3510766588593914,0.1,298.8622770091488,0.4329310904374375,22.62076460323888
2024-01-23 08:15:00,0.4913216780927884,0.2229321661697687,0.1,312.46886772079307,0.3983788896308718,22.729080977092345
2024-01-23 08:30:00,0.51979837785298,0.3114950573064667,0.1,303.2208292760486,0.3881244711709256,23.377390782999548
2024-01-23 08:45:00,0.6073755384468756,0.4018730411372585,0.1,242.09990931627937,0.4211379446189034,21.768136105501483
2024-01-23 09:00:00,0.6672026028310627,0.23310804967551424,0.1,267.13797722981997,0.4234573916888818,23.141614700414124
2024-01-23 09:15:00,0.6279847636452238,0.4395704146009992,0.1,284.7478493748642,0.40363260220779074,23.020434653242674
2024-01-23 09:30:00,0.7590456237744406,0.2463287746537837,0.1,228.46764929266584,0.5693930979145996,23.735816976910378
2024-01-23 09:45:00,0.7599277607600916,0.1484681533536118,0.1,226.25746047874298,0.43838545672228385,22.93556070549082
2024-01-23 10:00:00,0.8207636951549673,0.3117633217359502,0.2,227.37129351367946,0.6430730112339633,25.563337139685547
2024-01-23 10:15:00,0.852881427365067,0.20936939877884453,0.2,234.51234958160498,0.5402817033253537,26.391303005075265
2024-01-23 10:30:00,0.8950209452744546,0.3204791429575766,0.2,186.67079328839068,0.5687106628916565,28.058209627482675
2024-01-23 10:45:00,0.7993576510711332,0.25194860296979915,0.2,148.36342529913048,0.5220590695762057,27.377693982109065
2024-01-23 11:00:00,0.9250792951369748,0.1740319378307858,0.2,211.12470410191,0.6313603770530676,28.833226464371457
2024-01-23 11:15:00,0.9236233773286605,0.3559444380535937,0.2,227.16050014849947,0.6125073287693533,26.029848655041636
2024-01-23 11:30:00,0.8811979495928133,0.1517739072933225,0.2,195.4718414629142,0.6410608838518255,30.78040924980082
2024-01-23 11:45:00,0.9178879855805786,0.0,0.2,188.2202186814655,0.6100847061747503,27.83218988559463
2024-01-23 12:00:00,0.9455198488664368,0.28805796708543513,0.2,196.66067155302574,0.6838484097947879,24.56274598095016
2024-01-23 12:15:00,0.9462079871399725,0.23542141482672352,0.2,232.37913875101836,0.6278659520956015,28.189747207825608
2024-01-23 12:30:00,0.9097742355189846,0.33008294649855985,0.2,188.41979957594197,0.6811021712352531,30.3921560196014
2024-01-23 12:45:00,0.9275353129501069,0.11567555808353552,0.2,215.2485900077606,0.7071781243933059,29.633709967578465
2024-01-23 13:00:00,0.8525275901699289,0.18209966900100716,0.2,183.74341480015016,0.7623432002017355,25.77523376982523
2024-01-23 13:15:00,0.8391886110384272,0.17460979671773388,0.2,188.49986459258687,0.7345306312765083,30.23816564581541
2024-01-23 13:30:00,0.8416933201201987,0.3086003010227345,0.2,232.12495484395248,0.7019274144322505,30.167911585013904
2024-01-23 13:45:00,0.8019975722504812,0.28571046969468955,0.2,253.31283758410112,0.6989592757285203,28.03572137654117
2024-01-23 14:00:00,0.8157041636119797,0.2482749568148261,0.2,244.57496155557405,0.7156706026331924,31.12902888498814
2024-01-23 14:15:00,0.764555146053383,0.2558305479383676,0.2,192.62948873621943,0.737693282778192,29.71093052902505
2024-01-23 14:30:00,0.7499988852545882,0.12623221572437926,0.2,232.930447150379,0.6602178690242877,26.012285481150855
2024-01-23 14:45:00,0.6331582842493159,0.3265002521928765,0.2,254.41037584619707,0.7393960508275307,31.198003020154395
2024-01-23 15:00:00,0.6806374661022235,0.3374907461117105,0.1,259.7701259823008,0.6429280364407184,30.00889296271979
2024-01-23 15:15:00,0.609737499094395,0.4972415544418601,0.1,229.73732697322038,0.7068946917464662,32.49641971693565
2024-01-23 15:30:00,0.5565687058914369,0.3253262116377802,0.1,252.3038026895902,0.7042352162821461,27.508903376163673
2024-01-23 15:45:00,0.5118842348480229,0.3521318220108972,0.1,272.85074437570154,0.6354835680597776,28.502642089283015
2024-01-23 16:00:00,0.4269540636531985,0.3477601127662293,0.1,298.6479175129831,0.5826885907130185,30.79224090977578
2024-01-23 16:15:00,0.4135431772865898,0.2418717852263217,0.1,272.8613835212473,0.6362124320605477,26.483454312786176
2024-01-23 16:30:00,0.35046820363974845,0.4484034565080671,0.1,335.46781436189076,0.5065124603244155,29.99503223561749
2024-01-23 16:45:00,0.28801261639031855,0.33013748912698127,0.1,333.8524587924486,0.6166337267166395,29.6320572931872
2024-01-23 17:00:00,0.2359690027580256,0.3289403057228256,0.1,327.3721229557141,0.5497200051833204,27.698628558187703
2024-01-23 17:15:00,0.17686220404476236,0.34750058302733444,0.1,364.8536754980883,0.7534663284249353,26.263200522665546
2024-01-23 17:30:00,0.12398327189954701,0.3673004007226941,0.1,345.09431039898595,0.6355631900238532,24.793040665220868
2024-01-23 17:45:00,0.0633602507199887,0.3382784652872663,0.1,385.87765892104903,0.5702810463183664,24.113536896770825
2024-01-23 18:00:00,1.152238821838053e-16,0.42152386131877007,0.2,363.9856502325697,0.6166205029210358,25.621661448027794
2024-01-23 18:15:00,0.0,0.40341977736034135,0.2,366.9043009640953,0.567938362432432,18.667962835349712
2024-01-23 18:30:00,0.0,0.40793429924133,0.2,390.9190720368063,0.4566280376817161,22.712721397868336
2024-01-23 18:45:00,0.0,0.4880005598878755,0.2,385.6746611622186,0.4651600494909674,21.824466499588777
2024-01-23 19:00:00,0.0,0.45934267780589083,0.2,407.68577361331654,0.5291190639420562,20.61210592652329
2024-01-23 19:15:00,0.0,0.40887429843960005,0.2,399.6268641244475,0.41050022492526966,22.322324800993073
2024-01-23 19:30:00,0.0,0.4001826277654314,0.2,442.0079122191134,0.45892376033205823,18.36568293693022
2024-01-23 19:45:00,0.0,0.49829790472528707,0.2,394.6967645553192,0.45335883864754567,23.059776014754867
2024-01-23 20:00:00,0.0,0.4253368160963077,0.2,334.0117910889007,0.3869678331972438,21.827161152428726
2024-01-23 20:15:00,0.0,0.4292528713988851,0.2,359.3132192845323,0.3879955557033968,22.065065040681482
2024-01-23 20:30:00,0.0,0.441304611994584,0.2,376.0774668263951,0.4024318385987711,17.640285856590225
2024-01-23 20:45:00,0.0,0.5573676362677875,0.2,467.690777197893,0.38067738501578535,18.464696345354074
2024-01-23 21:00:00,0.0,0.6607756033378032,0.05,399.2655372473845,0.3447631528282907,19.05815157009189
2024-01-23 21:15:00,0.0,0.5851440263184846,0.05,422.1706315450603,0.30292044299490634,16.523993129437336
2024-01-23 21:30:00,0.0,0.6473528393009853,0.05,420.1441820599553,0.31456275887813473,15.039955768460736
2024-01-23 21:45:00,0.0,0.5593237305487267,0.05,374.66185075883567,0.2,15.81647119754188
2024-01-23 22:00:00,0.0,0.587427600826526,0.05,364.13750431328145,0.323778981484402,14.589953066457205
2024-01-23 22:15:00,0.0,0.7446741151914027,0.05,412.84626725179135,0.22670106411211516,12.302934451417215
2024-01-23 22:30:00,0.0,0.6676464052629583,0.05,355.59092496992196,0.2,9.151625261619184
2024-01-23 22:45:00,0.0,0.6830886990399055,0.05,419.55318273930214,0.2321694514012381,11.559423207636314
2024-01-23 23:00:00,0.0,0.5667647022244967,0.05,397.6588935382947,0.21643944655636,8.209708984802909
2024-01-23 23:15:00,0.0,0.5956302784153976,0.05,412.32108471074207,0.2,10.741623963497437
2024-01-23 23:30:00,0.0,0.6388554179947512,0.05,406.06884500582015,0.2,14.904591621872616
2024-01-23 23:45:00,0.0,0.538931608423027,0.05,407.1365699731592,0.2,7.988271437267096
2024-01-24 00:00:00,0.0,0.363682093895877,0.05,402.08973083211373,0.2,12.237545534450675
2024-01-24 00:15:00,0.0,0.6392184818106054,0.05,405.63203507924766,0.21213916751382578,13.47665094219846
2024-01-24 00:30:00,0.0,0.6944256210797548,0.05,400.9217002708093,0.2,7.61586697887053
2024-01-24 00:45:00,0.0,0.6016772314601645,0.05,372.4705311781719,0.2,14.119357113165659
2024-01-24 01:00:00,0.0,0.5335944211765091,0.05,392.1228286566157,0.2,10.187800493414391
2024-01-24 01:15:00,0.0,0.5563164113547437,0.05,443.3954149750133,0.2,12.908452578264367
2024-01-24 01:30:00,0.0,0.38194860244437834,0.05,406.28231698754786,0.2,10.627235609253693
2024-01-24 01:45:00,0.0,0.5460519495702975,0.05,422.84899126003523,0.2,9.100104491558557
2024-01-24 02:00:00,0.0,0.46169660004935786,0.05,380.337137474663,0.2,4.185126241958733
2024-01-24 02:15:00,0.0,0.4963297602537617,0.05,379.98894730530543,0.2,7.7918057941196714
2024-01-24 02:30:00,0.0,0.4421023406932041,0.05,375.93095150751105,0.2,11.445051771147702
2024-01-24 02:45:00,0.0,0.4222702180519428,0.05,373.36462019224217,0.2,13.266713790691597
2024-01-24 03:00:00,0.0,0.44101011376146493,0.05,367.55203006488193,0.2,7.531435902549218
2024-01-24 03:15:00,0.0,0.5951510266309238,0.05,404.66429120496696,0.2,10.411365709414962
2024-01-24 03:30:00,0.0,0.4707733129057705,0.05,392.88362329323576,0.25488767917973776,9.869218559000268
2024-01-24 03:45:00,0.0,0.4003215239844343,0.05,417.5098976652344,0.2,11.86690388168502
2024-01-24 04:00:00,0.0,0.5754014071394489,0.05,393.7920703008987,0.2,11.516482001664157
2024-01-24 04:15:00,0.0,0.50135494882499,0.05,351.9352041803738,0.21133445656039046,10.941943199631591
2024-01-24 04:30:00,0.0,0.2401701324726053,0.05,408.87233601282776,0.2,13.344683248083951
2024-01-24 04:45:00,0.0,0.5638503272862097,0.05,359.39172848367764,0.2,11.09854110703359
2024-01-24 05:00:00,0.0,0.4589711482341496,0.05,404.2878869476337,0.22321211170736843,12.951412655856581
2024-01-24 05:15:00,0.0,0.516055457310632,0.05,384.5728492876822,0.2359895758668525,14.946755005706017
2024-01-24 05:30:00,0.0,0.40358300460791613,0.05,404.6502006731492,0.24744837222306404,12.459648084471866
2024-01-24 05:45:00,0.0,0.5735496888341319,0.05,371.12762885465804,0.20381403583553953,13.72638759110556
2024-01-24 06:00:00,0.0,0.3618111356540671,0.05,415.5665104829102,0.22082781117694592,13.883961649016456
2024-01-24 06:15:00,0.060716350139341624,0.12333547720265076,0.05,387.67156308004616,0.27387096507182174,16.481451850926497
2024-01-24 06:30:00,0.12383258844477972,0.2849577349335045,0.05,367.01069997552196,0.27258048387194245,16.87228098471748
2024-01-24 06:45:00,0.18876510937590565,0.41119584852688484,0.05,327.0869250997172,0.3479769477597262,15.749316305539626
2024-01-24 07:00:00,0.2532187539632876,0.3641448435638825,0.1,384.446887806527,0.3084875854592106,18.093555043398375
2024-01-24 07:15:00,0.28401072837187163,0.32346068295488717,0.1,317.576252628949,0.32613226359064446,12.42496823330953
2024-01-24 07:30:00,0.37265964211197855,0.22482470639732324,0.1,328.72212910220395,0.27955007890480466,20.36528289361678
2024-01-24 07:45:00,0.4267676854446785,0.31338418057485384,0.1,292.5646830646762,0.42414557293668637,21.137371307401036
2024-01-24 08:00:00,0.45163202463100044,0.29856243868803545,0.1,375.5497995225624,0.416118868614726,18.98723764014024
2024-01-24 08:15:00,0.5510932155630577,0.28642104646171324,0.1,291.8743808099331,0.3053208121693617,19.2433975603593
2024-01-24 08:30:00,0.5596578510137177,0.3320147260184456,0.1,265.95395834750735,0.4614087906614409,21.19021490189442
2024-01-24 08:45:00,0.6207282942028506,0.28630772651836794,0.1,280.24601293098715,0.4384682513331111,20.130759707423362
2024-01-24 09:00:00,0.6424993330373577,0.23334907617484252,0.1,273.579879704825,0.5164428674675982,21.078880517247217
2024-01-24 09:15:00,0.7180730902015732,0.14937555350444898,0.1,257.5240172113698,0.49117634593529397,23.830100201878945
2024-01-24 09:30:00,0.7391046233696971,0.37732885899799773,0.1,234.85898307290518,0.4745863099194351,25.44495676558079
2024-01-24 09:45:00,0.7495393895791816,0.4318662178046261,0.1,242.51622099156344,0.6191389698753319,25.058630037842907
2024-01-24 10:00:00,0.7323790116587824,0.40121590150231834,0.2,223.6880881607921,0.6285983992693809,30.772657762435042
2024-01-24 10:15:00,0.8481168393839453,0.29053354036788015,0.2,220.11958783128222,0.5573870902966664,28.052877288629027
2024-01-24 10:30:00,0.8760057182310775,0.0477160134515662,0.2,199.5158536312895,0.6012603606407763,27.558365399996177
2024-01-24 10:45:00,0.9159092783250995,0.030880476307651977,0.2,181.345250980616,0.5748424390032589,27.991834908306515
2024-01-24 11:00:00,0.8989302603542928,0.1519725458293774,0.2,218.07977475866304,0.5268075779719643,27.244585583523968
2024-01-24 11:15:00,0.8539368799930738,0.19836778833127652,0.2,215.96894758629583,0.6914368263423124,28.527704955857995
2024-01-24 11:30:00,0.8834141282350378,0.1921283196494074,0.2,227.64380312362425,0.5981189271645463,28.328724167432352
2024-01-24 11:45:00,0.8949436799597522,0.21980339861986684,0.2,201.39850859667047,0.7131179202181123,30.416373213898865
2024-01-24 12:00:00,0.877383266919623,0.060755347349681216,0.2,195.68532584458902,0.6946690301051232,28.101975161619748
2024-01-24 12:15:00,0.9442474461787179,0.3611701500604143,0.2,172.23195729872444,0.6834197979346154,28.3035692015557
2024-01-24 12:30:00,0.986084464119764,0.3522348966658793,0.2,200.92055080194143,0.6751180292356534,31.5949318056754
2024-01-24 12:45:00,0.9323931774718895,0.07270755472736531,0.2,211.04690664601821,0.7191511080393908,28.549319790767772
2024-01-24 13:00:00,0.8528200902740052,0.0206604819260216,0.2,170.42006194394287,0.6432572986897097,27.769400868265077
2024-01-24 13:15:00,0.9098758451390074,0.20163944049946747,0.2,231.99441988492003,0.7609564290982486,28.311593863736608
2024-01-24 13:30:00,0.8109634528851511,0.3414331431003272,0.2,200.983343773588,0.7045938438007929,31.41168267783699
2024-01-24 13:45:00,0.8294322389120937,0.21740739518056088,0.2,216.70344605111967,0.7741089029533889,35.32236097937265
2024-01-24 14:00:00,0.7912201398417862,0.2527904498975354,0.2,238.75033224984176,0.6938844811965361,28.224618014301907
2024-01-24 14:15:00,0.7312900642316631,0.18973492149585772,0.2,233.55981393412998,0.7064828719051817,31.268886515180377
2024-01-24 14:30:00,0.745401456683,0.2559572363228883,0.2,269.39655508921476,0.7106280843369721,30.22200097417949
2024-01-24 14:45:00,0.6230236275511496,0.34407975172405475,0.2,262.2081615198987,0.7230357566216111,32.06423079325192
2024-01-24 15:00:00,0.6535059461504686,0.29978956427641423,0.1,255.6120016366665,0.7803214095664451,30.932016919975293
2024-01-24 15:15:00,0.5488043038450687,0.3256817097556546,0.1,205.72584604201705,0.662175592909482,31.849679539777927
2024-01-24 15:30:00,0.5546630725454688,0.11192426627430688,0.1,298.1714476201619,0.6707687643284609,29.823066719506077
2024-01-24 15:45:00,0.52661024473516,0.5027141850419551,0.1,265.2948129624117,0.6681000680038602,27.299179442474887
2024-01-24 16:00:00,0.4438972905554566,0.13487461569099796,0.1,317.0372985144354,0.5440353542670507,27.300224501406625
2024-01-24 16:15:00,0.402168594589143,0.3271844639982665,0.1,321.346047438996,0.6216955401913303,28.73865731566413
2024-01-24 16:30:00,0.37180457372737863,0.30841853890183357,0.1,319.48759390241133,0.6135136309307787,28.867698885930736
2024-01-24 16:45:00,0.27364432545271145,0.32502145793029336,0.1,354.777932025418,0.7574570760441178,26.749975735599048
2024-01-24 17:00:00,0.23219787448723697,0.4352187591190972,0.1,358.65698613083805,0.6250555686245753,31.10118696353046
2024-01-24 17:15:00,0.16433918026405805,0.2902008554971061,0.1,367.54918350344497,0.622477860478615,28.475902014429987
2024-01-24 17:30:00,0.11891849868281744,0.3306239987622811,0.1,339.56821936244535,0.5091951523696572,21.919801231669602
2024-01-24 17:45:00,0.062450245113779196,0.2722588545194192,0.1,387.7163389442779,0.5635346759568959,25.309897738284256
2024-01-24 18:00:00,1.112555116143324e-16,0.5122158850415106,0.2,375.1434788334035,0.5968049322288792,22.94056506906571
2024-01-24 18:15:00,0.0,0.4396891679527326,0.2,378.08124440659196,0.6585189348553939,28.2354521344443
2024-01-24 18:30:00,0.0,0.4898270475795423,0.2,392.7771513077634,0.48059013073933365,19.388153673744256
2024-01-24 18:45:00,0.0,0.5202164496666273,0.2,429.2683489595345,0.4056528751014728,24.051878481941095
2024-01-24 19:00:00,0.0,0.6509050850818887,0.2,407.30781568724285,0.4388773343014276,22.834839246282385
2024-01-24 19:15:00,0.0,0.6459824755812191,0.2,408.6253688321011,0.41996078952697036,23.57871745504062
2024-01-24 19:30:00,0.0,0.5088408488517557,0.2,415.4085354381264,0.40105899608068324,21.950784035953433
2024-01-24 19:45:00,0.0,0.5042540078190964,0.2,382.5063939732145,0.46499629191757424,24.792680667913608
2024-01-24 20:00:00,0.0,0.44678581300381803,0.2,368.4718038438064,0.41713920219119804,21.83586093370663
2024-01-24 20:15:00,0.0,0.5855298244933844,0.2,364.9203435851564,0.3239581233483045,15.669782601860035
2024-01-24 20:30:00,0.0,0.5924635816979451,0.2,404.6214214896384,0.43165230843818286,21.50317040114976
2024-01-24 20:45:00,0.0,0.45893002958299645,0.2,419.73382439989,0.4361247106653377,18.455403441050038
2024-01-24 21:00:00,0.0,0.6133996514040387,0.05,418.25499559827693,0.23710384783232083,20.223636324034132
2024-01-24 21:15:00,0.0,0.6512034108651968,0.05,383.37904303377803,0.3624505596337012,16.151446677450227
2024-01-24 21:30:00,0.0,0.4465060057632878,0.05,427.10991065750017,0.27668906652891184,14.048506313199475
2024-01-24 21:45:00,0.0,0.5852853195525202,0.05,440.8608448694064,0.2202127264283712,13.0743590375599
2024-01-24 22:00:00,0.0,0.5666321863216444,0.05,412.1526351869628,0.2,17.122792086537533
2024-01-24 22:15:00,0.0,0.5788358976451289,0.05,429.745592545458,0.2106896825122701,16.03865436662065
2024-01-24 22:30:00,0.0,0.48951058356231025,0.05,417.46311209016756,0.2,12.72849058477745
2024-01-24 22:45:00,0.0,0.40673044998609786,0.05,395.4056881310977,0.2095709368455461,8.066341890932588
2024-01-24 23:00:00,0.0,0.5176435352329078,0.05,386.70836368139067,0.29517009967771696,15.12828180692296
2024-01-24 23:15:00,0.0,0.5066112247087059,0.05,367.7384369264838,0.2,8.406553739165421
2024-01-24 23:30:00,0.0,0.6336112790294476,0.05,391.10474837332504,0.2,16.414288900458768
2024-01-24 23:45:00,0.0,0.6365230962793632,0.05,395.2633708206885,0.2,8.7944753830221
2024-01-25 00:00:00,0.0,0.6312592230153532,0.05,395.70545212418983,0.2,11.367899604818474
2024-01-25 00:15:00,0.0,0.45989871732490806,0.05,397.7483707093211,0.2,11.491306060183033
2024-01-25 00:30:00,0.0,0.4863331348276067,0.05,354.1260549954489,0.2,11.490907116745367
2024-01-25 00:45:00,0.0,0.5344897875728233,0.05,415.58059075959426,0.2,11.179265954694037
2024-01-25 01:00:00,0.0,0.5954994665144081,0.05,417.9017367212867,0.2,10.60162085442032
2024-01-25 01:15:00,0.0,0.5558752713662184,0.05,407.42062431972033,0.2,9.323999437896441
2024-01-25 01:30:00,0.0,0.6158398164587363,0.05,376.6130907246839,0.2,9.63865683438316
2024-01-25 01:45:00,0.0,0.6769215799802886,0.05,407.3397151310205,0.2,8.717773337381297
2024-01-25 02:00:00,0.0,0.4732756999942547,0.05,400.45220047629107,0.2,10.231753485106568
2024-01-25 02:15:00,0.0,0.4701668725454615,0.05,409.48965392501054,0.2,6.513639954096387
2024-01-25 02:30:00,0.0,0.5722066666674688,0.05,431.0224517893283,0.2,10.716474450806725
2024-01-25 02:45:00,0.0,0.5421648978648796,0.05,396.430620111711,0.2,9.994803329193532
2024-01-25 03:00:00,0.0,0.615757712388001,0.05,403.63050993493295,0.2,12.023606570654765
2024-01-25 03:15:00,0.0,0.5326268289978201,0.05,382.712769951485,0.2,9.923370156309003
2024-01-25 03:30:00,0.0,0.6958044087854834,0.05,418.43352638955133,0.2,11.965661544784886
2024-01-25 03:45:00,0.0,0.3523265697177824,0.05,414.0547334321885,0.21576108855241505,12.135323057655103
2024-01-25 04:00:00,0.0,0.5840216859964081,0.05,404.33121094276584,0.2,11.061615665187045
2024-01-25 04:15:00,0.0,0.5083903576543162,0.05,378.9373823418872,0.2,12.391068506546787
2024-01-25 04:30:00,0.0,0.336236579770264,0.05,386.33393342305374,0.2,9.381134070584006
2024-01-25 04:45:00,0.0,0.2574919643253566,0.05,363.3748272437653,0.2760717408131733,15.164732889172027
2024-01-25 05:00:00,0.0,0.3392619023624401,0.05,386.09794675846945,0.2,11.837839842947377
2024-01-25 05:15:00,0.0,0.5599268355505015,0.05,414.18734789166825,0.20169648985108737,13.04991048719755
2024-01-25 05:30:00,0.0,0.5356283940368479,0.05,407.9152360851614,0.2,11.806715968603864
2024-01-25 05:45:00,0.0,0.4002153773454923,0.05,403.19375922420073,0.25323786949488486,12.907874287518705
2024-01-25 06:00:00,0.0,0.36377270165073866,0.05,429.6859818183664,0.2,18.287076398818023
2024-01-25 06:15:00,0.06406868384500343,0.3013096744918512,0.05,393.00996914057384,0.2155048068549105,15.852893408966738
2024-01-25 06:30:00,0.12540184873384855,0.355155829620339,0.05,362.35166480486646,0.3491121803732696,15.579596800866733
2024-01-25 06:45:00,0.17933674239098482,0.31356576704694217,0.05,346.98323141144454,0.3040342272988549,16.180894844343097
2024-01-25 07:00:00,0.25178254107022036,0.519230396079456,0.1,343.6018916412676,0.2850870717167544,17.41576718499007
2024-01-25 07:15:00,0.28423499044142836,0.21205654692449427,0.1,326.708206873357,0.33918235117925755,19.49401225489785
2024-01-25 07:30:00,0.3672283520725167,0.3627070839346049,0.1,342.5229434274379,0.3576773793906946,19.082415152109164
2024-01-25 07:45:00,0.41817146644359027,0.4872493961093164,0.1,319.97120561080357,0.4084194644890066,19.776358488040362
2024-01-25 08:00:00,0.4869927493157774,0.3774582815822453,0.1,293.60653785081064,0.29621076174767025,18.153654169473946
2024-01-25 08:15:00,0.5422735518774239,0.17645828304366357,0.1,283.25387732740313,0.3677875729614158,20.066433141681433
2024-01-25 08:30:00,0.5235266675750924,0.12401469443932078,0.1,292.31254877470406,0.3914141461134874,21.618302858137472
2024-01-25 08:45:00,0.6129358785336898,0.295570957485222,0.1,288.3496791410459,0.48999815895901,21.888521547549207
2024-01-25 09:00:00,0.6750940575886129,0.27363096431956013,0.1,221.71061072648462,0.4773301953475197,21.75644161623139
2024-01-25 09:15:00,0.6613517500821028,0.3728729482288727,0.1,246.2077884285623,0.5684618341949179,22.19938552910286
2024-01-25 09:30:00,0.6181319193574797,0.2961741168101956,0.1,243.1591604697731,0.5562621037374462,24.697963274458242
2024-01-25 09:45:00,0.7769799553814387,0.18522208512260452,0.1,244.66884515114222,0.5153913709555001,25.343281232220246
2024-01-25 10:00:00,0.743934853040955,0.17152344638232073,0.2,229.05476792947178,0.547522699110224,26.97882531396554
2024-01-25 10:15:00,0.7798535823707317,0.09000968164556702,0.2,228.76945000959194,0.6313653019775646,25.947269974839227
2024-01-25 10:30:00,0.8408789599139787,0.22816052732571765,0.2,210.48491069885972,0.6542891712249799,21.93518492355452
2024-01-25 10:45:00,0.8788346458677018,0.07016914901765256,0.2,194.49675499591038,0.5930197697422009,31.310040032732967
2024-01-25 11:00:00,0.7733445621189053,0.2978138695016388,0.2,222.4987367418977,0.5628801775728755,27.053464830056118
2024-01-25 11:15:00,0.9513613117449655,0.26275846504124034,0.2,220.16106369904358,0.5205087652408822,26.698352791460987
2024-01-25 11:30:00,0.8349689473034829,0.2574566277725054,0.2,214.74770236861897,0.5329508600747243,27.817212009906186
2024-01-25 11:45:00,0.9330570506483592,0.06824550417750005,0.2,217.0240316344177,0.673045013454474,27.5225080471233
2024-01-25 12:00:00,0.9448272070403322,0.18500365988898637,0.2,180.56544879489732,0.6824071261825575,27.022845830989755
2024-01-25 12:15:00,0.9728400606321868,0.16149765327692225,0.2,190.27951309554535,0.6352919981111134,30.197834159810313
2024-01-25 12:30:00,0.9281613738818109,0.21199166617118054,0.2,224.10836032395284,0.7422382069661857,28.941702760831994
2024-01-25 12:45:00,0.9537930913694507,0.2566942319999488,0.2,210.9676063767067,0.673731905872276,29.290422314229954
2024-01-25 13:00:00,0.8297492728783012,0.1554551296986521,0.2,207.93817987152872,0.6603578805249334,24.653643311021142
2024-01-25 13:15:00,0.8732562818746545,0.16301562166845657,0.2,205.57611908433026,0.7527936765270595,29.354876363973947
2024-01-25 13:30:00,0.8187686219014115,0.28321687715127447,0.2,240.58206940116037,0.7493614863178197,27.761231906252043
2024-01-25 13:45:00,0.8378679331549351,0.1076754554151458,0.2,185.21677364273785,0.6967778826367929,28.933716328470734
2024-01-25 14:00:00,0.7728430653244877,0.1521287756010426,0.2,232.67637849949114,0.7258765481362329,30.4725601879061
2024-01-25 14:15:00,0.7949664256878293,0.234289760742895,0.2,232.37385041938086,0.7315433634557121,28.751566248561954
2024-01-25 14:30:00,0.7488121965028425,0.33130136924470643,0.2,216.27900809759953,0.8061968023561372,28.963365442940656
2024-01-25 14:45:00,0.7231397861476362,0.15275456466330362,0.2,281.96486208398244,0.6876845629188441,30.001007167933984
2024-01-25 15:00:00,0.6249474780902563,0.4375485427223288,0.1,204.76651600233095,0.6307841638593485,28.646231470697703
2024-01-25 15:15:00,0.6260744530969093,0.1330645608634235,0.1,270.5559319819601,0.715352958257395,27.35867523547796
2024-01-25 15:30:00,0.5389606272400322,0.43327559660611237,0.1,288.81695203473004,0.6802746134748126,25.795784031233772
2024-01-25 15:45:00,0.55208707236002,0.40884496829542016,0.1,269.3847388876713,0.6746777404578891,29.641878983358463
2024-01-25 16:00:00,0.4166360344133255,0.1569898407750271,0.1,305.5452058873233,0.6582464731941381,27.627244849085322
2024-01-25 16:15:00,0.4125746643836129,0.14832192825909873,0.1,307.05261886693114,0.5698746533546699,24.983654021585032
2024-01-25 16:30:00,0.3399134894881949,0.39544973041170445,0.1,343.2242998192488,0.6510749553891106,30.42485848779043
2024-01-25 16:45:00,0.3194159343107396,0.29797198843424066,0.1,405.98563320067683,0.6075941328606276,28.194449069290762
2024-01-25 17:00:00,0.25489074739469336,0.24754148601863596,0.1,355.0080659752801,0.5966786332441462,24.695166754714034
2024-01-25 17:15:00,0.14858841508149195,0.542152056494924,0.1,373.0628887843455,0.5778948884154848,25.184185759081423
2024-01-25 17:30:00,0.12354933826053141,0.2545045175360347,0.1,354.39164263192845,0.5806683690677286,28.180438224446583
2024-01-25 17:45:00,0.05498415659280805,0.3142255143967687,0.1,391.21535445355744,0.5796935661643567,25.204845433166632
2024-01-25 18:00:00,1.174202232521479e-16,0.3391601686902199,0.2,392.53976697033715,0.5485347241664311,24.163259447860593
2024-01-25 18:15:00,0.0,0.13313574310237997,0.2,415.5762153705578,0.5904273630413804,25.924237211193915
2024-01-25 18:30:00,0.0,0.43524201435467547,0.2,371.47921341365884,0.552613419689018,23.49120055496137
2024-01-25 18:45:00,0.0,0.3478622088693077,0.2,378.5297790620675,0.4927768378077401,25.67373530581113
2024-01-25 19:00:00,0.0,0.5328174205034778,0.2,423.60038625391945,0.42587691893517626,21.76278996762529
2024-01-25 19:15:00,0.0,0.5584141653566084,0.2,404.19976388160995,0.48755350405073045,20.810164590523005
2024-01-25 19:30:00,0.0,0.499708786494437,0.2,426.4764922544182,0.4234125790701051,21.338445760929375
2024-01-25 19:45:00,0.0,0.5127624010091651,0.2,407.2748928832054,0.4110836843523098,22.583386209029534
2024-01-25 20:00:00,0.0,0.5163589114366276,0.2,410.1955826138757,0.3340657469536904,20.499026298757467
2024-01-25 20:15:00,0.0,0.4410736281371042,0.2,393.8099323448041,0.40105760204638735,19.553058989352373
2024-01-25 20:30:00,0.0,0.46026949075684287,0.2,396.12745280752705,0.4905114296064521,17.079965032327177
2024-01-25 20:45:00,0.0,0.6641918577975051,0.2,419.288349162407,0.31615857180585794,16.140464297540756
2024-01-25 21:00:00,0.0,0.6149455006662717,0.05,397.1352891617288,0.35348440337788484,19.343361023218897
2024-01-25 21:15:00,0.0,0.5709766599462955,0.05,423.67070889537206,0.3658611144684688,18.92729005268625
2024-01-25 21:30:00,0.0,0.6186772006934832,0.05,397.802927243898,0.2590461152673158,18.25035590771225
2024-01-25 21:45:00,0.0,0.5601855695825335,0.05,376.4072113131063,0.2,17.159214208690713
2024-01-25 22:00:00,0.0,0.5916997576894956,0.05,374.58487090156603,0.2847755746631668,15.893033533422642
2024-01-25 22:15:00,0.0,0.6388262394235482,0.05,396.56527982209866,0.2372945039142598,15.306716783473924
2024-01-25 22:30:00,0.0,0.3773478244692985,0.05,418.3147963831509,0.2329382804099195,14.179572197043308
2024-01-25 22:45:00,0.0,0.6799999177081589,0.05,386.6981610383643,0.20494103539571498,14.530686183361759
2024-01-25 23:00:00,0.0,0.6766191873735243,0.05,414.63572972784436,0.24585813377708168,12.845550923482639
2024-01-25 23:15:00,0.0,0.5180882283699003,0.05,402.01470492635036,0.2,13.600143930705206
2024-01-25 23:30:00,0.0,0.7226992238904344,0.05,412.12419552035203,0.27053821815555107,13.901586217993696
2024-01-25 23:45:00,0.0,0.3778403061816519,0.05,394.206256544929,0.2,9.169777959851091
2024-01-26 00:00:00,0.0,0.6352953084813753,0.05,403.6601990074797,0.2,13.53237378665694
2024-01-26 00:15:00,0.0,0.6035650893033461,0.05,418.77486350113145,0.2,10.915649379239929
2024-01-26 00:30:00,0.0,0.5673418648048181,0.05,399.6565712282358,0.2,13.677604392513663
2024-01-26 00:45:00,0.0,0.5980937888293775,0.05,389.50290440131346,0.2,13.07163109322188
2024-01-26 01:00:00,0.0,0.65145822109057,0.05,363.64509225002956,0.2,8.279237802088776
2024-01-26 01:15:00,0.0,0.4088292005005008,0.05,410.8306499291089,0.2,10.193416901735727
2024-01-26 01:30:00,0.0,0.6848723655311557,0.05,384.5669081225611,0.2,6.35388418800725
2024-01-26 01:45:00,0.0,0.538347197068456,0.05,389.58901765893165,0.2,9.249256805553554
2024-01-26 02:00:00,0.0,0.6747503655743557,0.05,378.5828540889674,0.2,10.711479215245761
2024-01-26 02:15:00,0.0,0.6306456902255033,0.05,395.39830476777286,0.2,11.715319384285158
2024-01-26 02:30:00,0.0,0.5155636539640142,0.05,441.9508783009413,0.2,10.224023625519646
2024-01-26 02:45:00,0.0,0.5424353418581741,0.05,407.04078220015236,0.2,11.077666356745313
2024-01-26 03:00:00,0.0,0.5393634135282231,0.05,387.1172368429297,0.2,8.935866935024258
2024-01-26 03:15:00,0.0,0.6924952010926811,0.05,390.8739321500753,0.2,10.492660085871197
2024-01-26 03:30:00,0.0,0.40770770712473886,0.05,371.2254050010726,0.2,9.580887863313276
2024-01-26 03:45:00,0.0,0.4673067609257898,0.05,377.3877615209884,0.20774521263488235,11.596389465644796
2024-01-26 04:00:00,0.0,0.3417811949124858,0.05,374.2096656139818,0.2,14.11920172712602
2024-01-26 04:15:00,0.0,0.5008485626074072,0.05,405.40664166322665,0.2,11.571430454278426
2024-01-26 04:30:00,0.0,0.41418578512398463,0.05,408.9342379854183,0.2,9.324276224615474
2024-01-26 04:45:00,0.0,0.41407074237537456,0.05,401.55196939682156,0.2,12.874154440069804
2024-01-26 05:00:00,0.0,0.6002328492803799,0.05,407.3968138150609,0.2,14.33980368161624
2024-01-26 05:15:00,0.0,0.3566811121418717,0.05,384.67593819309263,0.2187344001329,11.570488964480168
2024-01-26 05:30:00,0.0,0.41015303363739813,0.05,377.03446331210847,0.20990974055579786,16.396068020229226
2024-01-26 05:45:00,0.0,0.3672205972270427,0.05,376.9076635129127,0.2514341689269837,13.251618974305675
2024-01-26 06:00:00,0.0,0.36041696233300724,0.05,376.02147857072606,0.24071364344414256,13.479529566393603
2024-01-26 06:15:00,0.056035425666736256,0.6640983351031353,0.05,394.09286827499426,0.2528113085508265,12.015872523517153
2024-01-26 06:30:00,0.11477673244012566,0.20039719186140217,0.05,414.16872854668674,0.21209332983596973,16.7107645280986
2024-01-26 06:45:00,0.16426739527136638,0.42538878989627005,0.05,340.03645479495356,0.303307938698968,20.417588385927147
2024-01-26 07:00:00,0.2151932431734443,0.5909735294174643,0.1,341.3972747428708,0.33358496979707647,18.14530963287932
2024-01-26 07:15:00,0.29840789726389694,0.44362068407408634,0.1,339.7699745246902,0.4339166061692741,16.580730452925
2024-01-26 07:30:00,0.33804690388917014,0.32815753007195797,0.1,317.88315309682145,0.38481044266590075,19.72117277294274
2024-01-26 07:45:00,0.4161777132658009,0.19426542994369045,0.1,318.2012659660022,0.34414494911046084,20.946675014838846
2024-01-26 08:00:00,0.4597568616257862,0.43047743340434097,0.1,288.49218241325707,0.3492661187355135,22.32133046413683
2024-01-26 08:15:00,0.5086096457720638,0.3826205512056496,0.1,275.27926317249825,0.43299283276929934,18.184076964897198
2024-01-26 08:30:00,0.5375964645902666,0.12527847049809043,0.1,274.6009069325834,0.4019104746981933,24.411381462284744
2024-01-26 08:45:00,0.5675175490586336,0.23610271398388405,0.1,274.66206558674884,0.4301032550978144,22.37779537213968
2024-01-26 09:00:00,0.6548706636759047,0.13796924913487857,0.1,284.22848450818253,0.4402394077332941,26.094579568049166
2024-01-26 09:15:00,0.6878053873633244,0.0,0.1,257.16474602780085,0.48000250057602245,23.525571080761363
2024-01-26 09:30:00,0.7380683062612938,0.11839358387992051,0.1,236.2861949250414,0.5516111463283582,24.98036039726229
2024-01-26 09:45:00,0.7618831304891389,0.2442500001576281,0.1,250.32195600155714,0.433194717409391,22.525631044622365
2024-01-26 10:00:00,0.7977828429738637,0.2848268369690673,0.2,246.7969371872239,0.6147324962160347,26.969681329995467
2024-01-26 10:15:00,0.8013772333213003,0.1882817563791887,0.2,214.55851331706526,0.5564642610313926,23.401876375403738
2024-01-26 10:30:00,0.8862396858813346,0.3526366327479587,0.2,212.30503354116198,0.550924311308316,26.62517157405419
2024-01-26 10:45:00,0.9007348069816657,0.3135579653753741,0.2,202.07191377493635,0.6421917573137526,25.732378599205408
2024-01-26 11:00:00,0.8395141559998099,0.19428707103092832,0.2,223.2329008509035,0.6018195288836266,26.89485805141512
2024-01-26 11:15:00,0.8840235448631574,0.178582675157238,0.2,205.32675533294494,0.5732091332458731,29.688847621925326
2024-01-26 11:30:00,0.9338520392656261,0.2399849895960832,0.2,173.60064910288264,0.5619143234648363,27.22348838278669
2024-01-26 11:45:00,0.8230231266562162,0.19864357437293037,0.2,208.55139195489056,0.6842131205103913,30.52604609882
2024-01-26 12:00:00,0.9893963155159472,0.057431591842750374,0.2,229.79270566776688,0.6977944941882424,27.846327143042114
2024-01-26 12:15:00,0.9209790714666325,0.17089001688335914,0.2,231.80025748103776,0.6484093980180652,29.230539395637617
2024-01-26 12:30:00,0.9192149174156604,0.26826774751276816,0.2,192.12888580129967,0.7432301028223847,33.538429366718034
2024-01-26 12:45:00,0.8482022330756502,0.3353169704014851,0.2,189.91075023550903,0.685870586069248,29.712745276831583
2024-01-26 13:00:00,0.9076218036089475,0.302831224422747,0.2,244.77219625816883,0.7561779921752946,29.507532076903946
2024-01-26 13:15:00,0.8781725509277237,0.24404424386350476,0.2,241.94804852985973,0.6463672025351611,30.087747586680003
2024-01-26 13:30:00,0.8469092648631752,0.3609612577441993,0.2,224.5701475236403,0.6434436511179977,29.2539495690793
2024-01-26 13:45:00,0.8660403352803037,0.26302061849978325,0.2,186.38160449101446,0.6736752117875306,27.97587807717574
2024-01-26 14:00:00,0.7891723217816937,0.21793991408881117,0.2,214.6685075383571,0.6800217815469981,34.11829638550502
2024-01-26 14:15:00,0.7637683643259606,0.3815772343428382,0.2,211.8349038263812,0.7569120199871815,29.165940776448014
2024-01-26 14:30:00,0.6787080871763608,0.3133551978250305,0.2,277.57645779194286,0.7121006129144218,26.869493309317214
2024-01-26 14:45:00,0.5973265080156868,0.3798323478800735,0.2,219.12044000052688,0.6562734500246429,29.497039985420617
2024-01-26 15:00:00,0.6059110484033277,0.1398179570101155,0.1,294.651615688441,0.6903356934678991,30.373004889526463
2024-01-26 15:15:00,0.6146026163553772,0.18210397408705442,0.1,266.0203404334644,0.6626764496411026,29.053710086606674
2024-01-26 15:30:00,0.5890085658281116,0.19650720675776612,0.1,254.29372718075223,0.6369759540368853,29.1413071289438
2024-01-26 15:45:00,0.5284602554868304,0.30706361587555525,0.1,308.6219220968203,0.6650747342149234,28.64092159527654
2024-01-26 16:00:00,0.47353266118759224,0.48243495331622954,0.1,312.58988311999184,0.6502648156107282,29.511327623236443
2024-01-26 16:15:00,0.42836941496912845,0.1976475747504865,0.1,286.2178086694405,0.6111569527915515,29.95265183889465
2024-01-26 16:30:00,0.33067901201001504,0.4139998141072873,0.1,322.95845235371235,0.5991878010142428,27.548605395968167
2024-01-26 16:45:00,0.2833328224055138,0.21545525251455078,0.1,363.2234747633143,0.6662817710731826,32.69769077146086
2024-01-26 17:00:00,0.23938464645859703,0.5599881311525994,0.1,340.0381205236057,0.6333028271272232,29.152851099688355
2024-01-26 17:15:00,0.1812567433920194,0.20131676957169742,0.1,394.57650512421645,0.6449871810103689,26.582544907374402
2024-01-26 17:30:00,0.11639106485975652,0.4479247944321424,0.1,358.9991045536466,0.5684408405615307,23.450745027757964
2024-01-26 17:45:00,0.059510145281772016,0.47495691645942917,0.1,354.4788465882207,0.5122842838997168,25.784247650053395
2024-01-26 18:00:00,1.146027227992688e-16,0.4620004988900752,0.2,400.90431434195017,0.5213048931477912,26.62777129742574
2024-01-26 18:15:00,0.0,0.3253556688481547,0.2,370.7871460064436,0.5840523073642008,26.06598724855049
2024-01-26 18:30:00,0.0,0.3204708912340876,0.2,402.4977457980202,0.434784809783029,20.121513675706193
2024-01-26 18:45:00,0.0,0.5662581271481314,0.2,400.10286282948937,0.5686673838171175,23.445117805298075
2024-01-26 19:00:00,0.0,0.5566044722440011,0.2,384.82146918361525,0.42213773134848953,21.627017059202746
2024-01-26 19:15:00,0.0,0.5677639737711014,0.2,437.57364959676715,0.49751092240198286,24.945295557691576
2024-01-26 19:30:00,0.0,0.592133885484605,0.2,399.92048657426835,0.38813493020557216,21.552620464590756
2024-01-26 19:45:00,0.0,0.3348495704872096,0.2,417.2873069277919,0.38986253627369083,16.085612673728896
2024-01-26 20:00:00,0.0,0.3434028951392674,0.2,418.57435664456415,0.29712614837478246,20.73665399730929
2024-01-26 20:15:00,0.0,0.4439816658382225,0.2,435.2202246066804,0.473068989282197,15.446206223013437
2024-01-26 20:30:00,0.0,0.4737881452623812,0.2,375.8116266456982,0.3895836798364165,19.59496975962988
2024-01-26 20:45:00,0.0,0.4732489411592855,0.2,364.85054755815383,0.3731578291632872,23.223493265516254
2024-01-26 21:00:00,0.0,0.569171153480696,0.05,434.4804143113101,0.2977108953356486,20.132501859075987
2024-01-26 21:15:00,0.0,0.6618930108239736,0.05,411.6224189032745,0.2570304428965575,17.303261133712425
2024-01-26 21:30:00,0.0,0.5292711471978901,0.05,402.52622027602735,0.3240215006523625,14.854244919299923
2024-01-26 21:45:00,0.0,0.484762198793723,0.05,397.3340486601214,0.2071571633468602,18.125443658996577
2024-01-26 22:00:00,0.0,0.6544973908458822,0.05,393.78706236303435,0.24164365698803997,16.271780799465873
2024-01-26 22:15:00,0.0,0.5511780994636171,0.05,417.22332471964364,0.2,13.910616586162707
2024-01-26 22:30:00,0.0,0.5955083948156693,0.05,371.12459888846917,0.22356899362665048,12.834866458930872
2024-01-26 22:45:00,0.0,0.5561387006478619,0.05,409.54662912846385,0.2,11.593063922392037
2024-01-26 23:00:00,0.0,0.6271822012147376,0.05,420.62632123866985,0.2,13.67830009099284
2024-01-26 23:15:00,0.0,0.494766642781349,0.05,414.86504211246097,0.2,11.648075370766907
2024-01-26 23:30:00,0.0,0.670916194862477,0.05,398.57218728569677,0.2,12.402162269243217
2024-01-26 23:45:00,0.0,0.5962941144519511,0.05,399.9467562403469,0.2,13.5408396590509
2024-01-27 00:00:00,0.0,0.5235683769772177,0.05,425.71386541144153,0.2,10.456329220533366
2024-01-27 00:15:00,0.0,0.6526650832826585,0.05,411.63840378876625,0.20597309142316678,12.32147213707478
2024-01-27 00:30:00,0.0,0.5217618593669753,0.05,435.1036200806543,0.2,13.205863085991936
2024-01-27 00:45:00,0.0,0.5240497962810745,0.05,365.1460659642207,0.2,11.321059944195655
2024-01-27 01:00:00,0.0,0.47305747538202225,0.05,418.13431367701764,0.2,11.739874966812405
2024-01-27 01:15:00,0.0,0.4190278098717253,0.05,383.7746253303801,0.2,10.99742619160372
2024-01-27 01:30:00,0.0,0.6382044444230417,0.05,398.5417806435168,0.2,10.118075455640124
2024-01-27 01:45:00,0.0,0.6959362132176538,0.05,427.5201297272771,0.2,11.695687443050204
2024-01-27 02:00:00,0.0,0.5281451082884846,0.05,379.95295780138997,0.2,13.218428289267997
2024-01-27 02:15:00,0.0,0.4864466713417498,0.05,442.3122636666251,0.2,11.731393582059427
2024-01-27 02:30:00,0.0,0.37744119013340127,0.05,422.1132145556634,0.2,9.698312482873689
2024-01-27 02:45:00,0.0,0.3330328535062266,0.05,411.58425884872054,0.2,9.857221826105608
2024-01-27 03:00:00,0.0,0.6140944108088444,0.05,381.3592626882529,0.2,10.08062946423503
2024-01-27 03:15:00,0.0,0.3344683827934497,0.05,396.40547270428397,0.2,12.425553849676636
2024-01-27 03:30:00,0.0,0.4073589287419915,0.05,392.83243803535464,0.2,9.708725326153058
2024-01-27 03:45:00,0.0,0.5394571784411211,0.05,375.353749479546,0.20237076657163827,8.982528857298242
2024-01-27 04:00:00,0.0,0.5089707262685004,0.05,421.8753129485698,0.30902407429603246,12.27759275393132
2024-01-27 04:15:00,0.0,0.5209279763988726,0.05,391.9126934863935,0.2,11.728589799658899
2024-01-27 04:30:00,0.0,0.4772286313218768,0.05,396.48904162738,0.2,15.029099627205133
2024-01-27 04:45:00,0.0,0.4285952076811471,0.05,397.499254313592,0.2,7.968315832572248
2024-01-27 05:00:00,0.0,0.33797724155512576,0.05,395.71647793258865,0.20995498705246035,13.345101916645996
2024-01-27 05:15:00,0.0,0.3756037198759938,0.05,410.60917579878077,0.25518118976018633,12.59908718367539
2024-01-27 05:30:00,0.0,0.3972004508378951,0.05,387.54654045366243,0.2,15.532943950515415
2024-01-27 05:45:00,0.0,0.2240464456193233,0.05,420.3663718911793,0.20939940251258973,13.884311532188342
2024-01-27 06:00:00,0.0,0.3213663896122719,0.05,388.0810657776753,0.31015777799683425,13.847899078478786
2024-01-27 06:15:00,0.05760829920074612,0.34969752318929215,0.05,386.3488449917765,0.29275513766134004,17.44887324356513
2024-01-27 06:30:00,0.12195399324330321,0.3049982859706398,0.05,347.7628894268635,0.30156095742686756,18.73113850767041
2024-01-27 06:45:00,0.18953750712110048,0.3267264837218375,0.05,382.41521518766933,0.3290523524463624,16.59024395404595
2024-01-27 07:00:00,0.20159966641891905,0.4151089660696239,0.1,374.75260531895157,0.35274886193007055,17.254810737980918
2024-01-27 07:15:00,0.29869130547697087,0.4148606996678905,0.1,350.0295369962395,0.3993610743320176,20.59025799034937
2024-01-27 07:30:00,0.34152133608108953,0.4745986283247357,0.1,326.8715989032138,0.3985308242504455,21.012422391796935
2024-01-27 07:45:00,0.412323618367707,0.16075202562009777,0.1,310.819390011789,0.37784272740610314,21.408820082986868
2024-01-27 08:00:00,0.47715952308160425,0.2579254851101933,0.1,268.7553028669947,0.41765181917825334,19.19453824217256
2024-01-27 08:15:00,0.5008253647292087,0.41164390390279193,0.1,261.79112021023406,0.41624948895190544,19.337093988430553
2024-01-27 08:30:00,0.5869414252359293,0.10367412274059626,0.1,293.2576348487705,0.401850672489097,24.578549371815292
2024-01-27 08:45:00,0.5856267325324767,0.15050791174623757,0.1,264.5153351252378,0.4559457240037551,23.170324731434704
2024-01-27 09:00:00,0.5828644751600308,0.1970050770655349,0.1,231.3941482174582,0.4719551859147867,21.105234091533077
2024-01-27 09:15:00,0.7060378922619104,0.45406441874168435,0.1,221.52522956210595,0.4115272417010973,23.001678658172022
2024-01-27 09:30:00,0.7487729285405944,0.14387606153227966,0.1,254.0275903660261,0.5535517776806294,23.996778446839674
2024-01-27 09:45:00,0.7981406298993701,0.3420881417226168,0.1,251.18556706012524,0.5799097793471315,24.211595140586653
2024-01-27 10:00:00,0.8158500978742046,0.22400522987611132,0.2,196.1165321323876,0.5771904453231623,24.41548394891975
2024-01-27 10:15:00,0.8377135646703275,0.1059800500831745,0.2,223.6667048765303,0.6109063608920233,28.016905888726853
2024-01-27 10:30:00,0.7965504803143115,0.4952065081315258,0.2,222.98184783934036,0.5738329719250387,27.144422559267834
2024-01-27 10:45:00,0.8526070167605344,0.23007877449155958,0.2,198.94076495487053,0.572100038964994,31.100082024725033
2024-01-27 11:00:00,0.8397573570564357,0.24443506652819796,0.2,231.6095009017588,0.6595773028758002,29.641835524914054
2024-01-27 11:15:00,0.9230996578033025,0.2572936987400251,0.2,196.9479035657801,0.5726127701974328,27.791021249113992
2024-01-27 11:30:00,0.898056360470514,0.2474066459424495,0.2,167.37387726813054,0.5833339808014427,30.767747584702548
2024-01-27 11:45:00,0.9084339249363778,0.4156355509384853,0.2,196.53538806065944,0.671847820061099,29.02034931861365
2024-01-27 12:00:00,0.9884904248537668,0.37859438482695906,0.2,227.359388040504,0.6808457810199173,33.49683767890633
2024-01-27 12:15:00,0.9847033593078612,0.10726840099939872,0.2,193.51912039992067,0.7155654454249181,28.338840394339748
2024-01-27 12:30:00,0.9766936951514141,0.4035835190224616,0.2,180.77345766970794,0.591641742246978,30.144885159354907
2024-01-27 12:45:00,0.9102971294752292,0.13382964862436297,0.2,216.40710415528068,0.6791919268088566,28.26789302434967
2024-01-27 13:00:00,0.8482047815410944,0.2390389228304272,0.2,211.982869052879,0.6332594118434492,28.897132756568645
2024-01-27 13:15:00,0.9057328690785098,0.06546216225814158,0.2,210.55534973085307,0.7370002947810848,29.125064055538164
2024-01-27 13:30:00,0.8986349598697987,0.3188847348842378,0.2,224.76658089350084,0.764120910843519,32.38692202595564
2024-01-27 13:45:00,0.8491765344982061,0.18988932755867738,0.2,206.79165851181398,0.7245824608143463,30.394653226149583
2024-01-27 14:00:00,0.7992994592550156,0.11184615558526402,0.2,214.79452761003301,0.6721076072373281,25.0820887605486
2024-01-27 14:15:00,0.7977375627635045,0.3525561789429615,0.2,248.25648141667037,0.6619284193379164,30.16590698681595
2024-01-27 14:30:00,0.7685239102496434,0.3849494714322751,0.2,222.00156675512739,0.676842028545908,27.966680241503273
2024-01-27 14:45:00,0.7295761346656542,0.39664231667607414,0.2,281.93015702364096,0.6521793645123546,28.92651445748653
2024-01-27 15:00:00,0.5628780159756362,0.10628359882416805,0.1,283.16602743433396,0.6818156904361227,31.96050628231626
2024-01-27 15:15:00,0.6432018745977747,0.42548512898495794,0.1,245.24851320751546,0.6465357679923792,26.782384399069365
2024-01-27 15:30:00,0.5455443576851853,0.24819614614854266,0.1,307.7639071069825,0.6080814042637341,26.782487916249874
2024-01-27 15:45:00,0.44394354821251986,0.49403630048846936,0.1,291.9298289921012,0.6880941438570645,25.64778475572013
2024-01-27 16:00:00,0.43293924621199925,0.3624953698064156,0.1,327.6957501473658,0.6826988221978649,27.885408837605194
2024-01-27 16:15:00,0.4284850168123439,0.336675388002049,0.1,314.2108002492688,0.7344118833108481,24.935482482348903
2024-01-27 16:30:00,0.31626821749483186,0.32431542080082126,0.1,319.9196160184143,0.6163463146206578,24.72209904667112
2024-01-27 16:45:00,0.31319911660192673,0.3343458146053759,0.1,330.0828434383807,0.5310417094112467,27.05879972668419
2024-01-27 17:00:00,0.24529843600035936,0.2802847594219352,0.1,299.24435022166716,0.6528971054889745,27.6984889717883
2024-01-27 17:15:00,0.18221497644235723,0.25417555084049037,0.1,379.5239949134064,0.6441915572723972,24.771207104615932
2024-01-27 17:30:00,0.12615760763014436,0.33762856442038186,0.1,359.7527498384653,0.6397285106067336,26.809825006560075
2024-01-27 17:45:00,0.0596954395031193,0.5060082277988485,0.1,406.11585320881875,0.6402372867416788,25.777045549457544
2024-01-27 18:00:00,1.1704194079629587e-16,0.2603375034163049,0.2,433.47916219332114,0.6242765364508919,26.08030414470195
2024-01-27 18:15:00,0.0,0.5471472489063677,0.2,388.4488595095398,0.4838477846740395,22.341564024861576
2024-01-27 18:30:00,0.0,0.4404442130800561,0.2,387.2676475811177,0.5922089074510701,27.794741898880467
2024-01-27 18:45:00,0.0,0.5171655262893514,0.2,420.1558714227929,0.48003007435000494,20.935698704694637
2024-01-27 19:00:00,0.0,0.5350798584230848,0.2,390.6490690423441,0.5175675549249389,21.337371581559914
2024-01-27 19:15:00,0.0,0.5571223905164465,0.2,426.34491880295377,0.4715017326563808,22.98085220462214
2024-01-27 19:30:00,0.0,0.47877684527698916,0.2,386.176067465061,0.3905204024486764,21.540878056976332
2024-01-27 19:45:00,0.0,0.4936920505089493,0.2,428.7642155256277,0.4776388561418677,22.34786907667709
2024-01-27 20:00:00,0.0,0.5894096675953706,0.2,393.8852613673847,0.3771949242141778,19.38017196950616
2024-01-27 20:15:00,0.0,0.4069845704608103,0.2,406.60496178670047,0.4733177826595898,16.892370735819206
2024-01-27 20:30:00,0.0,0.4023064301442246,0.2,419.64515042407845,0.3226799824009454,15.64461713643175
2024-01-27 20:45:00,0.0,0.48540047076759985,0.2,410.23005998264586,0.29125034632593827,21.60831992730874
2024-01-27 21:00:00,0.0,0.570230408436042,0.05,421.4132005657538,0.2892107559877904,16.805824801229143
2024-01-27 21:15:00,0.0,0.7424550764897742,0.05,370.8802890979267,0.37832822413049144,16.450814785112144
2024-01-27 21:30:00,0.0,0.5634689401029083,0.05,391.85596076510603,0.20683497346911459,19.775948504899695
2024-01-27 21:45:00,0.0,0.7663091737098,0.05,401.26475314138247,0.3129667164061024,14.592927170545591
2024-01-27 22:00:00,0.0,0.6247508505493713,0.05,384.6896300631284,0.3416180254682473,15.048483545031099
2024-01-27 22:15:00,0.0,0.5340282832696006,0.05,419.41569108554285,0.2248598439211906,12.379199599195198
2024-01-27 22:30:00,0.0,0.6994827713543497,0.05,389.7550230563557,0.2,11.287766765933654
2024-01-27 22:45:00,0.0,0.5650997434418159,0.05,384.73053754219416,0.2061910531181318,17.186095625025935
2024-01-27 23:00:00,0.0,0.618306110102003,0.05,418.8091315674839,0.2,16.73620072926812
2024-01-27 23:15:00,0.0,0.4625199257529591,0.05,379.0909098424018,0.3068612694014199,14.523693338795733
2024-01-27 23:30:00,0.0,0.4474225952925381,0.05,380.06563179716704,0.2,14.041492698056574
2024-01-27 23:45:00,0.0,0.6549373377284724,0.05,410.16552862380195,0.2,13.194040721055384
2024-01-28 00:00:00,0.0,0.7103728953951592,0.05,426.8764285909625,0.2,9.861151089434523
2024-01-28 00:15:00,0.0,0.7941385349030483,0.05,403.2335782200598,0.2,11.612730082600592
2024-01-28 00:30:00,0.0,0.5173517281403803,0.05,367.68311740182327,0.2,9.753643776997551
2024-01-28 00:45:00,0.0,0.7425314685797306,0.05,413.6986987880238,0.2,5.351194315733733
2024-01-28 01:00:00,0.0,0.7246298552555135,0.05,388.14803432105145,0.2,12.579281085078911
2024-01-28 01:15:00,0.0,0.5402697399953458,0.05,422.4151726787819,0.2,11.301447312946394
2024-01-28 01:30:00,0.0,0.7235845954478952,0.05,392.40692821816856,0.2,7.451112836331612
2024-01-28 01:45:00,0.0,0.6737961859350574,0.05,422.8789114077827,0.2,9.300835590387246
2024-01-28 02:00:00,0.0,0.6874233886108457,0.05,391.64381556831484,0.2,12.10438077552007
2024-01-28 02:15:00,0.0,0.783029960334829,0.05,386.22535364826496,0.2,10.28529124946427
2024-01-28 02:30:00,0.0,0.6687368528132469,0.05,361.6487076195698,0.2,6.687992770566823
2024-01-28 02:45:00,0.0,0.3366781485595813,0.05,386.8081699222724,0.2,7.765771522390416
2024-01-28 03:00:00,0.0,0.5736774058370648,0.05,403.54540305016894,0.2,14.055310113364868
2024-01-28 03:15:00,0.0,0.37518901291306544,0.05,402.00888993719565,0.2,10.662419218040545
2024-01-28 03:30:00,0.0,0.5368972928294587,0.05,412.2327157099668,0.2,12.878237855584711
2024-01-28 03:45:00,0.0,0.5204768327494511,0.05,424.8829480727948,0.2,14.707949589931564
2024-01-28 04:00:00,0.0,0.44163050972380763,0.05,400.57333080737305,0.2,10.422034745779126
2024-01-28 04:15:00,0.0,0.3856974237264619,0.05,401.3546078723225,0.2,12.389406898878203
2024-01-28 04:30:00,0.0,0.4235034963982945,0.05,422.25768506024195,0.2,8.133188731660939
2024-01-28 04:45:00,0.0,0.43057183791782366,0.05,404.6203082915248,0.2,11.267482955540736
2024-01-28 05:00:00,0.0,0.43859332442704296,0.05,381.5368451438463,0.2,14.080430624767923
2024-01-28 05:15:00,0.0,0.44956145501691186,0.05,389.55737160105605,0.2453757232659843,13.022371377313217
2024-01-28 05:30:00,0.0,0.4846303209982371,0.05,357.40201103185484,0.2,14.81614619294256
2024-01-28 05:45:00,0.0,0.3818253949438333,0.05,381.2652528938797,0.23127481813040512,16.304051861497655
2024-01-28 06:00:00,0.0,0.5279648434671995,0.05,366.193619482456,0.25640702115060054,16.12051972266597
2024-01-28 06:15:00,0.06120093185232204,0.3830955233861621,0.05,393.93939723846836,0.28311823070733105,16.238758548407265
2024-01-28 06:30:00,0.1282768353694808,0.4663438434133269,0.05,398.1253658020538,0.36342372590045646,16.554886291654167
2024-01-28 06:45:00,0.18500593702826632,0.3305338538577436,0.05,342.1649581526533,0.33830036932594715,15.649194198552069
2024-01-28 07:00:00,0.25413407871045424,0.6226071079131819,0.1,330.1635037076488,0.3722274435885551,15.564405037999041
2024-01-28 07:15:00,0.30362750693041657,0.382438524442754,0.1,354.5749520571453,0.3351330846891263,20.760325534586645
2024-01-28 07:30:00,0.33660585679812516,0.4869931736586426,0.1,314.4455712973979,0.4345173350854805,20.27956514836937
2024-01-28 07:45:00,0.43620755400348554,0.24214806307492076,0.1,316.67720717699035,0.3839594443443182,17.767685068088724
2024-01-28 08:00:00,0.4737088211473375,0.2552849721693868,0.1,314.86266530849673,0.30223399020855046,20.12818640564643
2024-01-28 08:15:00,0.5266613839810315,0.26367218813113846,0.1,274.7244119371625,0.5425402719104262,17.8702458321107
2024-01-28 08:30:00,0.5403995903530818,0.5255477068750646,0.1,264.4745367787792,0.44146698777552923,20.34947425416692
2024-01-28 08:45:00,0.6313289947298417,0.24685683517342624,0.1,258.0031246900562,0.48501572168559703,23.022309529309787
2024-01-28 09:00:00,0.6161064359478589,0.1762352342670171,0.1,227.50749930373365,0.42421524041150616,23.108598029778033
2024-01-28 09:15:00,0.7176149922171672,0.3797226838589232,0.1,259.3655722255889,0.6062878120462216,23.445943145142696
2024-01-28 09:30:00,0.6882996247760578,0.2472097665153798,0.1,253.34671021622313,0.4751423339754993,22.059600508301553
2024-01-28 09:45:00,0.7292784423560309,0.21189413147440944,0.1,235.2998531683856,0.513424266561051,22.24998655389223
2024-01-28 10:00:00,0.7959375829313287,0.1657666880953264,0.2,253.98845397315125,0.4735452716543833,26.899970834775168
2024-01-28 10:15:00,0.8363090307777644,0.26950830751366384,0.2,215.40174531750247,0.5848999547072686,28.942915744269165
2024-01-28 10:30:00,0.8992488552556148,0.32148965685871267,0.2,227.57589159176965,0.5685526597390943,27.187534940263266
2024-01-28 10:45:00,0.8695541990845748,0.2894225181777925,0.2,220.33066258922273,0.5206240351079187,26.248856718788616
2024-01-28 11:00:00,0.837530683758431,0.1588814569926482,0.2,190.8325962509736,0.6087534879665318,29.521134535423958
2024-01-28 11:15:00,0.9487228994720196,0.10507267515379522,0.2,226.94027486096928,0.6302916902274968,25.834082656035733
2024-01-28 11:30:00,0.8576618818280003,0.0,0.2,204.2745315386515,0.6256322016853212,30.03965788242373
2024-01-28 11:45:00,0.8511900573509349,0.10588134453465611,0.2,219.92039758072272,0.5583964849179066,27.12145752543304
2024-01-28 12:00:00,0.957692240911435,0.16278654586586516,0.2,173.98133138471883,0.6743474114968194,27.565214863031628
2024-01-28 12:15:00,0.9175993299432471,0.19452423219321063,0.2,202.6232833777907,0.6056798076274663,28.303144242879227
2024-01-28 12:30:00,0.8061476774535796,0.1746299004449611,0.2,192.49915831870345,0.7216247105557794,29.036408290577633
2024-01-28 12:45:00,0.9294849930232474,0.48393063868029307,0.2,186.81391232234978,0.6563084894977146,31.299177744704863
2024-01-28 13:00:00,0.8439724990489688,0.25595134846544954,0.2,235.00479670188827,0.7361586924174849,27.050594765066744
2024-01-28 13:15:00,0.9070561068727815,0.08684970148817601,0.2,214.5199072201159,0.6949397271110579,28.59902698653824
2024-01-28 13:30:00,0.8577660072448511,0.2807808333399263,0.2,185.68471626624893,0.7007031994338908,30.333747380682606
2024-01-28 13:45:00,0.8546400691771723,0.25977312377057776,0.2,210.67930728896803,0.7631725464482114,31.094239746885815
2024-01-28 14:00:00,0.8068301972027077,0.12180385804123166,0.2,245.57595773126346,0.659236718782021,26.590312839328192
2024-01-28 14:15:00,0.7369828370909542,0.2625866328727266,0.2,216.64851334200716,0.6445689803160837,28.397788266929645
2024-01-28 14:30:00,0.7298558934564942,0.2943444582601133,0.2,222.22962487248165,0.7252185453891222,26.416996523623002
2024-01-28 14:45:00,0.6907748003288608,0.35208248094897626,0.2,246.6911472954067,0.6285331419631641,28.4089333589542
2024-01-28 15:00:00,0.6773094168201929,0.08101141841251808,0.1,267.9647996110884,0.6498388117518079,28.784585048120253
2024-01-28 15:15:00,0.5491091609963444,0.33293863810133684,0.1,253.56539045960938,0.6051209581774094,30.474803756280092
2024-01-28 15:30:00,0.5090917761829773,0.41923817972514776,0.1,286.06214171671786,0.734754987864355,24.656832448364018
2024-01-28 15:45:00,0.4946762025857538,0.477654611296884,0.1,289.5831969183086,0.6189280686757695,30.275264622744114
2024-01-28 16:00:00,0.3993705520827342,0.1773932473553565,0.1,303.1287173471862,0.6270936523371693,27.641540165597625
2024-01-28 16:15:00,0.38984995903268377,0.29694703469284706,0.1,263.4473860256035,0.5849382590683057,27.632898269048788
2024-01-28 16:30:00,0.3791486007518498,0.31855676068024763,0.1,323.7816127879954,0.6187349367792798,29.876124600496716
2024-01-28 16:45:00,0.31244177027927367,0.4032639805975962,0.1,330.69829381543644,0.6184047240167517,30.208174278867634
2024-01-28 17:00:00,0.24506979607904905,0.3317732812266771,0.1,356.04316595741483,0.6534308871778147,25.760836658956666
2024-01-28 17:15:00,0.17288811689708203,0.28944257847285687,0.1,347.90586840089986,0.5317059284335044,25.269747962273307
2024-01-28 17:30:00,0.12783680000581024,0.3956123988144789,0.1,366.4758515188972,0.5525823320566005,25.379169694525938
2024-01-28 17:45:00,0.05985644645746214,0.35316916753822497,0.1,397.58144635466635,0.6378079932835468,24.222142734453403
2024-01-28 18:00:00,1.0726670738620912e-16,0.4562189530685241,0.2,428.91436224284655,0.6020529902471654,22.12981974430443
2024-01-28 18:15:00,0.0,0.33212388716144114,0.2,373.50853850926234,0.49879634327833705,24.36004310238213
2024-01-28 18:30:00,0.0,0.3238742728392168,0.2,410.2629440779898,0.5123313729433451,22.506876860304875
2024-01-28 18:45:00,0.0,0.5705620862257218,0.2,424.39865951072966,0.5948336015563577,23.410106960469914
2024-01-28 19:00:00,0.0,0.6790165704009474,0.2,413.8940994093409,0.4179466000286316,26.005573527213098
2024-01-28 19:15:00,0.0,0.6465150157329567,0.2,423.0507402066065,0.36246404621733175,21.739603939231394
2024-01-28 19:30:00,0.0,0.4693441271781653,0.2,389.12956494109835,0.41235314054510563,19.793855915081277
2024-01-28 19:45:00,0.0,0.5939704552019182,0.2,424.7354377900441,0.4154520442895475,20.10958452383953
2024-01-28 20:00:00,0.0,0.431371721778663,0.2,385.5107566351525,0.35989022722984476,20.257380804632323
2024-01-28 20:15:00,0.0,0.5619319755091532,0.2,401.1025641072811,0.4292245579017825,19.01504135485061
2024-01-28 20:30:00,0.0,0.46337200910974585,0.2,389.9521850455988,0.37137492683556006,17.569079779077768
2024-01-28 20:45:00,0.0,0.657519574814025,0.2,390.75609633474085,0.31125151499693704,14.735619871549714
2024-01-28 21:00:00,0.0,0.6537678280296938,0.05,365.5729206561191,0.29540493705048837,18.679145431471905
2024-01-28 21:15:00,0.0,0.757963372605543,0.05,360.5636966453612,0.26625076573920753,14.999139779915001
2024-01-28 21:30:00,0.0,0.5357401593049972,0.05,423.5356676434864,0.3266816643398416,19.098118109137452
2024-01-28 21:45:00,0.0,0.7241972925697091,0.05,364.01998319577183,0.24368669367019832,14.839247915861923
2024-01-28 22:00:00,0.0,0.6238515869496966,0.05,405.00885187031906,0.2,13.966962132248797
2024-01-28 22:15:00,0.0,0.5869133952299725,0.05,374.0192872746888,0.2814239991198196,13.501315068846543
2024-01-28 22:30:00,0.0,0.6184752905119134,0.05,383.0289148197077,0.2035514471354838,14.212767384223179
2024-01-28 22:45:00,0.0,0.7591873420493699,0.05,413.68605168276935,0.2,11.673698709234605
2024-01-28 23:00:00,0.0,0.5799914937684382,0.05,403.24067987224294,0.27350905163734046,11.578538849507245
2024-01-28 23:15:00,0.0,0.5880508698921887,0.05,397.45719170427776,0.20497540458784125,13.726313521627974
2024-01-28 23:30:00,0.0,0.39171876249175,0.05,422.89308438496425,0.2,10.031033876097212
2024-01-28 23:45:00,0.0,0.5848669781779161,0.05,394.20651089810207,0.2,12.781759316476574
2024-01-29 00:00:00,0.0,0.6264361927958184,0.05,424.599549209289,0.2,12.994674132198282
2024-01-29 00:15:00,0.0,0.5233470068716658,0.05,378.61112027208884,0.2,12.366552335699796
2024-01-29 00:30:00,0.0,0.49750345240661764,0.05,376.2041870796847,0.2,11.228455422195449
2024-01-29 00:45:00,0.0,0.41103319846547337,0.05,397.23663707440204,0.2,6.9223533958595045
2024-01-29 01:00:00,0.0,0.534720105727492,0.05,400.06551814205966,0.2,7.919310137954409
2024-01-29 01:15:00,0.0,0.7315039355787327,0.05,382.8322377158692,0.2,7.4813954273174055
2024-01-29 01:30:00,0.0,0.4365906761913555,0.05,394.47789104128486,0.2,9.328796236807394
2024-01-29 01:45:00,0.0,0.6582762734877541,0.05,427.29529509711193,0.2,10.08389301356986
2024-01-29 02:00:00,0.0,0.6611397354595971,0.05,392.11216746123733,0.2,7.617836336630317
2024-01-29 02:15:00,0.0,0.8115800845747492,0.05,361.27261450137837,0.2,9.676056093555307
2024-01-29 02:30:00,0.0,0.6625061865485043,0.05,365.13337195866865,0.2,11.453960200523229
2024-01-29 02:45:00,0.0,0.6458259196064133,0.05,441.73251230682877,0.2,8.194695338480336
2024-01-29 03:00:00,0.0,0.5781910815597975,0.05,429.0115140163865,0.2,8.703826390481234
2024-01-29 03:15:00,0.0,0.5319548964446104,0.05,391.279960595501,0.2,12.892617702757342
2024-01-29 03:30:00,0.0,0.606972237111296,0.05,416.21187598491935,0.2,8.906604245036736
2024-01-29 03:45:00,0.0,0.6359841738747245,0.05,405.20837213542194,0.2,11.71582286759427
2024-01-29 04:00:00,0.0,0.5170496307452286,0.05,425.4101076206879,0.2,13.818256621082615
2024-01-29 04:15:00,0.0,0.6176463282302579,0.05,378.57555427008896,0.2,9.322315365832113
2024-01-29 04:30:00,0.0,0.7648578161067868,0.05,379.1406193331247,0.2,9.853102547437533
2024-01-29 04:45:00,0.0,0.47137378354266396,0.05,426.3873755164592,0.2,12.018639786068036
2024-01-29 05:00:00,0.0,0.46166397177943624,0.05,370.13514026498984,0.2,13.064132780599422
2024-01-29 05:15:00,0.0,0.4298063806108607,0.05,401.39605591673455,0.2052991687052492,12.123331946886081
2024-01-29 05:30:00,0.0,0.4394795325727096,0.05,399.1059436851643,0.24978389846575424,17.85495078894133
2024-01-29 05:45:00,0.0,0.5353911552436637,0.05,415.6852313900485,0.24203899721207292,15.521550836130437
2024-01-29 06:00:00,0.0,0.4087054636807589,0.05,402.7975644754602,0.2303074731938439,13.39137547110223
2024-01-29 06:15:00,0.057242910086322096,0.4058371823851067,0.05,384.2785804243266,0.2693710492544579,12.845097265469466
2024-01-29 06:30:00,0.11577038548707883,0.34892979498991067,0.05,366.2839669949687,0.28142035171815627,16.04716057443589
2024-01-29 06:45:00,0.17960387599251085,0.4098876856509299,0.05,341.08581372457866,0.3414949474143064,17.66328195083732
2024-01-29 07:00:00,0.25346569653123063,0.2979165521377589,0.1,344.9142357191538,0.38510479731241887,21.092718591490595
2024-01-29 07:15:00,0.2685372815250847,0.21309737048738275,0.1,359.0140952006715,0.3209312320665532,18.200726315153364
2024-01-29 07:30:00,0.3677810942342022,0.3682305126106815,0.1,317.7446506323125,0.37241853384900825,18.20896015214737
2024-01-29 07:45:00,0.43043809471548783,0.5094807090976299,0.1,339.6674655396845,0.3469999163780096,17.392823750069923
2024-01-29 08:00:00,0.4409201965195152,0.27100559336333213,0.1,314.6200849013371,0.4208353909820486,20.740765276010066
2024-01-29 08:15:00,0.5054111449723562,0.18476543968335077,0.1,298.4175413270249,0.44262715335095143,22.68741501800241
2024-01-29 08:30:00,0.5647499829517832,0.46981191626419516,0.1,275.0112496347363,0.4308181600470383,17.73052877206762
2024-01-29 08:45:00,0.6258512188657687,0.2726869067519714,0.1,255.5626557007428,0.4844779456368724,22.10028578862585
2024-01-29 09:00:00,0.6004717490634763,0.35303447201200927,0.1,292.21041128118975,0.4778053559504089,20.547891689111733
2024-01-29 09:15:00,0.7282728398838653,0.17673545630532958,0.1,265.5037208575874,0.4940285974022578,20.499280760120786
2024-01-29 09:30:00,0.72782154119868,0.24230638867707713,0.1,238.54172401655737,0.47078679404119717,27.21480359120599
2024-01-29 09:45:00,0.8091002021652776,0.3737615161895712,0.1,267.6883779169059,0.541284748208622,26.197479747265096
2024-01-29 10:00:00,0.7668707569819889,0.23987216613753198,0.2,239.37567892227568,0.5211042237013787,23.787554902828727
2024-01-29 10:15:00,0.718118825906289,0.2349456709431006,0.2,192.21550597709782,0.6101551581269014,25.23275669615935
2024-01-29 10:30:00,0.827926891026532,0.06636469570150233,0.2,206.6936445359408,0.540468415488183,25.453044458369437
2024-01-29 10:45:00,0.9077044111154798,0.28931732129596366,0.2,225.1561215712898,0.611245730707943,24.342203926887024
2024-01-29 11:00:00,0.8446602741257451,0.12822662243468955,0.2,236.96618381832604,0.5991008777990524,25.989466428454342
2024-01-29 11:15:00,0.9266697626703284,0.3158129839767164,0.2,251.06896437511105,0.6388680210087615,29.086338727265755
2024-01-29 11:30:00,0.943557967996056,0.22194915043416885,0.2,202.22238410112976,0.635090978974217,26.801918480441525
2024-01-29 11:45:00,0.9272020908968523,0.2295501275285009,0.2,212.75309154625015,0.6085407711747728,29.24275320138681
2024-01-29 12:00:00,0.9804497153870689,0.27725418190513196,0.2,187.7683885930681,0.7144968843117038,27.54413531720985
2024-01-29 12:15:00,0.8291064608510963,0.2379551602566091,0.2,182.68024117446305,0.6247033800145563,26.600331822053686
2024-01-29 12:30:00,0.9128237340315686,0.37355636928218083,0.2,167.99455500098577,0.7092925742111191,31.627607971954717
2024-01-29 12:45:00,0.8993156215305037,0.3598468038051894,0.2,211.642911668831,0.5991600458662784,25.208575753247565
2024-01-29 13:00:00,0.8162700240264521,0.0850904453794729,0.2,232.10500036672929,0.6753316472585831,33.229223776252326
2024-01-29 13:15:00,0.7976769253608551,0.1935427739753267,0.2,226.13159598260373,0.7706948902945041,31.803741530910898
2024-01-29 13:30:00,0.8741332996690047,0.2988775815557838,0.2,216.9668152087388,0.6836610351439026,30.279874923326137
2024-01-29 13:45:00,0.8203344537994219,0.126365155492112,0.2,245.0976664531976,0.7041813180282915,29.08683055993238
2024-01-29 14:00:00,0.8288530090837336,0.06998884329788735,0.2,285.81021417522794,0.7801305385939576,29.264123746119402
2024-01-29 14:15:00,0.7163478683207336,0.15768561966395261,0.2,217.07223175309161,0.6922165245736103,30.38351486922454
2024-01-29 14:30:00,0.6620803268595103,0.22981279132308985,0.2,192.8576756851284,0.7103837663749757,30.283995750310613
2024-01-29 14:45:00,0.7387365027823122,0.0,0.2,256.4800255041215,0.7244675283484469,27.889501944845637
2024-01-29 15:00:00,0.5861784558815664,0.14718967846623565,0.1,280.22885161793533,0.6207931154900755,29.794822177233737
2024-01-29 15:15:00,0.6370066747150083,0.09027731006053089,0.1,237.18412325067462,0.6598034462835599,29.986721616067314
2024-01-29 15:30:00,0.5732184959462007,0.39291494101110414,0.1,294.9026919699562,0.6836573931166434,28.637487462465423
2024-01-29 15:45:00,0.541274618654177,0.38203383606137814,0.1,282.1438139453095,0.5892689234614802,33.44709854544028
2024-01-29 16:00:00,0.45002115728722447,0.3278563689360381,0.1,306.73686045833074,0.7282978483949613,28.392306388541815
2024-01-29 16:15:00,0.42678189903674485,0.3215434493683378,0.1,293.16186613482085,0.6872616110933858,24.787993019402773
2024-01-29 16:30:00,0.3577931844963283,0.3779439976539261,0.1,303.85238698465594,0.6683801800882109,25.912939153741988
2024-01-29 16:45:00,0.3010165164370201,0.23587858798975042,0.1,313.61948709099784,0.6915517646696769,28.92545376824278
2024-01-29 17:00:00,0.255411936934341,0.47352509052086167,0.1,361.58636942913057,0.6482943333768242,25.626215816423045
2024-01-29 17:15:00,0.17527035308737304,0.3702840644189174,0.1,348.4954960648084,0.5863092243976176,24.6058769283256
2024-01-29 17:30:00,0.12934414798174543,0.4656546885819527,0.1,379.289740305828,0.5010162492328478,28.8783364336538
2024-01-29 17:45:00,0.06149761779780193,0.4745609108004355,0.1,387.5095459793326,0.5326104748223276,25.895277873995415
2024-01-29 18:00:00,1.0756018595454575e-16,0.45341144682972695,0.2,376.397167910764,0.5173881333463758,23.797562844270118
2024-01-29 18:15:00,0.0,0.4443724247361457,0.2,401.5216650162973,0.5636260225725069,18.885373604245192
2024-01-29 18:30:00,0.0,0.4499492228828443,0.2,404.74009931757325,0.5188497509586127,25.067511477139103
2024-01-29 18:45:00,0.0,0.4327203724217764,0.2,421.2526334735799,0.41815818147524064,23.245359682131244
2024-01-29 19:00:00,0.0,0.5000594823989121,0.2,429.88673241788973,0.5209023180887555,25.1896744597167
2024-01-29 19:15:00,0.0,0.48490881389141616,0.2,379.61044336684654,0.524995296165559,19.761692934286128
2024-01-29 19:30:00,0.0,0.4278346001695672,0.2,407.09653659041277,0.5129348053744461,20.558774607028326
2024-01-29 19:45:00,0.0,0.5494292109091512,0.2,355.65382189057607,0.3631245546980394,21.251270226457947
2024-01-29 20:00:00,0.0,0.5280500022919833,0.2,417.024667410417,0.416078511632634,22.51189193087664
2024-01-29 20:15:00,0.0,0.6320928653883013,0.2,421.9460257790518,0.33006054808025687,19.862907834243842
2024-01-29 20:30:00,0.0,0.34071060746596954,0.2,346.56571513232734,0.4578013773696174,17.279857917354384
2024-01-29 20:45:00,0.0,0.5354912200665405,0.2,393.2157376186009,0.3430017807958405,20.644629498287905
2024-01-29 21:00:00,0.0,0.4689310636113122,0.05,382.05809399036644,0.30384496383297993,16.78724328071508
2024-01-29 21:15:00,0.0,0.4986056870537119,0.05,393.1643925015703,0.2758574127747093,17.14566392024382
2024-01-29 21:30:00,0.0,0.6146454708172373,0.05,389.2014086622147,0.3018967267382977,17.67451013721586
2024-01-29 21:45:00,0.0,0.4226878729768757,0.05,399.12747058348515,0.29309410797357105,18.70350940432406
2024-01-29 22:00:00,0.0,0.5865186453818783,0.05,419.74641423251353,0.2,15.737771003100367
2024-01-29 22:15:00,0.0,0.5824185045460156,0.05,393.7251633020353,0.3031721247467347,19.618862810650402
2024-01-29 22:30:00,0.0,0.47978094870919474,0.05,380.2511213186033,0.2409172244752814,13.733289478892093
2024-01-29 22:45:00,0.0,0.6051933156081454,0.05,396.0472398749385,0.2716374761772288,13.993674116788437
2024-01-29 23:00:00,0.0,0.5170298477151924,0.05,394.93508105651597,0.2734032982857193,11.691636926946607
2024-01-29 23:15:00,0.0,0.8159054281861042,0.05,398.2681124672361,0.2,13.126783793736447
2024-01-29 23:30:00,0.0,0.7184856357265914,0.05,387.4404653420676,0.20483935082184607,12.660766428871808
2024-01-29 23:45:00,0.0,0.6062977806002104,0.05,407.25255985029054,0.2,13.77670966090448
2024-01-30 00:00:00,0.0,0.5568251474609129,0.05,425.8685363604168,0.2,12.228774147468894
2024-01-30 00:15:00,0.0,0.649976818421247,0.05,374.62013881784856,0.2095571091924256,9.976795440040346
2024-01-30 00:30:00,0.0,0.6750365640561805,0.05,409.0143124006488,0.2,11.274011221195869
2024-01-30 00:45:00,0.0,0.62161031505941,0.05,419.19459320554535,0.2,9.18596097567014
2024-01-30 01:00:00,0.0,0.4916704116203702,0.05,391.32089005855045,0.2,11.439729544654579
2024-01-30 01:15:00,0.0,0.5684272492787295,0.05,425.04401311109154,0.2,9.073818499677108
2024-01-30 01:30:00,0.0,0.5925772139478164,0.05,398.78846119497086,0.2,7.289546795787255
2024-01-30 01:45:00,0.0,0.608402050052458,0.05,377.4804467305526,0.2,7.761199659500599
2024-01-30 02:00:00,0.0,0.6045413958710647,0.05,374.5688185940152,0.2,7.650004701413328
2024-01-30 02:15:00,0.0,0.6393771459800015,0.05,415.69618618914785,0.2,8.96528274307804
2024-01-30 02:30:00,0.0,0.6928426969302586,0.05,413.85715749193946,0.2,8.39096030413436
2024-01-30 02:45:00,0.0,0.6516243321653983,0.05,431.28580527054027,0.2,10.147936609752923
2024-01-30 03:00:00,0.0,0.6004533408080278,0.05,413.4143664487155,0.2,9.556808897754605
2024-01-30 03:15:00,0.0,0.4060987639087279,0.05,398.0105519444094,0.2,11.563063429656436
2024-01-30 03:30:00,0.0,0.6403866093700152,0.05,409.64616848511554,0.24316243367572443,11.526659043198498
2024-01-30 03:45:00,0.0,0.5929946818146183,0.05,401.44175008213244,0.2,10.383476693619297
2024-01-30 04:00:00,0.0,0.474420872153599,0.05,393.34853743330063,0.2,13.824383697365151
2024-01-30 04:15:00,0.0,0.49143164113941584,0.05,389.0127425977586,0.260798396765294,9.832426078062984
2024-01-30 04:30:00,0.0,0.4830947836100358,0.05,365.5396756173497,0.2,14.079354576894218
2024-01-30 04:45:00,0.0,0.4205056606175999,0.05,385.15707152431355,0.2,12.793915587004708
2024-01-30 05:00:00,0.0,0.2769603553069036,0.05,399.6069997559702,0.22169646206351495,12.140145983799362
2024-01-30 05:15:00,0.0,0.3273638000684719,0.05,345.8768600045679,0.2,15.665385627856477
2024-01-30 05:30:00,0.0,0.3354545098942293,0.05,389.70268179287194,0.23068078785425739,15.02669119899436
2024-01-30 05:45:00,0.0,0.21629761353677068,0.05,418.41147410966636,0.2,12.293081174591972
2024-01-30 06:00:00,0.0,0.28867337312075914,0.05,426.86457802592963,0.3523884395293394,15.727961207699293
2024-01-30 06:15:00,0.05523221397829839,0.5010393156448116,0.05,376.37048504141273,0.2569448325874879,16.30308189728621
2024-01-30 06:30:00,0.12632979801755645,0.4224865955019014,0.05,362.5947810911263,0.24967795845701835,18.187933932264677
2024-01-30 06:45:00,0.18553098329208645,0.26388344907520533,0.05,346.5823008424741,0.34589974146070934,17.956323827101862
2024-01-30 07:00:00,0.24524365902972936,0.27941383519669877,0.1,337.06838223044986,0.3467549222393372,18.72561839434346
2024-01-30 07:15:00,0.30026795315021343,0.4586304695334476,0.1,358.5650866763426,0.3862696336635777,17.166335762791928
2024-01-30 07:30:00,0.34971707796053875,0.4439100343523469,0.1,356.0474759031302,0.45636333435268084,18.27532663456186
2024-01-30 07:45:00,0.41883426664380174,0.3185310615431406,0.1,277.77272529442325,0.3511186946590069,18.841690809476056
2024-01-30 08:00:00,0.44972202953098656,0.4174797693381631,0.1,283.77069598753235,0.48595179168179486,16.80260174870298
2024-01-30 08:15:00,0.49260419511014136,0.21229555230147476,0.1,251.61649707791344,0.5134933405670161,23.227341573397123
2024-01-30 08:30:00,0.4669939141653246,0.30098370621033865,0.1,277.6750236983392,0.40073281000102834,19.06693825358762
2024-01-30 08:45:00,0.5633420369556712,0.12069575137751681,0.1,258.3634952428701,0.42494490719804084,22.488346008905143
2024-01-30 09:00:00,0.6307816108789818,0.2221466274777943,0.1,265.75705394014335,0.48000683960659263,21.92600582877737
2024-01-30 09:15:00,0.6941558489286185,0.25243969195365945,0.1,262.8964069190132,0.48644797449812527,22.737517180568233
2024-01-30 09:30:00,0.7406163591648047,0.07282344219999776,0.1,252.37456845801358,0.600257788875706,25.18191913676751
2024-01-30 09:45:00,0.7164536211810885,0.2930176895795235,0.1,200.78729958411975,0.48949037187442895,22.86225238064508
2024-01-30 10:00:00,0.8124172898915494,0.3028150825056654,0.2,226.28087459292854,0.5622329414832204,25.91315964227257
2024-01-30 10:15:00,0.840359239234511,0.3217373588378977,0.2,186.71106187945335,0.5283967471990771,26.487945568695746
2024-01-30 10:30:00,0.8849266572568749,0.44864878322903656,0.2,249.96154896079116,0.5880518359445542,24.53642476510825
2024-01-30 10:45:00,0.8841491771410991,0.2522854090268705,0.2,203.5204252295214,0.7048886443982116,28.41578390675998
2024-01-30 11:00:00,0.9312277941037821,0.2004065470853021,0.2,179.48556932145704,0.7032840968862597,29.805926960387733
2024-01-30 11:15:00,0.9034423418685026,0.0436346429694095,0.2,192.95763395742088,0.6444781854226209,31.56784691642179
2024-01-30 11:30:00,0.9285941692646146,0.24090627088532274,0.2,205.86867629790447,0.6694944861192307,27.409468308939722
2024-01-30 11:45:00,0.9143130532261889,0.25637149989308694,0.2,215.09318480353937,0.6730153926132119,28.696941842528656
2024-01-30 12:00:00,0.9227156683329341,0.06439877284005743,0.2,226.0061909157739,0.6446073585292298,29.164631354429254
2024-01-30 12:15:00,0.8839127808422056,0.17641948335555935,0.2,201.686409964175,0.7648892392931923,30.300269537001835
2024-01-30 12:30:00,0.9099145466151474,0.20282428699697236,0.2,195.03438623603427,0.7431413910259543,32.73587481533816
2024-01-30 12:45:00,0.8818448168340289,0.2567954883521599,0.2,217.54433133800268,0.6957976770154518,30.44295655117326
2024-01-30 13:00:00,0.8680575893683495,0.2924389759718414,0.2,219.9675480366746,0.6789354509584432,30.68737762463652
2024-01-30 13:15:00,0.859495286536909,0.1569582457198594,0.2,212.98954223703478,0.6866376893430775,27.618512251923995
2024-01-30 13:30:00,0.834221335340169,0.2353601763661912,0.2,231.4165420402808,0.7143721996071235,34.011736252072
2024-01-30 13:45:00,0.8364290610147788,0.27799899991644894,0.2,208.42047510847073,0.6976052963554803,29.027904147308274
2024-01-30 14:00:00,0.7239759584957931,0.20861699596510153,0.2,226.31445669580285,0.7569754542601915,24.680751824114406
2024-01-30 14:15:00,0.7530745549807866,0.19155984780327115,0.2,193.046606574747,0.723309020538062,25.427195570530326
2024-01-30 14:30:00,0.7779235458868687,0.31258727660275915,0.2,269.1266960353129,0.6497462192365919,30.56460210010864
2024-01-30 14:45:00,0.7223997841342494,0.23186045187718995,0.2,239.79820632901033,0.6369048350344545,27.261625480075438
2024-01-30 15:00:00,0.6408846297851679,0.13887007560766051,0.1,286.4899211567959,0.7393177171609256,29.766828514657224
2024-01-30 15:15:00,0.6131967898377936,0.40543506991846634,0.1,255.00702224726314,0.6262621938721945,26.479807049711873
2024-01-30 15:30:00,0.5588440381166477,0.16961854849846303,0.1,284.2921950934127,0.6597333558112378,29.84887782068027
2024-01-30 15:45:00,0.5463259080766663,0.27943529916917154,0.1,289.98083248684696,0.6470805841330874,30.097277836624947
2024-01-30 16:00:00,0.44960621479350765,0.33217635594639006,0.1,287.9601170623211,0.5978829201846163,29.011927070933336
2024-01-30 16:15:00,0.43225117013628966,0.35706308676636445,0.1,321.13443767975576,0.6649512905030217,26.922028233633508
2024-01-30 16:30:00,0.322945455745147,0.3404249941987463,0.1,349.0022986202721,0.6318152349575904,29.69065759825898
2024-01-30 16:45:00,0.3047585270878952,0.04149952587130595,0.1,371.50792093611517,0.5936611539217516,26.71967109215526
2024-01-30 17:00:00,0.23519599484915008,0.27798482199716207,0.1,363.0906522079943,0.7163913827758434,26.694355358913676
2024-01-30 17:15:00,0.18710590091137605,0.3906109704451178,0.1,336.781276247153,0.47625711217924604,25.574065213208918
2024-01-30 17:30:00,0.12936137318886728,0.36298544072836436,0.1,345.78318334584554,0.5394601906141849,25.551781927381732
2024-01-30 17:45:00,0.06294656653622094,0.43808600417056165,0.1,409.69809057353035,0.5378336786324369,29.2982001668572
2024-01-30 18:00:00,1.143834805390941e-16,0.5021494986407439,0.2,380.0541697780418,0.48208113657479795,24.990097453076167
2024-01-30 18:15:00,0.0,0.463749363797947,0.2,412.3191017808811,0.6455819920057998,21.883633378265504
2024-01-30 18:30:00,0.0,0.35320366619590504,0.2,402.67880591861166,0.6271728751520067,21.90833392944835
2024-01-30 18:45:00,0.0,0.38516779918095934,0.2,426.3740271153647,0.46220886512022363,22.6620270795093
2024-01-30 19:00:00,0.0,0.6149078492003306,0.2,410.19903333485377,0.541082536387245,20.99890990224466
2024-01-30 19:15:00,0.0,0.4463769779752518,0.2,399.38842935177416,0.48835417981506224,23.85022193738616
2024-01-30 19:30:00,0.0,0.46699586829635303,0.2,441.22490936921156,0.5219636023100335,18.471378971681716
2024-01-30 19:45:00,0.0,0.5394453363344762,0.2,416.46495003425036,0.4142607031641355,20.4158977244912
2024-01-30 20:00:00,0.0,0.6237221642884383,0.2,411.0946443397839,0.42158042614382996,22.021273454858857
2024-01-30 20:15:00,0.0,0.42098762404593215,0.2,386.3478785556388,0.4505063623419863,18.085780960599724
2024-01-30 20:30:00,0.0,0.47214060798359164,0.2,377.0671383266545,0.42332188899584045,19.572855399540227
2024-01-30 20:45:00,0.0,0.37147298787735294,0.2,394.81063800024197,0.3490546423655704,17.968433692643067
2024-01-30 21:00:00,0.0,0.5117841668619845,0.05,370.02350442186423,0.275225514869694,17.348699549073466
2024-01-30 21:15:00,0.0,0.6071272979566917,0.05,393.5604601985164,0.2654003147348978,17.80939183669191
2024-01-30 21:30:00,0.0,0.5222466198531193,0.05,416.0190713860231,0.2,12.45544206833797
2024-01-30 21:45:00,0.0,0.7422752147778768,0.05,419.6357967313814,0.3066767762357829,17.983837064926366
2024-01-30 22:00:00,0.0,0.5848252526664687,0.05,393.15991463448546,0.2606081973145007,11.206025379001964
2024-01-30 22:15:00,0.0,0.5691479738081386,0.05,458.7194974927622,0.24779211810494767,16.716129528335955
2024-01-30 22:30:00,0.0,0.5495622849201532,0.05,425.4668110410328,0.21611326192708444,14.780410142490284
2024-01-30 22:45:00,0.0,0.45340042345183085,0.05,399.4006115186098,0.2,14.352823659831166
2024-01-30 23:00:00,0.0,0.5841519347067978,0.05,422.8284684939672,0.20349882181742387,16.158061709648383
2024-01-30 23:15:00,0.0,0.6319957173934635,0.05,388.41013864397706,0.20471061069085353,14.848505979654849
2024-01-30 23:30:00,0.0,0.5864819966825475,0.05,405.0783143866961,0.2,13.69481680379078
2024-01-30 23:45:00,0.0,0.622683111752672,0.05,392.7886653642029,0.2,11.09624527014348
