timestamp,solar_generation,wind_generation,grid_price,carbon_intensity,base_load,temperature_celsius
2024-01-01 00:00:00,0.0,0.46090554284124063,0.05,409.271433499,0.2,13.337000198048475
2024-01-01 00:15:00,0.0,0.5785895825919606,0.05,426.68697105474024,0.2,10.064338820566032
2024-01-01 00:30:00,0.0,0.5861030354130587,0.05,429.6333012269647,0.2,10.240101888235998
2024-01-01 00:45:00,0.0,0.48532384642584653,0.05,408.6412162184014,0.2,10.312191915067617
2024-01-01 01:00:00,0.0,0.4691943654387408,0.05,429.20466547002616,0.2,9.312297961920482
2024-01-01 01:15:00,0.0,0.7561804651416861,0.05,403.4571841881436,0.2,8.123766515580918
2024-01-01 01:30:00,0.0,0.6963038642344845,0.05,423.62349256677675,0.20390905900796286,12.977268127117538
2024-01-01 01:45:00,0.0,0.6089963429652646,0.05,427.7955720772181,0.2,9.404472026049506
2024-01-01 02:00:00,0.0,0.667219347272618,0.05,413.58286131549846,0.2,11.594473865060046
2024-01-01 02:15:00,0.0,0.4077589163746557,0.05,401.60538439368605,0.2,8.827476329461083
2024-01-01 02:30:00,0.0,0.573202539850588,0.05,408.4925157919644,0.2,9.61414738516601
2024-01-01 02:45:00,0.0,0.6331400748138251,0.05,421.8467929792126,0.2,8.967472001865984
2024-01-01 03:00:00,0.0,0.4537792977033054,0.05,405.04585038264537,0.2299279775844843,10.356087427790703
2024-01-01 03:15:00,0.0,0.5777641800980696,0.05,410.12034545677477,0.2,9.616455693565937
2024-01-01 03:30:00,0.0,0.5132972352738492,0.05,391.5055156112113,0.2,13.63507439732349
2024-01-01 03:45:00,0.0,0.5719004043420945,0.05,375.2849240814544,0.2,10.204817889395672
2024-01-01 04:00:00,0.0,0.5977356520957069,0.05,413.24318356477636,0.2,12.408441740664234
2024-01-01 04:15:00,0.0,0.497137433078102,0.05,428.67079486769455,0.2,12.338520387059976
2024-01-01 04:30:00,0.0,0.48381480381110886,0.05,385.523907723025,0.2,10.801351422519733
2024-01-01 04:45:00,0.0,0.5315103985416387,0.05,386.5303599858181,0.2,14.824662142711814
2024-01-01 05:00:00,0.0,0.4196977707509018,0.05,408.2013537209075,0.2,14.021189819720027
2024-01-01 05:15:00,0.0,0.4029515268692667,0.05,358.09236309965985,0.29941957368489525,9.907852520667118
2024-01-01 05:30:00,0.0,0.3996543521668764,0.05,407.9595016252513,0.2216706168301702,14.798449647289283
2024-01-01 05:45:00,0.0,0.4635208353428791,0.05,402.3370364863006,0.2,9.899561936924986
2024-01-01 06:00:00,0.0,0.24131453120627128,0.05,386.1150218259675,0.20722971032217935,14.480529239796796
2024-01-01 06:15:00,0.06015313637934561,0.2235665545159252,0.05,380.464073683655,0.2242199041688377,17.168551655408397
2024-01-01 06:30:00,0.11311497391187209,0.39717413196432666,0.05,376.9776499252848,0.29544291848614307,14.854553643384982
2024-01-01 06:45:00,0.17347136255352139,0.2998586764685006,0.05,356.89747242772546,0.3914294373065559,14.576408833771168
2024-01-01 07:00:00,0.21968751389236255,0.5220851641551615,0.1,388.09752866489987,0.43625988690063827,14.851852453565135
2024-01-01 07:15:00,0.3001423809109407,0.28684566990144994,0.1,359.25586823123984,0.39089396780573904,16.045742953215097
2024-01-01 07:30:00,0.36479242515820054,0.17411947341963066,0.1,319.8148175861132,0.3570382753962089,18.833988851412766
2024-01-01 07:45:00,0.42409498860631606,0.29296916208880036,0.1,317.40206435772893,0.33166369142209184,18.96480126897089
2024-01-01 08:00:00,0.48743778354415135,0.1653432607972094,0.1,324.92800053373446,0.3832160235913243,19.846464621284603
2024-01-01 08:15:00,0.5224856161697734,0.26564408989309085,0.1,280.8088864402312,0.38494513091374183,20.971988648911104
2024-01-01 08:30:00,0.5413029041698337,0.20718613694769294,0.1,230.78775048677625,0.45548032151925383,21.801899787624873
2024-01-01 08:45:00,0.6293941782084518,0.0017877400603113491,0.1,309.17552841915096,0.4256079625874782,21.938973708162884
2024-01-01 09:00:00,0.6145112707068823,0.22903074450196548,0.1,249.7684995762172,0.5187203371171802,24.31463213404927
2024-01-01 09:15:00,0.6738633167580161,0.22297764918317914,0.1,256.37158110346786,0.5373417946827811,23.79274589139319
2024-01-01 09:30:00,0.695456216041466,0.3200206567934513,0.1,235.81076844534633,0.4604864214760053,22.497517762904227
2024-01-01 09:45:00,0.7346654753761922,0.27339786924868453,0.1,258.1394268539899,0.5303056140066298,26.38335822253489
2024-01-01 10:00:00,0.8365046690979487,0.21432255032686706,0.2,223.0149377781414,0.5676692863471502,27.43660949666444
2024-01-01 10:15:00,0.8927662205621283,0.09570754352124461,0.2,222.8078262612922,0.6032084472025725,23.93904883945407
2024-01-01 10:30:00,0.8100188103207859,0.3697698601784667,0.2,230.09675950822324,0.5180417762875665,23.237086792611265
2024-01-01 10:45:00,0.9041253271283268,0.2114271530143811,0.2,206.4374742236506,0.5667646859276588,26.57883242558858
2024-01-01 11:00:00,0.8878701868766199,0.28475338955177587,0.2,200.3063178091843,0.6293307476155537,26.831850152264664
2024-01-01 11:15:00,0.9551624899269712,0.20239726767112845,0.2,195.61482503772916,0.6221989894196508,26.591368454079813
2024-01-01 11:30:00,0.9256388995407819,0.08926755879140837,0.2,205.36493531168117,0.6265223123394945,27.440112177132242
2024-01-01 11:45:00,0.8607204350880326,0.15207461236848008,0.2,214.22151381273642,0.5970824649069326,28.40508673570782
2024-01-01 12:00:00,0.9681459659587871,0.41117341867432017,0.2,178.84616028452552,0.6613324962375664,31.61901867703575
2024-01-01 12:15:00,0.8985939296489699,0.17082774877927945,0.2,206.51884249493247,0.7463025212328731,28.030697811038348
2024-01-01 12:30:00,0.8994595464155178,0.2914567094379107,0.2,232.41779854543483,0.6217273916538459,29.9415125852479
2024-01-01 12:45:00,0.8718804103391717,0.16181325546652595,0.2,141.81710599748754,0.7341969930798621,29.9543047721671
2024-01-01 13:00:00,0.9105277850457248,0.21665904989836862,0.2,204.99315283592944,0.7368360183453867,31.9985768335529
2024-01-01 13:15:00,0.8226881459176784,0.36003256886269913,0.2,202.8504823733519,0.6907660767428115,31.599876048675632
2024-01-01 13:30:00,0.860877367413893,0.33224998097217495,0.2,224.07437942361426,0.659255849959791,27.496047221172358
2024-01-01 13:45:00,0.8315790241837817,0.18773936659260806,0.2,219.90341974859456,0.7205742891589133,27.60643786644654
2024-01-01 14:00:00,0.7280553414953892,0.3307568733776985,0.2,237.51471802942376,0.7416528224823635,34.27111674487047
2024-01-01 14:15:00,0.7342584622727001,0.283544318138728,0.2,214.09071292564715,0.7069403537795956,29.99946257515828
2024-01-01 14:30:00,0.7118289425977821,0.07248654329330084,0.2,260.6116893503495,0.6304569869220331,31.94315454001645
2024-01-01 14:45:00,0.6051310002180235,0.3063477958986152,0.2,235.74314481593612,0.7420708937724594,29.421847202775005
2024-01-01 15:00:00,0.6561592898183849,0.375543906653252,0.1,267.48732000838925,0.6197655101729268,26.09908979914721
2024-01-01 15:15:00,0.6500622156545809,0.28791355323958545,0.1,251.56722386700218,0.6713841389595917,28.897972417929704
2024-01-01 15:30:00,0.5665491642750067,0.31513296849832384,0.1,279.60772970214464,0.7036779214314915,28.707044055460354
2024-01-01 15:45:00,0.48205872726089105,0.2007219841251941,0.1,224.06712809274785,0.7411599238611225,28.3967601000185
2024-01-01 16:00:00,0.4584549900500408,0.32674662507643626,0.1,280.19579175425764,0.6978117609217147,31.04918525181855
2024-01-01 16:15:00,0.419553338946405,0.1585969890137601,0.1,335.386649485348,0.6942293022878712,30.21521586251302
2024-01-01 16:30:00,0.3684637018762122,0.279235939391138,0.1,325.50317396336084,0.5976212501921687,30.042869347127052
2024-01-01 16:45:00,0.29367228801877043,0.38900840033424444,0.1,339.6850509814273,0.6076937437268124,24.752490958338896
2024-01-01 17:00:00,0.2391725747691774,0.504443042223182,0.1,332.18679447024306,0.6425443383186161,31.16001950992578
2024-01-01 17:15:00,0.15784918475139703,0.33011122063266224,0.1,383.6080149862418,0.5588543568706199,27.41938065788378
2024-01-01 17:30:00,0.11449383738997208,0.20865667969679036,0.1,399.43864374728787,0.6349406456669955,26.904098243645212
2024-01-01 17:45:00,0.06459541320944406,0.4306057144941413,0.1,365.7499557695111,0.5791066026660682,25.13901974113406
2024-01-01 18:00:00,1.160039768276788e-16,0.4435970450578209,0.2,387.363009951276,0.46169017252516303,25.95939073509529
2024-01-01 18:15:00,0.0,0.3752191292724803,0.2,374.43243922875735,0.5456123309458996,22.187857426399955
2024-01-01 18:30:00,0.0,0.28998742622682194,0.2,415.09554068309257,0.5197116628407676,22.609646666732928
2024-01-01 18:45:00,0.0,0.28772355326367643,0.2,409.4974349244785,0.5302801537389712,22.586108383568853
2024-01-01 19:00:00,0.0,0.3828349231218221,0.2,419.72172768993516,0.5653676389983878,20.85376020150174
2024-01-01 19:15:00,0.0,0.4442223025247938,0.2,361.83557004228294,0.44404463067853545,22.489059471506696
2024-01-01 19:30:00,0.0,0.5884933106529431,0.2,433.945984770653,0.43586252946915666,20.1929749067715
2024-01-01 19:45:00,0.0,0.3873365479115949,0.2,389.04239574235675,0.4165419270606829,18.256686464125902
2024-01-01 20:00:00,0.0,0.5964803666343588,0.2,409.5494841203464,0.4125052410116835,21.325664581177115
2024-01-01 20:15:00,0.0,0.5900379288158548,0.2,390.4909892289002,0.3627823277760236,20.12905872304705
2024-01-01 20:30:00,0.0,0.4263853125895687,0.2,381.54173386845105,0.38264524433849645,17.30660753883623
2024-01-01 20:45:00,0.0,0.4511438672360085,0.2,428.75091099658164,0.3316665155100212,16.780817894355224
2024-01-01 21:00:00,0.0,0.6057208388894859,0.05,371.58738616652045,0.34682503415381305,16.222166398421603
2024-01-01 21:15:00,0.0,0.41927210832833595,0.05,407.6239192466643,0.29377032000586784,17.053539375705753
2024-01-01 21:30:00,0.0,0.491113842108278,0.05,359.2485426866351,0.31548937231357277,15.731346982557609
2024-01-01 21:45:00,0.0,0.38809075956832695,0.05,386.9649647766556,0.3157824838538579,16.553418873146715
2024-01-01 22:00:00,0.0,0.4856046806065048,0.05,397.3943611044108,0.2,15.630839653739883
2024-01-01 22:15:00,0.0,0.6903953204542133,0.05,366.12179115547184,0.24887229576736342,14.02620966026972
2024-01-01 22:30:00,0.0,0.5133625663564915,0.05,419.80800120824733,0.23097750965147384,14.455392305132566
2024-01-01 22:45:00,0.0,0.4869327835041681,0.05,451.0557897847656,0.2,12.753363453419603
2024-01-01 23:00:00,0.0,0.5245731787105985,0.05,375.7421807912648,0.2,13.292892756088555
2024-01-01 23:15:00,0.0,0.6702645840957713,0.05,399.1533441466273,0.2,10.863945770316429
2024-01-01 23:30:00,0.0,0.5394069398280258,0.05,415.5932007022417,0.2,13.030497671202847
2024-01-01 23:45:00,0.0,0.45926585071494513,0.05,412.3469601547188,0.23061460544218482,10.612740657684295
2024-01-02 00:00:00,0.0,0.4943860939180703,0.05,388.7245661865782,0.2,7.9973474771874375
2024-01-02 00:15:00,0.0,0.5612716486804862,0.05,417.93268768406386,0.2,13.706662803331625
2024-01-02 00:30:00,0.0,0.658632089448516,0.05,401.5254539562584,0.2,9.451864548083018
2024-01-02 00:45:00,0.0,0.6428478963450455,0.05,399.09055874299554,0.2,14.19865789587083
2024-01-02 01:00:00,0.0,0.6049650591968144,0.05,434.4641422254026,0.2,10.967944261910523
2024-01-02 01:15:00,0.0,0.4562518417196026,0.05,430.2938593971567,0.20661628428870055,9.533741405126346
2024-01-02 01:30:00,0.0,0.7529034983381434,0.05,387.3550934853604,0.2,14.303178056018462
2024-01-02 01:45:00,0.0,0.59366703258791,0.05,379.83717078439986,0.2,12.384662977357095
2024-01-02 02:00:00,0.0,0.6737394426238891,0.05,385.4035303041078,0.2,11.112395226635025
2024-01-02 02:15:00,0.0,0.504903110533176,0.05,387.83899373780065,0.2,10.043297771804585
2024-01-02 02:30:00,0.0,0.45550902774677393,0.05,373.86365359588115,0.2,6.904837723061517
2024-01-02 02:45:00,0.0,0.6238259970522314,0.05,406.8212074063822,0.2,7.469918004015471
2024-01-02 03:00:00,0.0,0.6324537657973265,0.05,390.20003965002286,0.2,9.781534231570367
2024-01-02 03:15:00,0.0,0.485573439943721,0.05,400.80206946119057,0.23028560386177743,13.028781345718244
2024-01-02 03:30:00,0.0,0.45094969285870296,0.05,437.48201457398943,0.2,13.981877069982996
2024-01-02 03:45:00,0.0,0.46877367448750223,0.05,423.8848415956216,0.2,14.283316587438968
2024-01-02 04:00:00,0.0,0.38322685355999375,0.05,409.51566413008317,0.2,8.27800656293001
2024-01-02 04:15:00,0.0,0.4160427760668005,0.05,374.3515460998265,0.2,12.54811506256237
2024-01-02 04:30:00,0.0,0.4763983509523554,0.05,398.25972788722197,0.2,9.823402819872554
2024-01-02 04:45:00,0.0,0.4026777696012178,0.05,378.68377797471874,0.2,10.92722579706351
2024-01-02 05:00:00,0.0,0.4005234029074212,0.05,411.2427671262717,0.2,15.28869939344328
2024-01-02 05:15:00,0.0,0.5951614911095406,0.05,382.8455319773685,0.23031221383430836,13.638946914575365
2024-01-02 05:30:00,0.0,0.3252858858055494,0.05,424.03717938169757,0.2503206636186993,16.129928888751525
2024-01-02 05:45:00,0.0,0.41198310457208254,0.05,394.77212264541265,0.3010917296363651,10.98168631958333
2024-01-02 06:00:00,0.0,0.34955502055880466,0.05,389.4135312565845,0.2768929241191656,12.269841014329423
2024-01-02 06:15:00,0.056927544179949274,0.30428407478159075,0.05,362.122244370612,0.31437313481352636,13.489392580231048
2024-01-02 06:30:00,0.11406768020369774,0.15722060464261356,0.05,362.28829274444945,0.2725644839814907,16.086591211710314
2024-01-02 06:45:00,0.17987139395480556,0.31322960240892744,0.05,358.57496018615007,0.33586733411258873,18.562514128221007
2024-01-02 07:00:00,0.2380513181434508,0.4346395934738822,0.1,364.4213589945254,0.4299123863648713,20.7775739345638
2024-01-02 07:15:00,0.26244227712769497,0.45175175743523033,0.1,322.4197897607575,0.36722276022623374,14.76447303833335
2024-01-02 07:30:00,0.35065224681920765,0.3348278584617118,0.1,346.3540765921864,0.39542852761574243,13.335413300231092
2024-01-02 07:45:00,0.3993968037347712,0.21621394231289237,0.1,334.036734394454,0.41653571905518894,21.533068214746482
2024-01-02 08:00:00,0.43231068038636783,0.3498163206313529,0.1,268.47124402460287,0.3594397333160576,21.94055877259495
2024-01-02 08:15:00,0.49442079611908346,0.31182071504265424,0.1,342.8349881525004,0.5006583207905642,18.929734604606605
2024-01-02 08:30:00,0.5765883560390607,0.3932266034319801,0.1,297.2899775213167,0.4272177624054669,21.499588660834092
2024-01-02 08:45:00,0.6203588184372166,0.38733294949079633,0.1,196.77606701078034,0.5393642834214585,22.160855205354594
2024-01-02 09:00:00,0.667570410045211,0.12893721219007045,0.1,256.17504243665945,0.4767077295742824,23.632862172941916
2024-01-02 09:15:00,0.711018918098512,0.2330103044274299,0.1,289.4956380623375,0.4404025508108482,24.95022135998799
2024-01-02 09:30:00,0.7374757757543762,0.2746680445424373,0.1,233.606759018636,0.5898141520708003,26.036272042707743
2024-01-02 09:45:00,0.7280339540609981,0.2295065999747999,0.1,208.6000516594699,0.509922818118993,24.409418296039043
2024-01-02 10:00:00,0.8119884616614789,0.26882416806452863,0.2,238.75468467790716,0.6269678017851068,26.470715169800492
2024-01-02 10:15:00,0.8287559539818637,0.28595354154554004,0.2,221.3105958430069,0.6364841153875274,26.145900841920547
2024-01-02 10:30:00,0.8179104837986938,0.3767014145429326,0.2,180.52743363390454,0.5716492734724911,20.711230329880145
2024-01-02 10:45:00,0.9194580042682551,0.03388949906024463,0.2,187.84394726878435,0.6955016951347668,25.54356114822379
2024-01-02 11:00:00,0.8060556564437902,0.3634020221423718,0.2,186.61612156046687,0.591569320033938,27.828542203354797
2024-01-02 11:15:00,0.847385635456454,0.2968667877779155,0.2,191.9728426973887,0.6475111766236817,29.177314747363777
2024-01-02 11:30:00,0.9531555706229093,0.20853584114135762,0.2,217.35439082447647,0.7268282262031535,28.768950251877513
2024-01-02 11:45:00,0.8120250296188644,0.03430906248195792,0.2,189.98749733880743,0.7521760217313856,26.131355164477917
2024-01-02 12:00:00,0.9493253490435815,0.2512321015643153,0.2,206.55735595934854,0.5654549785466556,32.50099665073468
2024-01-02 12:15:00,0.9298906794198275,0.0,0.2,176.48941547545724,0.6551009351597267,29.136469645797956
2024-01-02 12:30:00,0.8838575005831804,0.12420910914436391,0.2,204.44496970637647,0.6784548322327733,24.8986979659533
2024-01-02 12:45:00,0.8486122037847164,0.2779605514328788,0.2,208.92049453467197,0.6212232781616057,29.175329993046965
2024-01-02 13:00:00,0.8327706839795247,0.11671320175756618,0.2,204.09585414397625,0.6003503810240782,24.34570393181017
2024-01-02 13:15:00,0.8900778125037397,0.47296836169662887,0.2,210.87989489101307,0.6512232959790145,29.69319189850725
2024-01-02 13:30:00,0.8880674291324325,0.4362232421542868,0.2,210.73846581998197,0.6330754479117395,30.894174750337505
2024-01-02 13:45:00,0.8586517865261822,0.07855882558520089,0.2,232.06773738120768,0.7487509056087798,28.698373463168025
2024-01-02 14:00:00,0.7820748237114009,0.24076914503835867,0.2,227.08871015917669,0.7572900293500178,29.00822383954298
2024-01-02 14:15:00,0.7675124802051057,0.08418910899687201,0.2,252.29259582144823,0.7392920830239457,32.829523477599125
2024-01-02 14:30:00,0.7520067174071915,0.14679571559368582,0.2,255.07151494306842,0.8342523226287568,28.188019744184775
2024-01-02 14:45:00,0.6774717254913359,0.12238598225966796,0.2,229.4287515977913,0.7540182101267814,30.99665208509552
2024-01-02 15:00:00,0.6586017500081036,0.19921660537519062,0.1,244.8122599729484,0.6701886730486674,29.062016785919713
2024-01-02 15:15:00,0.6382102235734264,0.29736401015272473,0.1,296.4842872315163,0.7187751762078962,28.847494516770073
2024-01-02 15:30:00,0.5761768436695316,0.21972825089512388,0.1,284.16067398706116,0.657799876461272,30.97101215744569
2024-01-02 15:45:00,0.5134100974690764,0.34910157258810715,0.1,284.11782759536254,0.6356826688990191,29.69980055707958
2024-01-02 16:00:00,0.4760088011155009,0.40877924242050556,0.1,268.63429527190806,0.6346879054922312,29.274456751562134
2024-01-02 16:15:00,0.4213200002310931,0.3057428512458642,0.1,299.26093022226854,0.6941984087620627,30.44070700129348
2024-01-02 16:30:00,0.32313516978768403,0.22026562889283915,0.1,330.0656796461969,0.6635683911734225,25.679446460016145
2024-01-02 16:45:00,0.30032076354414217,0.1836331877847639,0.1,356.059779561228,0.5974112161010262,30.22407775547726
2024-01-02 17:00:00,0.24005086742503481,0.4054900824859551,0.1,356.49982892936885,0.6632953410955269,23.820758586922555
2024-01-02 17:15:00,0.1721952657276847,0.35856698026910505,0.1,368.4749708630098,0.5565777680259051,29.378384707453034
2024-01-02 17:30:00,0.1277656576575965,0.35087021345399305,0.1,372.77946471887304,0.5517757632601674,26.813046201210668
2024-01-02 17:45:00,0.054226464684654876,0.24235424149050006,0.1,351.35252333931794,0.5412285358516558,21.682924912278736
2024-01-02 18:00:00,1.1788599276715052e-16,0.42942973520661487,0.2,379.7017338029371,0.5110499971619634,21.849613102411137
2024-01-02 18:15:00,0.0,0.525768160461036,0.2,427.95578361747755,0.5903790123647296,22.3419410426917
2024-01-02 18:30:00,0.0,0.327631669505956,0.2,433.6022682522946,0.5298268270624372,26.24260304232367
2024-01-02 18:45:00,0.0,0.46738842590453966,0.2,359.60246276445133,0.5159385102451165,26.759356525032114
2024-01-02 19:00:00,0.0,0.5114427791884167,0.2,390.77750913514905,0.5198885771407405,23.316628676561216
2024-01-02 19:15:00,0.0,0.5047443758898529,0.2,417.35720048804757,0.4573610092966171,22.75822415018622
2024-01-02 19:30:00,0.0,0.524269133105268,0.2,364.96674003307663,0.44648571155877326,25.716229261926113
2024-01-02 19:45:00,0.0,0.558422284638697,0.2,364.15299553248417,0.5185919778387783,18.630443328789703
2024-01-02 20:00:00,0.0,0.5327427562217294,0.2,405.12532934543503,0.4173941694263912,21.241087173951158
2024-01-02 20:15:00,0.0,0.6147871044561679,0.2,370.1616913412779,0.3890525708210613,20.060362145264847
2024-01-02 20:30:00,0.0,0.5477947741610648,0.2,395.6457547051123,0.35179376068891927,18.315060752602175
2024-01-02 20:45:00,0.0,0.44896142240062337,0.2,399.0216030577022,0.36076721882069923,15.023800397890321
2024-01-02 21:00:00,0.0,0.53790809736902,0.05,402.6843592923016,0.28525491080349064,15.411510426398332
2024-01-02 21:15:00,0.0,0.5608027426432581,0.05,404.837715286751,0.2772004163358912,13.223206613163624
2024-01-02 21:30:00,0.0,0.5407249378948957,0.05,418.5040028729446,0.2648991294445226,17.433625310215746
2024-01-02 21:45:00,0.0,0.5763896508259597,0.05,396.2006892238302,0.24362171166407204,15.364428246487588
2024-01-02 22:00:00,0.0,0.5803445483575529,0.05,381.2879619611692,0.30224787563420985,17.48159786941238
2024-01-02 22:15:00,0.0,0.6415524484979849,0.05,442.02838862493326,0.2702671193331271,15.62720511575489
2024-01-02 22:30:00,0.0,0.6820201759002691,0.05,377.5042155606644,0.2474127960447825,12.0902413190419
2024-01-02 22:45:00,0.0,0.6610588937068456,0.05,390.3697876561929,0.2,16.56795353681613
2024-01-02 23:00:00,0.0,0.5923092696775539,0.05,403.7333136177326,0.25079636237717584,10.036763690361163
2024-01-02 23:15:00,0.0,0.6555463511111442,0.05,388.89788745260233,0.2,10.581688361208741
2024-01-02 23:30:00,0.0,0.5446483914974815,0.05,401.05071534170435,0.2,11.352927233706595
2024-01-02 23:45:00,0.0,0.40735133297428916,0.05,416.0137189853641,0.2,13.775043916474438
2024-01-03 00:00:00,0.0,0.5701580931249701,0.05,390.25439682277596,0.2,11.657823084464821
2024-01-03 00:15:00,0.0,0.5160634862672759,0.05,372.76895770820346,0.2,9.611093088060677
2024-01-03 00:30:00,0.0,0.4317290977713244,0.05,401.11733218926105,0.2,6.7961464505342875
2024-01-03 00:45:00,0.0,0.5846986780364587,0.05,398.4748523177229,0.2,10.600807226558567
2024-01-03 01:00:00,0.0,0.7074289345901021,0.05,368.68482394098965,0.2,12.867002470841582
2024-01-03 01:15:00,0.0,0.5741092105903931,0.05,397.73910074254155,0.2,11.301642070781675
2024-01-03 01:30:00,0.0,0.6966669699360141,0.05,414.06761568336054,0.2,9.814706375478629
2024-01-03 01:45:00,0.0,0.7832591483121643,0.05,418.48799138734853,0.2,12.181243631875494
2024-01-03 02:00:00,0.0,0.3258234968626159,0.05,374.80205127528774,0.2,8.463644494169495
2024-01-03 02:15:00,0.0,0.7264401425798219,0.05,419.39264941331527,0.2,13.231141980386841
2024-01-03 02:30:00,0.0,0.3665946898906105,0.05,384.96504393754554,0.2,11.815976817085867
2024-01-03 02:45:00,0.0,0.5959329452910497,0.05,406.4618865815033,0.2,11.77118470236658
2024-01-03 03:00:00,0.0,0.537882547376492,0.05,386.8339778064185,0.2,12.29688698307628
2024-01-03 03:15:00,0.0,0.38682563413304105,0.05,381.10702369915725,0.2,8.63716597540135
2024-01-03 03:30:00,0.0,0.4811574492877047,0.05,409.4562531771846,0.2,13.051797095205893
2024-01-03 03:45:00,0.0,0.47576536311935325,0.05,441.5553036479246,0.24795648762812653,8.775571164485315
2024-01-03 04:00:00,0.0,0.3562123687793237,0.05,370.5231394310677,0.2,13.340988287119774
2024-01-03 04:15:00,0.0,0.49699220767131197,0.05,401.16859918688044,0.2,11.263255171714633
2024-01-03 04:30:00,0.0,0.23123565258988618,0.05,366.34646174555644,0.2,7.092332061074071
2024-01-03 04:45:00,0.0,0.5023148744934618,0.05,382.6246975882546,0.2,11.532349859566754
2024-01-03 05:00:00,0.0,0.3576886920086201,0.05,433.7621216979982,0.25656016436346585,11.54183964364393
2024-01-03 05:15:00,0.0,0.36422094038353864,0.05,388.6915912253798,0.2,13.38451975526267
2024-01-03 05:30:00,0.0,0.5459143581513842,0.05,402.9221176772389,0.2,12.724413508432182
2024-01-03 05:45:00,0.0,0.5066434431153574,0.05,401.689626461272,0.2549128254064525,12.171982475886638
2024-01-03 06:00:00,0.0,0.3500967053952952,0.05,381.64655049786836,0.27714322576943107,12.33299751438966
2024-01-03 06:15:00,0.056258704756896184,0.34847233051137555,0.05,382.13629231363956,0.2,19.30053928999225
2024-01-03 06:30:00,0.11749211429858948,0.19278224171814431,0.05,381.5699672472147,0.2942049601239118,14.297957596236415
2024-01-03 06:45:00,0.17084983209232227,0.46528722952350254,0.05,344.22151467419894,0.338668187477928,18.81142382963931
2024-01-03 07:00:00,0.2428738755123508,0.3324294731030996,0.1,355.43492771439384,0.24469551396116918,16.100505021622354
2024-01-03 07:15:00,0.3066174702208651,0.19158503464885782,0.1,356.76106138737435,0.26968362513601896,18.671149707563853
2024-01-03 07:30:00,0.37677888518435454,0.2939324133645649,0.1,356.7685769546807,0.3372572966655809,18.11167563573196
2024-01-03 07:45:00,0.43099011054915687,0.10992871599764406,0.1,271.7043945359874,0.3276697309579978,18.788534481703092
2024-01-03 08:00:00,0.48453932654967385,0.33178192565949505,0.1,327.0502571169444,0.38810349312985243,18.08056147400626
2024-01-03 08:15:00,0.5220809603575075,0.2497646234959372,0.1,328.3872267607922,0.41968105649849724,22.963259360971215
2024-01-03 08:30:00,0.5983290698939563,0.30966344724629985,0.1,301.44466816391105,0.4125863585406586,21.744502446073035
2024-01-03 08:45:00,0.6009769386406317,0.23624777028414498,0.1,257.11019246489644,0.4697330473778935,25.736692444998337
2024-01-03 09:00:00,0.6706366541242499,0.31376055171582984,0.1,238.08968094500898,0.5152932563166911,21.19495802168878
2024-01-03 09:15:00,0.7061407639217038,0.228979954288312,0.1,242.79507808041234,0.5026642840075036,21.42720231658253
2024-01-03 09:30:00,0.7251163198190312,0.18411694608046217,0.1,250.92238414772862,0.5036285395715743,25.625209853592082
2024-01-03 09:45:00,0.7551471402098536,0.3369703024249949,0.1,237.1177494736221,0.4696327730089012,24.278891552593414
2024-01-03 10:00:00,0.8008633260143877,0.37391826491954727,0.2,248.51147663173074,0.5345523963097304,26.095328504609967
2024-01-03 10:15:00,0.8349170793642402,0.33181157401401684,0.2,221.54376719137986,0.6063606289970948,26.17181569833057
2024-01-03 10:30:00,0.875719133488857,0.3083660476370626,0.2,237.4088338370412,0.5713849786137587,28.1308079796265
2024-01-03 10:45:00,0.9143656451860851,0.21290796002106788,0.2,208.74047426330242,0.5637740579510175,23.455422205809274
2024-01-03 11:00:00,0.8964997059708016,0.18888437178162956,0.2,195.98274758250022,0.5777605509682043,25.5923115466773
2024-01-03 11:15:00,0.9355792046638524,0.0708472075027485,0.2,212.17407350524334,0.5812641416687248,29.161996249095445
2024-01-03 11:30:00,0.918196393466466,0.0037517223710619163,0.2,144.15889305590505,0.6902102583585175,27.832799998565957
2024-01-03 11:45:00,0.8783654733299839,0.08261187769882002,0.2,198.70832298566884,0.6487450216522805,27.450902782284714
2024-01-03 12:00:00,0.8789867751982046,0.06165623243365745,0.2,201.15910133400678,0.7286017418293322,27.600995284264723
2024-01-03 12:15:00,0.8119496356934123,0.03405016906038291,0.2,194.03022015732242,0.660512443847761,30.186334494526115
2024-01-03 12:30:00,0.9043043871158228,0.2689334061346312,0.2,178.4896928240138,0.7182287982898441,29.886565259614322
2024-01-03 12:45:00,0.8586124686484308,0.17882723854449264,0.2,188.80334111966897,0.698932018163055,29.342452583532914
2024-01-03 13:00:00,0.8751525758392947,0.23950520458079547,0.2,186.12901474353674,0.5917998246502677,30.942732646812843
2024-01-03 13:15:00,0.8333049078405502,0.2306654967417935,0.2,206.2362284334258,0.6715638078720922,29.128674439866185
2024-01-03 13:30:00,0.8758913576060184,0.14941771200533221,0.2,199.01446133785487,0.7631138968273194,31.106715515544696
2024-01-03 13:45:00,0.8520208314388124,0.2437460215555861,0.2,185.7638065636224,0.7464698802613833,27.754191018846164
2024-01-03 14:00:00,0.7360407668516259,0.17284995318787794,0.2,246.20244295640964,0.7327812179400532,30.938077576893356
2024-01-03 14:15:00,0.7211729023352917,0.030292915494835898,0.2,272.4563142880185,0.67385704117263,28.77627959112909
2024-01-03 14:30:00,0.7128832059867078,0.18588509392004893,0.2,226.35670213026611,0.6865065868340577,30.0090743698166
2024-01-03 14:45:00,0.6949675074656105,0.17938291128354272,0.2,250.34170811784514,0.7270227256188199,28.099418203130355
2024-01-03 15:00:00,0.6801246661722021,0.2975892059948122,0.1,271.043943542714,0.5798785839951103,29.932874441035054
2024-01-03 15:15:00,0.6230734302491981,0.30481247687809804,0.1,248.72593804231943,0.6833125936821784,29.56888021971165
2024-01-03 15:30:00,0.5696215609642387,0.4034669379528733,0.1,269.05579747870354,0.6853575436526548,30.16889809533489
2024-01-03 15:45:00,0.48781892413836514,0.25306664687669356,0.1,294.7278008209011,0.755731012022951,29.86304542863684
2024-01-03 16:00:00,0.49033450847604804,0.16544730811385747,0.1,334.44752900678225,0.6740799294308909,27.336964211395347
2024-01-03 16:15:00,0.4071691080846991,0.34724283308855813,0.1,301.7163970778731,0.5491724164118553,27.199759403481025
2024-01-03 16:30:00,0.3771610941466845,0.2611721502181043,0.1,321.7051066805802,0.6519405565495542,27.414411490962568
2024-01-03 16:45:00,0.2736774753156622,0.33309274218893536,0.1,312.9311252520437,0.6287651091733782,26.612265297032064
2024-01-03 17:00:00,0.2526681379083276,0.32941759183423897,0.1,368.12954913868936,0.5809952364332244,27.299281419009358
2024-01-03 17:15:00,0.17197158186821002,0.5616083561786813,0.1,369.63077649397513,0.5686898471661727,25.89822585791359
2024-01-03 17:30:00,0.11555307690539915,0.48740028832685667,0.1,401.73693653765554,0.5716089335884248,27.77661261768771
2024-01-03 17:45:00,0.061920688865451545,0.4892627497013733,0.1,371.97227462301305,0.6372912776199297,25.736875086351038
2024-01-03 18:00:00,1.097096456893397e-16,0.20836262254486315,0.2,399.67012685394275,0.5544330125826172,24.110296090738117
2024-01-03 18:15:00,0.0,0.4542903628539343,0.2,404.31837653186034,0.5233210449367689,22.901712853750624
2024-01-03 18:30:00,0.0,0.44453013700694294,0.2,400.11316203123664,0.5184815276395937,22.06560995466694
2024-01-03 18:45:00,0.0,0.637810136541268,0.2,417.89116674357365,0.5325469490803897,25.388350710688684
2024-01-03 19:00:00,0.0,0.5467826509457508,0.2,418.2480270060418,0.4644914452666986,26.66057093323927
2024-01-03 19:15:00,0.0,0.4667769645299511,0.2,371.6796274211721,0.457128571517499,22.73088335391212
2024-01-03 19:30:00,0.0,0.3778745983053845,0.2,425.2329304640415,0.4204883284553862,18.925070714959745
2024-01-03 19:45:00,0.0,0.4375411822243557,0.2,404.8576017248509,0.46950134139269806,21.50797127674202
2024-01-03 20:00:00,0.0,0.7403224845014285,0.2,408.99377313772186,0.48327445379947015,21.075725095701138
2024-01-03 20:15:00,0.0,0.4604387874037857,0.2,405.33377130083693,0.33048264668485017,19.371878232071545
2024-01-03 20:30:00,0.0,0.4816375796220178,0.2,374.204255320161,0.3468624068347436,17.55720058709516
2024-01-03 20:45:00,0.0,0.6705826391328301,0.2,391.11897724221717,0.314280390972696,21.175321904495835
2024-01-03 21:00:00,0.0,0.6045702198599558,0.05,378.1569522634076,0.32347487736636343,18.111825784333174
2024-01-03 21:15:00,0.0,0.5945188462456797,0.05,428.96435558256275,0.2981548077147146,19.551074890674236
2024-01-03 21:30:00,0.0,0.6277186843648239,0.05,401.9367554922546,0.3353917735861045,18.38738692825716
2024-01-03 21:45:00,0.0,0.47495576315149873,0.05,370.83529035068,0.3362891569498978,13.500073277267498
2024-01-03 22:00:00,0.0,0.6427628184028238,0.05,389.130231571113,0.2943925859546563,13.80922410643901
2024-01-03 22:15:00,0.0,0.4987757021750464,0.05,399.98746052771224,0.21673174690803096,15.296386336374479
2024-01-03 22:30:00,0.0,0.6535822677474907,0.05,424.70652239928785,0.24328505000721978,14.859591313105986
2024-01-03 22:45:00,0.0,0.5934901576312288,0.05,402.46252188531383,0.2,10.151088940699868
2024-01-03 23:00:00,0.0,0.5131687090867285,0.05,391.8583456482336,0.2,10.999123105970513
2024-01-03 23:15:00,0.0,0.6546470395072744,0.05,380.8441090329889,0.2392710205562089,14.181301337967454
2024-01-03 23:30:00,0.0,0.4991484754783766,0.05,410.8163337872169,0.2,14.383419837489049
2024-01-03 23:45:00,0.0,0.6119314147060989,0.05,390.4380662061265,0.2,11.854374246592212
2024-01-04 00:00:00,0.0,0.5266758432092911,0.05,373.7613519216278,0.2,11.326778975681265
2024-01-04 00:15:00,0.0,0.6264322406264262,0.05,422.8022921863579,0.24905783000529916,16.120803309944577
2024-01-04 00:30:00,0.0,0.5408644921313066,0.05,439.4017363446525,0.2,5.588785960873013
2024-01-04 00:45:00,0.0,0.5958823829216567,0.05,439.25791336068903,0.23560297352967935,12.379195465094499
2024-01-04 01:00:00,0.0,0.5421667024556885,0.05,402.4011801674099,0.2,10.78544138179611
2024-01-04 01:15:00,0.0,0.411620953728307,0.05,388.2558809857556,0.2,9.516063310289718
2024-01-04 01:30:00,0.0,0.7093911812457963,0.05,372.0935993368965,0.2,12.018947787244324
2024-01-04 01:45:00,0.0,0.6313161697375871,0.05,393.4165749343979,0.2,8.35407912094351
2024-01-04 02:00:00,0.0,0.6390209498852476,0.05,426.5700415862015,0.2,7.792286740794643
2024-01-04 02:15:00,0.0,0.5602073818452883,0.05,387.89231054030137,0.2,11.67624815363041
2024-01-04 02:30:00,0.0,0.4385799383123532,0.05,376.0435846116686,0.2,7.904790710465907
2024-01-04 02:45:00,0.0,0.5813987419936767,0.05,364.0043596208073,0.2,6.597000509172948
2024-01-04 03:00:00,0.0,0.40242011068178474,0.05,347.1344027632488,0.2,7.107461532497769
2024-01-04 03:15:00,0.0,0.6310702385214557,0.05,416.11664328922365,0.2,7.265118989846425
2024-01-04 03:30:00,0.0,0.5106553975399055,0.05,415.67205466877283,0.2,9.436182076490303
2024-01-04 03:45:00,0.0,0.49981557728765474,0.05,410.71872542563887,0.22372998651532047,13.19295331614192
2024-01-04 04:00:00,0.0,0.5166829776309264,0.05,368.349369221081,0.2,11.416779730131202
2024-01-04 04:15:00,0.0,0.48991041161201054,0.05,374.0998328956886,0.2,10.562642615254013
2024-01-04 04:30:00,0.0,0.4909949796095821,0.05,394.458736221937,0.2,10.51750258237386
2024-01-04 04:45:00,0.0,0.437128294686675,0.05,410.26277770856854,0.2,9.491812762535314
2024-01-04 05:00:00,0.0,0.2438257542860682,0.05,356.42722709400584,0.37787617978832944,9.75519838111357
2024-01-04 05:15:00,0.0,0.5196281734553285,0.05,407.751676145263,0.21669790063661673,14.079861155024162
2024-01-04 05:30:00,0.0,0.5316312147890484,0.05,383.81718523169627,0.2,15.385082361385352
2024-01-04 05:45:00,0.0,0.3037984930311413,0.05,393.5248793912411,0.2,12.481336885742941
2024-01-04 06:00:00,0.0,0.34726700807185773,0.05,415.5863339474877,0.2388826048514469,13.269088162953766
2024-01-04 06:15:00,0.05907368017790502,0.37081973401000196,0.05,399.98713460956463,0.20848440504361596,17.724163340711556
2024-01-04 06:30:00,0.11470192650680198,0.49154292347579337,0.05,373.85073860086936,0.3339918867525108,17.64222310822238
2024-01-04 06:45:00,0.1878752195095045,0.42884806857106217,0.05,355.15215791492017,0.3656813555548201,16.026137764373384
2024-01-04 07:00:00,0.23288022503040484,0.3916544750666683,0.1,360.8267174963423,0.2812051531084788,18.15824409902193
2024-01-04 07:15:00,0.29520880096444724,0.34313050183484695,0.1,339.2664769511234,0.34970362671559274,17.55850216924143
2024-01-04 07:30:00,0.36526902234263214,0.20498663801392775,0.1,334.4586482105045,0.38333767331119156,17.155051840116574
2024-01-04 07:45:00,0.44024663233202604,0.47328401576826074,0.1,289.5875805945601,0.38755271176252454,19.4503244194456
2024-01-04 08:00:00,0.4621025911220095,0.4166706419883582,0.1,309.67068293942253,0.37830782496951676,19.691265033536894
2024-01-04 08:15:00,0.5416009010063946,0.2837326326081023,0.1,308.2756600254545,0.44117829599225256,21.62250290546573
2024-01-04 08:30:00,0.5744370638018512,0.16264659738227988,0.1,251.40658625084237,0.4432517634522321,21.85343590390694
2024-01-04 08:45:00,0.5431875896808399,0.401376187226413,0.1,267.9982668603243,0.47084291913638354,21.92096140795783
2024-01-04 09:00:00,0.6886437552295088,0.16177231019136135,0.1,284.2159574729005,0.4980821394098518,23.192272504642283
2024-01-04 09:15:00,0.7061318902865646,0.32681375139372265,0.1,257.9087181653756,0.4946434465335163,22.193412829186293
2024-01-04 09:30:00,0.767807642529406,0.2474667730478883,0.1,229.83940259416778,0.5327981107187415,23.388549059210487
2024-01-04 09:45:00,0.6853927742409736,0.1968575708177825,0.1,237.79426657270918,0.5149009795045761,23.386773831452057
2024-01-04 10:00:00,0.8262442577379471,0.2819132480887592,0.2,233.217995785352,0.5648282084289815,24.042423214814793
2024-01-04 10:15:00,0.7765642063155148,0.31819291552363427,0.2,237.8374798872639,0.5515405640129547,25.49372425348622
2024-01-04 10:30:00,0.8072186110847169,0.13724960616358794,0.2,182.90560191149984,0.5525758702080033,23.76888559857309
2024-01-04 10:45:00,0.883082918706317,0.1814664959133096,0.2,207.43137884288686,0.6684706697462579,26.15055400859692
2024-01-04 11:00:00,0.9023770390762825,0.3065219594791521,0.2,185.18367118478702,0.6582193486900645,28.63281579838952
2024-01-04 11:15:00,0.8926988542916988,0.2755616732507985,0.2,200.61974500564247,0.6492147967427525,26.735180405150476
2024-01-04 11:30:00,0.9047003209313803,0.3279487983256283,0.2,235.70227935030738,0.632074228131771,29.65222009898845
2024-01-04 11:45:00,0.9520883883416089,0.30745349948313083,0.2,227.64690388532875,0.6902295943031811,25.279000033225977
2024-01-04 12:00:00,0.8899467436154294,0.07293625405633092,0.2,271.0382574150914,0.6487115917457574,30.657856596979883
2024-01-04 12:15:00,0.9779920233822516,0.13483344304884354,0.2,266.33349552123724,0.6731605308023197,28.50292945500613
2024-01-04 12:30:00,0.8927184091336973,0.20191903348004517,0.2,233.9692268924175,0.7101288644548285,29.32822377079327
2024-01-04 12:45:00,0.8815542150943424,0.2938340843325028,0.2,193.86474261679928,0.7368161169850174,28.7888867156533
2024-01-04 13:00:00,0.8480804645681271,0.2075688187477565,0.2,203.32262775989778,0.7288410563257903,31.174661633188617
2024-01-04 13:15:00,0.923967212293061,0.07398417546681596,0.2,220.78435401449863,0.7086812378286201,27.765216788284665
2024-01-04 13:30:00,0.8175119743618859,0.38494813943770423,0.2,205.76033375307873,0.6258981191972778,29.582104788482116
2024-01-04 13:45:00,0.8924051652938981,0.231955900530854,0.2,212.10805924924594,0.6850970737627358,31.329687561635698
2024-01-04 14:00:00,0.748153421078156,0.3120553357606,0.2,230.96355975870583,0.6465964753061751,31.084916458654288
2024-01-04 14:15:00,0.7321984175555298,0.24044434933318934,0.2,226.08805834092445,0.7116232097828985,31.611252270841767
2024-01-04 14:30:00,0.7855701491680541,0.1982446086992486,0.2,278.16865319581484,0.7305934672652243,27.114767869341087
2024-01-04 14:45:00,0.7479847710859273,0.2727518088064025,0.2,232.7884231391698,0.7026711883406438,30.362584187145455
2024-01-04 15:00:00,0.6749821495549297,0.2639130464310004,0.1,271.5709019740673,0.6032100748141678,27.976552738969858
2024-01-04 15:15:00,0.6384728341575026,0.3334423833621231,0.1,266.5093878389169,0.656550703544555,29.124252456769025
2024-01-04 15:30:00,0.5298762604606286,0.17212080269585311,0.1,265.7368686957248,0.7046974783671666,29.524037881784544
2024-01-04 15:45:00,0.5065856858986915,0.3860852704269558,0.1,283.00191764169284,0.6116414961838758,27.973829665548443
2024-01-04 16:00:00,0.4675601834182807,0.40955696438992417,0.1,296.6639538377331,0.6244104323851667,27.870845909743476
2024-01-04 16:15:00,0.3792025421455445,0.2849168849175267,0.1,324.76267592565983,0.5841469596113538,28.18430242417969
2024-01-04 16:30:00,0.3375025699726215,0.30855884731297617,0.1,357.0859171314129,0.6415318152937655,27.263577134955803
2024-01-04 16:45:00,0.29407507683495676,0.3923639366519877,0.1,338.6276351025224,0.6038919927965911,28.84477287719571
2024-01-04 17:00:00,0.2561294140382066,0.3700756095965776,0.1,366.8858263588503,0.5646255881026928,29.07934963345315
2024-01-04 17:15:00,0.1571041381689923,0.42588580579246726,0.1,349.9898664317349,0.5655041362530604,26.606327713205815
2024-01-04 17:30:00,0.10249175357214561,0.32178806940763716,0.1,371.9772036116486,0.5095609838522758,28.226399111991107
2024-01-04 17:45:00,0.05835990679633982,0.3693025596407821,0.1,392.971395750877,0.6067962250091735,27.708448993524993
2024-01-04 18:00:00,1.1359291456556343e-16,0.33553341686750604,0.2,401.9068035477427,0.5045297538039539,22.39044131585356
2024-01-04 18:15:00,0.0,0.2621859903897957,0.2,432.45064770596633,0.5238708114700439,21.422496273470458
2024-01-04 18:30:00,0.0,0.26848766105094274,0.2,410.0910283911767,0.538823685003899,24.82412879418585
2024-01-04 18:45:00,0.0,0.4479842776515864,0.2,432.1869179674797,0.49826213853659185,21.676473544939938
2024-01-04 19:00:00,0.0,0.4683056939854838,0.2,442.2144715987523,0.5032286190337119,24.893167186136523
2024-01-04 19:15:00,0.0,0.4022260968143364,0.2,411.2681248966675,0.46699835148670205,19.007848382216086
2024-01-04 19:30:00,0.0,0.4201484262428905,0.2,405.7248305487004,0.43825349969963917,22.24133189782822
2024-01-04 19:45:00,0.0,0.4290434027612991,0.2,426.17416320745406,0.41637362597243294,19.026155051983
2024-01-04 20:00:00,0.0,0.5049679787354067,0.2,401.4321945492229,0.3654084335831447,22.038797278165145
2024-01-04 20:15:00,0.0,0.5047321245878277,0.2,393.52455325357175,0.3761571533449921,21.29694150272074
2024-01-04 20:30:00,0.0,0.6528971093045544,0.2,418.9631943434197,0.3618582616735875,19.61987907301902
2024-01-04 20:45:00,0.0,0.29089461357787866,0.2,420.3549959390588,0.32151108849791726,18.61571109524604
2024-01-04 21:00:00,0.0,0.6137793938420424,0.05,408.2852603128946,0.26103371771603046,16.04734162721685
2024-01-04 21:15:00,0.0,0.7283220581874428,0.05,393.8138871506037,0.3452035365715619,17.42342770796468
2024-01-04 21:30:00,0.0,0.6884350528439221,0.05,401.72751569660306,0.29317147126181564,16.59471591952684
2024-01-04 21:45:00,0.0,0.5659732308437865,0.05,419.6621151444801,0.22957144586324518,17.620305241466767
2024-01-04 22:00:00,0.0,0.5264676638208833,0.05,406.16797168539847,0.23754836121469527,14.292573990418584
2024-01-04 22:15:00,0.0,0.6091647958298332,0.05,424.9377466472601,0.2,17.83966701664386
2024-01-04 22:30:00,0.0,0.5120976254953777,0.05,395.17302162755465,0.3435006159626591,18.547177654865536
2024-01-04 22:45:00,0.0,0.41086366802802055,0.05,350.10421160092,0.2,13.114125925476646
2024-01-04 23:00:00,0.0,0.5560372251177825,0.05,392.7122476747092,0.2,14.287566853727661
2024-01-04 23:15:00,0.0,0.7364328595545662,0.05,406.46325532900624,0.24471221276836017,13.760999618745284
2024-01-04 23:30:00,0.0,0.6769231756810798,0.05,407.48392308192496,0.2,11.833482095340576
2024-01-04 23:45:00,0.0,0.6122494218231695,0.05,440.4007536548877,0.2,11.494837943840732
2024-01-05 00:00:00,0.0,0.571957258576178,0.05,411.76417065054903,0.2,10.32329867326458
2024-01-05 00:15:00,0.0,0.5630208545169135,0.05,389.42797449359875,0.21790330338919206,10.556790442574856
2024-01-05 00:30:00,0.0,0.4856202584950956,0.05,432.2090783497049,0.2,10.251462134865848
2024-01-05 00:45:00,0.0,0.6865073298410588,0.05,376.3131727717983,0.2,9.462303655204526
2024-01-05 01:00:00,0.0,0.6327395669032573,0.05,402.188934952447,0.2,9.872573670676177
2024-01-05 01:15:00,0.0,0.7673422932904146,0.05,387.1936492835067,0.2,9.814424175139953
2024-01-05 01:30:00,0.0,0.5074926350683433,0.05,374.67822458376196,0.22477874285882182,12.616352556878558
2024-01-05 01:45:00,0.0,0.6382623299247898,0.05,396.7474261191297,0.2,11.641044504388919
2024-01-05 02:00:00,0.0,0.4970753594419082,0.05,374.8707721074147,0.2,10.65464538945687
2024-01-05 02:15:00,0.0,0.5703949790824879,0.05,395.4586101377213,0.2,9.238264851704686
2024-01-05 02:30:00,0.0,0.5829116098521804,0.05,406.27607152295127,0.2,12.695351347483172
2024-01-05 02:45:00,0.0,0.5919033897433915,0.05,364.0205318909276,0.2,9.19089493145145
2024-01-05 03:00:00,0.0,0.49973337787733807,0.05,407.41924114810627,0.2,10.948750946697793
2024-01-05 03:15:00,0.0,0.6309928247125808,0.05,377.87853708930817,0.2,8.988171985973885
2024-01-05 03:30:00,0.0,0.5867008591087185,0.05,389.16761778998114,0.2,9.062597227115292
2024-01-05 03:45:00,0.0,0.49781441111332775,0.05,412.6050050012595,0.2,10.835324682124915
2024-01-05 04:00:00,0.0,0.46238508931928923,0.05,402.5600272456598,0.2,12.035357546794211
2024-01-05 04:15:00,0.0,0.5082183852299438,0.05,360.24329842129583,0.2,10.94762950223672
2024-01-05 04:30:00,0.0,0.37324000062558294,0.05,414.91790748519594,0.2,9.974064125890205
2024-01-05 04:45:00,0.0,0.4453602293676755,0.05,410.38098938919694,0.22946826340757331,12.660479528288828
2024-01-05 05:00:00,0.0,0.3794192337144059,0.05,405.59692712774165,0.2,13.196471765932417
2024-01-05 05:15:00,0.0,0.5096796112211687,0.05,418.7726002858471,0.2,13.602789065552694
2024-01-05 05:30:00,0.0,0.39423152035071785,0.05,369.7975040893566,0.23978649488293827,17.94227985191407
2024-01-05 05:45:00,0.0,0.5320076748656001,0.05,399.39857666641547,0.2,14.794102772749955
2024-01-05 06:00:00,0.0,0.3295661663257825,0.05,378.5906256727411,0.22228753979612112,15.715092575366267
2024-01-05 06:15:00,0.06423153659508693,0.09624666369723589,0.05,347.78827506183126,0.2579140300199372,13.391623118250521
2024-01-05 06:30:00,0.12350401092911617,0.36556151259620406,0.05,400.4200409071864,0.2586768962715667,16.767029145527722
2024-01-05 06:45:00,0.1754163242840774,0.3686049667518194,0.05,379.9215433449063,0.3255583086118972,17.398558860654035
2024-01-05 07:00:00,0.2550131061988513,0.3240751930804494,0.1,350.65030784615254,0.3301272919462589,20.299244477676567
2024-01-05 07:15:00,0.30060717898813105,0.1566617063012994,0.1,321.46043724515454,0.3608658102115909,18.920989152611355
2024-01-05 07:30:00,0.371663026924163,0.38317772502155123,0.1,322.48681040453994,0.3704788957354027,19.401379781197726
2024-01-05 07:45:00,0.3817662445562776,0.4677611735109295,0.1,310.3975683035414,0.45776701091331207,16.347215186273054
2024-01-05 08:00:00,0.4107966638581939,0.30066616251055384,0.1,280.7140651222975,0.3179113358549684,18.59713724576915
2024-01-05 08:15:00,0.5215669771144062,0.19656830571927658,0.1,290.3059058632703,0.4581499443403398,17.464312412721437
2024-01-05 08:30:00,0.5995532346834533,0.36130032423108327,0.1,271.6258350983281,0.496403677459173,19.252701346703134
2024-01-05 08:45:00,0.6148885745695759,0.30740125198522383,0.1,264.19867327970854,0.3324137363119243,23.726806259567862
2024-01-05 09:00:00,0.6433696326165399,0.2848302307466402,0.1,256.84636512436396,0.5563312011543826,24.894275241050327
2024-01-05 09:15:00,0.6781784075023544,0.25701096130209533,0.1,259.16182424065755,0.49975704311777747,23.606341507629168
2024-01-05 09:30:00,0.7132140808158709,0.2889936178852368,0.1,219.24537079824765,0.5059549550016278,21.771581225563843
2024-01-05 09:45:00,0.68411130220994,0.17385426670276583,0.1,238.33403760613652,0.627656494590258,24.99845847952074
2024-01-05 10:00:00,0.7643501167508286,0.20078645324488065,0.2,224.49643700342833,0.561996608120893,23.650926907923605
2024-01-05 10:15:00,0.8324199000833596,0.09269196895931245,0.2,239.4308602335403,0.5725550715676107,27.949712351288767
2024-01-05 10:30:00,0.7969881885180322,0.09494693967429753,0.2,232.15859851366295,0.5588741012759447,25.120812889544183
2024-01-05 10:45:00,0.7681742828449076,0.22207584478268835,0.2,176.71049497946188,0.6450610155345324,25.792101891451722
2024-01-05 11:00:00,0.8581383529975852,0.23107051042753954,0.2,220.03422014741517,0.7325118532870805,27.33512587499288
2024-01-05 11:15:00,0.9044538986818311,0.2445751094693487,0.2,206.76705902237165,0.5938510497226946,23.87683574569889
2024-01-05 11:30:00,0.9185725416864479,0.24244324025817648,0.2,217.41413987900745,0.6989672221959753,28.38904109335268
2024-01-05 11:45:00,0.8118208268264714,0.08339929869804488,0.2,171.53155101103806,0.6639879138448727,24.65806288223184
2024-01-05 12:00:00,0.8585603223261306,0.1636350747468508,0.2,199.766159682241,0.68686487130794,26.997750075941156
2024-01-05 12:15:00,0.8992611269191815,0.10693800897201577,0.2,230.15400291860135,0.6513163872235443,27.884244157380593
2024-01-05 12:30:00,0.8770242490412256,0.0,0.2,205.1579119827845,0.6755566787769162,29.389720631599985
2024-01-05 12:45:00,0.8459601612747382,0.06784108869041969,0.2,231.48492195637428,0.7006109441490964,28.4383491700698
2024-01-05 13:00:00,0.7668088556586236,0.13554826514197188,0.2,209.5048927603283,0.7290906519103711,29.45452743756408
2024-01-05 13:15:00,0.7680017133245941,0.34791215426817834,0.2,214.10412691355018,0.7167968483846808,30.72267331232886
2024-01-05 13:30:00,0.8819945363635003,0.07613466046042286,0.2,219.23844661771648,0.6884197541786957,29.556585276930317
2024-01-05 13:45:00,0.7452192716204397,0.28129654485307476,0.2,215.93786265243165,0.6799519847063844,33.439151817847716
2024-01-05 14:00:00,0.7058660245544292,0.20765104285584107,0.2,227.75805781218185,0.6993802525285153,27.576736146582153
2024-01-05 14:15:00,0.7566285483581152,0.42787894619504274,0.2,218.14501187842285,0.5622837332202429,27.41281753483978
2024-01-05 14:30:00,0.7474170800899942,0.25429862243447415,0.2,235.4085386249248,0.6990532569046097,32.65777841676321
2024-01-05 14:45:00,0.6595433005622183,0.353948305691313,0.2,264.8751818807314,0.743221339290671,27.83570403407053
2024-01-05 15:00:00,0.6837831418044257,0.24897101794645032,0.1,258.52676657048926,0.6358639602697442,28.38998749797267
2024-01-05 15:15:00,0.600422956121562,0.22606376573350753,0.1,266.6488845680004,0.7148191891050143,27.845563813947315
2024-01-05 15:30:00,0.5495879522265124,0.29705189611836663,0.1,279.57000247928124,0.679402677636674,28.43608220476848
2024-01-05 15:45:00,0.539667557040543,0.36674520600853766,0.1,286.21348853187766,0.6879774212609494,26.98289188958526
2024-01-05 16:00:00,0.4485221352834359,0.35140895222861285,0.1,253.32744661234398,0.6390788485194586,25.63996138167289
2024-01-05 16:15:00,0.41765755929748455,0.3989630066546495,0.1,315.2714691310074,0.5840245125189812,26.85386662890358
2024-01-05 16:30:00,0.33676554773943745,0.22956593006423803,0.1,342.0501866102156,0.7107353593799643,29.893130179703295
2024-01-05 16:45:00,0.288380752252514,0.21705727945786235,0.1,314.965101869486,0.6369408956216442,27.609572558265523
2024-01-05 17:00:00,0.23554470191486448,0.3225460930291839,0.1,377.5028751764155,0.5991532212114049,25.71927185833698
2024-01-05 17:15:00,0.169035029105159,0.23401022176863212,0.1,349.3235312359943,0.6351154227456068,24.9979506385301
2024-01-05 17:30:00,0.12451595083550471,0.42469686667710377,0.1,402.4154863468114,0.5995263963712313,26.4960355889264
2024-01-05 17:45:00,0.06250048235513929,0.25474241819280286,0.1,369.08309036333156,0.60572894470932,26.283210804128565
2024-01-05 18:00:00,1.2014408300017558e-16,0.20964455600842688,0.2,409.418876873312,0.6013306710176686,27.95427547519904
2024-01-05 18:15:00,0.0,0.3537319494627392,0.2,407.69915489611924,0.46626906992543493,23.296121959836345
2024-01-05 18:30:00,0.0,0.41712177870608874,0.2,363.39385021427904,0.5555024066295057,26.854702955238533
2024-01-05 18:45:00,0.0,0.5292248736785039,0.2,332.29386917582394,0.4035468626812245,22.31978524201678
2024-01-05 19:00:00,0.0,0.5378638446837264,0.2,412.6661922555644,0.46298254531062516,23.584600459930083
2024-01-05 19:15:00,0.0,0.7526306177352621,0.2,393.00723774229084,0.3902959347548032,20.291272601282063
2024-01-05 19:30:00,0.0,0.3463672068477931,0.2,382.4058950021264,0.38044316174192305,17.650655171117
2024-01-05 19:45:00,0.0,0.4967587400922896,0.2,427.72940789747287,0.471093303445285,16.682868203879757
2024-01-05 20:00:00,0.0,0.4768266609542857,0.2,411.5487413511217,0.3667365742475211,21.512883354083737
2024-01-05 20:15:00,0.0,0.43859192350273357,0.2,424.38976072285834,0.42178639326266243,19.770756088214906
2024-01-05 20:30:00,0.0,0.6869639035715348,0.2,422.55819871223014,0.2946823325242513,13.994927543026067
2024-01-05 20:45:00,0.0,0.559343223954194,0.2,384.0321946602532,0.32723736706795137,17.508393957213293
2024-01-05 21:00:00,0.0,0.5293363090722359,0.05,453.04050400398177,0.392340607876613,19.739775561170102
2024-01-05 21:15:00,0.0,0.5732309247575992,0.05,402.24673764023964,0.31897051426399364,15.492295417855942
2024-01-05 21:30:00,0.0,0.47492909952286655,0.05,413.9831723217362,0.2632979799990432,15.798965097578654
2024-01-05 21:45:00,0.0,0.42515643492605704,0.05,390.04349455502324,0.2269038719228194,14.385551686888846
2024-01-05 22:00:00,0.0,0.6092850946208054,0.05,392.2789612192544,0.23081371280965707,17.068062640534524
2024-01-05 22:15:00,0.0,0.7827577358766259,0.05,404.093775569959,0.23524359498127145,13.67022004412147
2024-01-05 22:30:00,0.0,0.4299021244473784,0.05,407.68251480952586,0.2,10.828894260076082
2024-01-05 22:45:00,0.0,0.5262392350553099,0.05,403.5141525072379,0.22643535629648437,12.868558129027234
2024-01-05 23:00:00,0.0,0.5793598813616803,0.05,419.1197443127979,0.22689613677092535,11.609638635668091
2024-01-05 23:15:00,0.0,0.6571940137144139,0.05,417.3078761935123,0.21787086601920308,8.439506064982965
2024-01-05 23:30:00,0.0,0.6085678092412741,0.05,422.9944554269209,0.2276543792702558,14.756118836182747
2024-01-05 23:45:00,0.0,0.6371731518217445,0.05,405.1719140362454,0.2,11.195123944597727
2024-01-06 00:00:00,0.0,0.5991997092056572,0.05,378.444419432922,0.22845228966045997,13.239238745202458
2024-01-06 00:15:00,0.0,0.550310505971133,0.05,368.1358298189426,0.2,11.046659769237825
2024-01-06 00:30:00,0.0,0.6768286945084865,0.05,407.82273345419657,0.2,9.3098227775121
2024-01-06 00:45:00,0.0,0.45237132103968003,0.05,384.1669681468842,0.2,7.5065337125525415
2024-01-06 01:00:00,0.0,0.48470934597054965,0.05,406.9881435494679,0.2,8.918589344922147
2024-01-06 01:15:00,0.0,0.634737375231999,0.05,404.48635380918375,0.2,12.832404965696016
2024-01-06 01:30:00,0.0,0.603980147097058,0.05,378.1402874225787,0.2,10.34448775435117
2024-01-06 01:45:00,0.0,0.4136575098980311,0.05,436.97801191459087,0.2,10.693547315936325
2024-01-06 02:00:00,0.0,0.5303419737837755,0.05,439.0285485233504,0.2,8.460977606873605
2024-01-06 02:15:00,0.0,0.573632066304606,0.05,381.8633482714118,0.2,12.452582090140938
2024-01-06 02:30:00,0.0,0.37014497339273444,0.05,390.3258775877083,0.2,10.751236161806624
2024-01-06 02:45:00,0.0,0.5531565194886002,0.05,403.74092794366004,0.2,13.385231121262951
2024-01-06 03:00:00,0.0,0.37743304292364394,0.05,398.09925316548157,0.210063685650455,9.15196077900543
2024-01-06 03:15:00,0.0,0.7084782680625348,0.05,406.2733239285505,0.2,9.768021317602505
2024-01-06 03:30:00,0.0,0.6188518530821758,0.05,428.4419842685488,0.2,13.08676930422364
2024-01-06 03:45:00,0.0,0.5209358367861265,0.05,395.95106815516186,0.2,10.679374923895773
2024-01-06 04:00:00,0.0,0.5091403418155621,0.05,428.2192695422075,0.2,11.250685702639785
2024-01-06 04:15:00,0.0,0.5985030698921554,0.05,411.0790662333801,0.2,14.974402462273773
2024-01-06 04:30:00,0.0,0.5548144799312364,0.05,413.6509763542741,0.2,13.779663196677257
2024-01-06 04:45:00,0.0,0.3649889313779353,0.05,398.61530084895963,0.2,13.138128823516341
2024-01-06 05:00:00,0.0,0.5473070730719823,0.05,408.20963737859194,0.2100739430340719,14.0953884580903
2024-01-06 05:15:00,0.0,0.494123632172207,0.05,405.7563338791528,0.20105273060742268,11.985192896824863
2024-01-06 05:30:00,0.0,0.42108493116657447,0.05,403.85308046682,0.24603185491197238,12.925065031568801
2024-01-06 05:45:00,0.0,0.5855833216349347,0.05,383.62546602378586,0.266252368151733,16.371493498426762
2024-01-06 06:00:00,0.0,0.28618031160463003,0.05,391.8993023652582,0.25979847869534545,15.889077213524377
2024-01-06 06:15:00,0.05580533641303232,0.4643120331648453,0.05,401.9523205921375,0.2752031010477357,14.813486727389927
2024-01-06 06:30:00,0.11826026855014271,0.4522103533402179,0.05,384.4692312837658,0.2664169317217284,14.431059137268587
2024-01-06 06:45:00,0.18034548053781674,0.20744251701962987,0.05,349.4455085451738,0.2500788750995071,16.35570127317587
2024-01-06 07:00:00,0.22313520541056356,0.29246940844415725,0.1,368.5049389183719,0.27513945280734475,19.596344330775633
2024-01-06 07:15:00,0.29932583803106516,0.2706504856121559,0.1,319.08174930301226,0.4345078120385709,17.161538514665086
2024-01-06 07:30:00,0.330925737497606,0.3737197779697929,0.1,307.505502648929,0.3824808697390211,16.347091420439632
2024-01-06 07:45:00,0.43238437561964604,0.21940581092439845,0.1,294.97914513209383,0.34033277366798076,17.330868837830206
2024-01-06 08:00:00,0.4180354952428889,0.34319415996169855,0.1,303.63510194430455,0.4153341082901205,22.637516031229637
2024-01-06 08:15:00,0.5151734823549473,0.40000373559108104,0.1,232.71183371490147,0.4062179397355044,22.33355686095507
2024-01-06 08:30:00,0.5383052576258055,0.31770515166902114,0.1,292.4374720915229,0.4439545409788384,18.848933765330536
2024-01-06 08:45:00,0.6100439610402618,0.19859059980164623,0.1,286.13940845426794,0.4568096153613806,25.57174251188028
2024-01-06 09:00:00,0.6789752661079825,0.05171555299261307,0.1,261.70326395787873,0.4748166892635971,20.133493736788168
2024-01-06 09:15:00,0.7343909845855683,0.24152624632792563,0.1,270.49800513520177,0.38413097274239527,18.559258690304283
2024-01-06 09:30:00,0.7217485600690531,0.24011332034077967,0.1,229.9948353054472,0.5634149776002697,23.131254242995634
2024-01-06 09:45:00,0.7412451128694766,0.10812513010495925,0.1,242.07888105182911,0.5911512997952619,25.06646256986347
2024-01-06 10:00:00,0.8379295538859884,0.3581796445973172,0.2,231.97673579649262,0.5905370468781291,25.478356651643026
2024-01-06 10:15:00,0.8756765772620793,0.34923598582591564,0.2,237.73130494537247,0.49797680892364626,23.127906676054195
2024-01-06 10:30:00,0.7987665937518166,0.48291043552533786,0.2,230.40996062611453,0.6109870628938525,26.340937790757316
2024-01-06 10:45:00,0.8587615309319374,0.13606451844855427,0.2,230.20707219297844,0.5743253145524378,28.14720677000409
2024-01-06 11:00:00,0.8385819261676992,0.19078396690516697,0.2,182.5447821718024,0.7166836859545022,27.749083198984525
2024-01-06 11:15:00,0.8884365011380769,0.1857829369390505,0.2,233.37230607715065,0.5781015427025856,31.159987379638764
2024-01-06 11:30:00,0.9080588125491375,0.17777472345931175,0.2,214.53895631893204,0.6328442567709119,30.484914408960677
2024-01-06 11:45:00,0.7962870651625817,0.15699439307461838,0.2,206.00444503027444,0.6000375509636401,29.06983806491285
2024-01-06 12:00:00,0.928511917205068,0.1912385488260501,0.2,181.23153314645663,0.7251138143278066,28.61531874895579
2024-01-06 12:15:00,0.8797200692312587,0.20432246510036306,0.2,197.593461355983,0.6859931232325491,28.999105826209888
2024-01-06 12:30:00,0.9208550284909759,0.2884552651646994,0.2,181.84659006078041,0.6229427606039499,26.348326775125344
2024-01-06 12:45:00,0.9069937597946344,0.4111920898106922,0.2,199.9956563955606,0.6309342076108222,30.68908423854043
2024-01-06 13:00:00,0.8721280899376064,0.1767311073828627,0.2,210.27604024193866,0.6661613835172352,28.231519268135127
2024-01-06 13:15:00,0.8169962029610598,0.05033051741890354,0.2,166.14324676158765,0.8115331021391197,30.253423374940727
2024-01-06 13:30:00,0.7557452546559649,0.166794565931481,0.2,242.50795717818846,0.716348264863845,26.852519698690923
2024-01-06 13:45:00,0.8150907140307113,0.3031602735598365,0.2,247.69320478836866,0.7807341086613897,28.001343381646286
2024-01-06 14:00:00,0.8369001809749722,0.21341937298983343,0.2,249.5021641118389,0.6574201793187339,30.877048913381365
2024-01-06 14:15:00,0.8168398342924232,0.26268597934535537,0.2,219.16010282988756,0.6717161133546731,27.094520175082433
2024-01-06 14:30:00,0.7604867638198848,0.1259002078289283,0.2,224.70613311120985,0.6929777393211622,31.002554974083424
2024-01-06 14:45:00,0.670317643116098,0.3824283323469312,0.2,243.30805938815897,0.6854928439362578,31.02987441589846
2024-01-06 15:00:00,0.6329747731270966,0.17729162383226268,0.1,221.6669646942786,0.6898931795798813,30.567899907199426
2024-01-06 15:15:00,0.5809658727671194,0.41955118820540754,0.1,253.0024076146807,0.6924644925350717,28.469514374182303
2024-01-06 15:30:00,0.5398560602409781,0.10886027084082933,0.1,294.80676838377275,0.690728916858192,29.660399170219055
2024-01-06 15:45:00,0.5095871300744006,0.27037012456683773,0.1,291.0683836797229,0.7260098321442526,32.904768290501735
2024-01-06 16:00:00,0.42383005141654834,0.3029423074756955,0.1,286.9667641614061,0.6269167240599306,26.20969100583525
2024-01-06 16:15:00,0.372944992160534,0.37797357003574716,0.1,318.47460878029665,0.6883462277052406,27.6861597767436
2024-01-06 16:30:00,0.35326078346065737,0.24472915327016126,0.1,314.34541372010096,0.6744990236108018,27.812970574952843
2024-01-06 16:45:00,0.3088151229343136,0.45429230438207135,0.1,339.5791843182804,0.6916328595864066,28.81853842756462
2024-01-06 17:00:00,0.24635358512717126,0.3445900969416337,0.1,335.0087356598679,0.49095679286039506,22.282242340175895
2024-01-06 17:15:00,0.18088145242856923,0.1751622584811515,0.1,323.29833576118324,0.5782987092741463,22.997194519416038
2024-01-06 17:30:00,0.1189170595394318,0.4249845147383201,0.1,342.9872898835032,0.6148948074996928,26.921386414013288
2024-01-06 17:45:00,0.05850763147038353,0.23104141364717476,0.1,380.88522870389164,0.6328340274196798,26.684415807866042
2024-01-06 18:00:00,1.0843478418878808e-16,0.40930172433735873,0.2,416.2129531726515,0.6013941251711828,22.936652028132272
2024-01-06 18:15:00,0.0,0.4592610266301761,0.2,369.65231867900746,0.5566573571232948,25.728386619390996
2024-01-06 18:30:00,0.0,0.2913695697060968,0.2,394.9459779558593,0.5186955918342215,19.607616377597434
2024-01-06 18:45:00,0.0,0.5334156413863103,0.2,407.50740049416913,0.4337348383969638,22.684945064919923
2024-01-06 19:00:00,0.0,0.3796126037113537,0.2,388.4229535628634,0.4459704171178974,21.13348383686518
2024-01-06 19:15:00,0.0,0.39625866592770836,0.2,405.61371645660176,0.4309627894960577,19.979353816109526
2024-01-06 19:30:00,0.0,0.40707372333876685,0.2,402.8220733812912,0.4864070769145127,22.84129249595128
2024-01-06 19:45:00,0.0,0.4073400277379899,0.2,404.59004146501366,0.4552411580917089,18.21674425806613
2024-01-06 20:00:00,0.0,0.522819454058426,0.2,387.442280179929,0.4792438513408214,17.823935483825878
2024-01-06 20:15:00,0.0,0.48629152904799294,0.2,427.19836490930317,0.37751635990129784,20.7691070493182
2024-01-06 20:30:00,0.0,0.4541914203204768,0.2,359.14582253612326,0.3928929277378246,17.98398256255116
2024-01-06 20:45:00,0.0,0.5422951304122889,0.2,444.9455492217246,0.26716771840433085,19.44032040914364
2024-01-06 21:00:00,0.0,0.3325552638407204,0.05,400.89871558872295,0.26201579929717767,15.6586861891296
2024-01-06 21:15:00,0.0,0.40696366174461784,0.05,412.5242959738947,0.36672963440147155,13.99524175372156
2024-01-06 21:30:00,0.0,0.5822718593303199,0.05,404.7054531900635,0.23132876487724285,16.66339612464883
2024-01-06 21:45:00,0.0,0.5775912498268455,0.05,388.83403590570924,0.25546111958345297,16.26958530780876
2024-01-06 22:00:00,0.0,0.4940894598016091,0.05,421.00315376805275,0.2,17.083222017994526
2024-01-06 22:15:00,0.0,0.6373299369304868,0.05,377.54146412468,0.21697602438589325,14.737704138764348
2024-01-06 22:30:00,0.0,0.5967706077042484,0.05,392.15752888050014,0.23118966593602805,12.892510571267493
2024-01-06 22:45:00,0.0,0.4833240781845555,0.05,410.1797543827555,0.2,13.409083025684515
2024-01-06 23:00:00,0.0,0.49967275570764547,0.05,390.4689405097608,0.2,14.446024690480954
2024-01-06 23:15:00,0.0,0.6033672824827943,0.05,412.4237961752958,0.21151944191210936,12.54044312085474
2024-01-06 23:30:00,0.0,0.5496561622171363,0.05,389.79856281217,0.2,12.238692178563332
2024-01-06 23:45:00,0.0,0.5830991585467294,0.05,406.84131736283365,0.22796483087476194,11.51898241560506
2024-01-07 00:00:00,0.0,0.678208795548979,0.05,431.9119236424515,0.2,11.829322550578338
2024-01-07 00:15:00,0.0,0.7613958065416266,0.05,428.33658478647453,0.2,9.677227506736997
2024-01-07 00:30:00,0.0,0.46212564538004763,0.05,371.4033328981528,0.20802906072208086,10.495698505164656
2024-01-07 00:45:00,0.0,0.7257078525327709,0.05,408.4466836800215,0.2,10.561767522521105
2024-01-07 01:00:00,0.0,0.4566674514235756,0.05,416.1106277304665,0.2,8.972790793568809
2024-01-07 01:15:00,0.0,0.6849962366108918,0.05,371.96043742003627,0.2,10.063254721827798
2024-01-07 01:30:00,0.0,0.615509405633246,0.05,418.4086973356987,0.2,7.322578158183697
2024-01-07 01:45:00,0.0,0.5946802368784566,0.05,413.93355848042563,0.2,7.104540821723882
2024-01-07 02:00:00,0.0,0.6362860240245255,0.05,404.4682633079879,0.2,10.934973264851951
2024-01-07 02:15:00,0.0,0.45755586504227874,0.05,392.2364521475693,0.2,7.668145325982362
2024-01-07 02:30:00,0.0,0.6228834397823483,0.05,386.7827403939911,0.2,12.995431475977535
2024-01-07 02:45:00,0.0,0.4530599049725894,0.05,390.39157952425796,0.2,9.792987814509997
2024-01-07 03:00:00,0.0,0.6128433641774894,0.05,389.17235486900654,0.2,10.818841835294393
2024-01-07 03:15:00,0.0,0.626558474987067,0.05,402.62194581594736,0.2,12.40910622867752
2024-01-07 03:30:00,0.0,0.42848805095403697,0.05,405.0559580425854,0.2017978582664905,11.185620437383685
2024-01-07 03:45:00,0.0,0.7216111890887096,0.05,420.15511418762907,0.2,9.413670436064253
2024-01-07 04:00:00,0.0,0.5222290076304779,0.05,402.36803419786935,0.2,15.44366329004225
2024-01-07 04:15:00,0.0,0.583903740160201,0.05,402.4408825447609,0.2,9.527634257050778
2024-01-07 04:30:00,0.0,0.48321590293920486,0.05,419.65012471322046,0.2045509654955699,12.732902404135508
2024-01-07 04:45:00,0.0,0.4475673309418442,0.05,412.1009050747603,0.2,16.253929941386424
2024-01-07 05:00:00,0.0,0.40086604872042375,0.05,388.7779215574377,0.2,13.181283484303394
2024-01-07 05:15:00,0.0,0.35601678609328996,0.05,399.26036690127523,0.2628370993090621,14.666153965948933
2024-01-07 05:30:00,0.0,0.43415348282789284,0.05,397.57293536755355,0.20947985532957505,12.52598049916549
2024-01-07 05:45:00,0.0,0.4376301434424838,0.05,403.3779014265051,0.21001871789287382,16.74340650153126
2024-01-07 06:00:00,0.0,0.30493989520803827,0.05,360.50071834170996,0.26036471601495365,14.713794282806184
2024-01-07 06:15:00,0.06332064915405759,0.35548888453468,0.05,367.7970389071326,0.2669772344547732,15.886311989391743
2024-01-07 06:30:00,0.1281861839430454,0.4117022849535173,0.05,388.71618064158497,0.32101229630598516,20.070341802556058
2024-01-07 06:45:00,0.16215951609659618,0.4633536078633762,0.05,357.26167663991544,0.3102061151254479,14.164295844634445
2024-01-07 07:00:00,0.22404440448118534,0.3984157025400832,0.1,332.60025403482246,0.31434521354976075,22.181908455708427
2024-01-07 07:15:00,0.26794120342051486,0.2981386533381827,0.1,360.89843451727967,0.37884785138501015,17.949847938443863
2024-01-07 07:30:00,0.37619067119067134,0.4236105458330576,0.1,294.16950284507254,0.4442669073509442,14.987939589226773
2024-01-07 07:45:00,0.4157627235574166,0.43054159347968396,0.1,293.29860896512804,0.32793761646657754,18.615008640678226
2024-01-07 08:00:00,0.4400352860539548,0.14171886217351448,0.1,307.79911688823756,0.44399040713387256,21.192164484849826
2024-01-07 08:15:00,0.5332586785243282,0.34295088580367644,0.1,289.0788260861124,0.4252124650152613,18.796388005787033
2024-01-07 08:30:00,0.5388800235087798,0.17117530446898566,0.1,321.1799868594098,0.39572043029749554,18.692362232143637
2024-01-07 08:45:00,0.6134784828661336,0.31588486204239413,0.1,306.5924214033712,0.45467750973667487,22.495996408647063
2024-01-07 09:00:00,0.6398946319214377,0.48932656960715887,0.1,236.80745607105175,0.5156289546057055,20.33982529525808
2024-01-07 09:15:00,0.6977375186570277,0.17810813060979036,0.1,260.3736254110732,0.5209785781393949,19.15897899267152
2024-01-07 09:30:00,0.6403338912171808,0.25656912058805814,0.1,233.31704733135876,0.5930175197619533,22.89819605646841
2024-01-07 09:45:00,0.7322432771174442,0.2181926243537784,0.1,235.34971095754526,0.4604272393615141,22.91535988992535
2024-01-07 10:00:00,0.842136386686754,0.3417065176464406,0.2,220.26207219786372,0.518997603486343,28.874085768214872
2024-01-07 10:15:00,0.798312870787071,0.09046585330764986,0.2,187.5979071568858,0.4944059970967846,25.910342558674518
2024-01-07 10:30:00,0.8839434654297669,0.19659209746322923,0.2,219.23678295473533,0.6278353627559374,29.67747223755431
2024-01-07 10:45:00,0.9137586726713133,0.09086667730098077,0.2,242.31052020215242,0.689093651812509,24.7879480558649
2024-01-07 11:00:00,0.8826726555830139,0.12436483169209411,0.2,174.82232524780844,0.6001110234295641,26.917165372561385
2024-01-07 11:15:00,0.8707033239734537,0.07261542298255677,0.2,191.2722772435894,0.6307746096229221,27.68175709925445
2024-01-07 11:30:00,0.930296935519011,0.30445553561466443,0.2,169.7678708412212,0.6283307034201785,27.860936926072753
2024-01-07 11:45:00,0.8603743192339488,0.3288287592245678,0.2,205.9563120639445,0.6979673779894859,29.99000016970812
2024-01-07 12:00:00,0.8843886230640801,0.09837976503520032,0.2,237.38656323453483,0.6554382268347062,27.318941268840863
2024-01-07 12:15:00,0.8808700295066548,0.2618305227453932,0.2,199.26615239516852,0.5848591127458651,31.35552693630835
2024-01-07 12:30:00,0.968077055456777,0.35471156291866723,0.2,195.97183683016704,0.6633031269474569,26.441694868826012
2024-01-07 12:45:00,0.8776701066909275,0.05701165030915617,0.2,218.56725491307358,0.6551247701773121,28.281705304402802
2024-01-07 13:00:00,0.8655109068168059,0.17381531716540946,0.2,235.2880864730812,0.6593268864946757,30.84283897129606
2024-01-07 13:15:00,0.9172741057950977,0.21794626450101376,0.2,206.9865397003699,0.7568723380198957,25.588857530905436
2024-01-07 13:30:00,0.8514362398145455,0.20146445373511912,0.2,230.82322468973163,0.7466845701280294,28.5903308196703
2024-01-07 13:45:00,0.8286992208245352,0.30488631869791327,0.2,207.1524928517709,0.7702675969050472,28.461748016838158
2024-01-07 14:00:00,0.7694457315637091,0.23138692474787528,0.2,238.03131423332692,0.7286584136156736,29.072467267016535
2024-01-07 14:15:00,0.8211608328653011,0.3476694210007917,0.2,253.09142728550034,0.754451332819612,32.027493184821694
2024-01-07 14:30:00,0.7800034745534156,0.251543315749596,0.2,228.20479395430397,0.686828684280368,29.158953691683948
2024-01-07 14:45:00,0.6550351238910239,0.40252494112497234,0.2,282.41120954947985,0.6722009816378616,31.71088144504214
2024-01-07 15:00:00,0.6619664555238669,0.2371858093658607,0.1,278.5147153361588,0.6238954394308596,26.982508280381275
2024-01-07 15:15:00,0.628081262443629,0.4203376388678459,0.1,290.3233331122741,0.6582205115652162,32.43813407877238
2024-01-07 15:30:00,0.5677368951400025,0.23244383518616396,0.1,289.512705074629,0.6163091853039936,34.557385721670265
2024-01-07 15:45:00,0.5439227777184679,0.38131774159738596,0.1,310.6159737640627,0.6477280289023275,30.775672700968038
2024-01-07 16:00:00,0.4606604584639871,0.2821267219696579,0.1,279.4040160436137,0.6487794013826257,27.26121226356431
2024-01-07 16:15:00,0.425940672345351,0.43343094790835196,0.1,307.874382063882,0.6614462835021919,27.994173721829508
2024-01-07 16:30:00,0.349267255765584,0.2794396524969059,0.1,336.7070278225002,0.6786721891181353,26.75182800771881
2024-01-07 16:45:00,0.29897382821732527,0.33216500942497934,0.1,341.7887740301717,0.5999904292491196,27.62370662048603
2024-01-07 17:00:00,0.23999471621926385,0.28685519685020405,0.1,348.2294775066602,0.4636435572045648,25.843839408717216
2024-01-07 17:15:00,0.193125881827456,0.45803765569503857,0.1,376.61530274629536,0.6815166655246515,28.283840048435703
2024-01-07 17:30:00,0.10649296781335622,0.3973552408716145,0.1,402.2009916434477,0.5744117185976212,23.75121251693236
2024-01-07 17:45:00,0.06382780872516809,0.5729587548655639,0.1,380.48277424589065,0.589628245312544,26.069525540654528
2024-01-07 18:00:00,1.200438081134422e-16,0.5500553437177349,0.2,370.1371776364922,0.6650497017347632,27.306483261255963
2024-01-07 18:15:00,0.0,0.49427992895793854,0.2,383.17877693348726,0.5722006835331938,24.2003489624109
2024-01-07 18:30:00,0.0,0.40933547803106657,0.2,369.6588576488479,0.5515117668377963,24.58205086214872
2024-01-07 18:45:00,0.0,0.6070324290035818,0.2,408.81299947612877,0.46602614414461085,22.32391265297254
2024-01-07 19:00:00,0.0,0.4723991714051704,0.2,381.41450126019146,0.4233872356828861,23.33394204067929
2024-01-07 19:15:00,0.0,0.5349492648172026,0.2,396.5676931679923,0.4796093523152416,19.565758216452036
2024-01-07 19:30:00,0.0,0.5725922864046912,0.2,402.0673909940271,0.42136876891344266,19.37641411909683
2024-01-07 19:45:00,0.0,0.46307412178871377,0.2,400.9023987846137,0.35808504765498406,23.241213152909765
2024-01-07 20:00:00,0.0,0.33182878631855595,0.2,390.5355688091316,0.3906703492720471,20.840030176030304
2024-01-07 20:15:00,0.0,0.4699938733290162,0.2,417.44839412690897,0.2879656995020525,24.45278700856866
2024-01-07 20:30:00,0.0,0.39876674098316844,0.2,378.3110576110637,0.26468802812719927,16.666450143830023
2024-01-07 20:45:00,0.0,0.5945986752005252,0.2,398.49952243572216,0.3823024965366157,13.868387917985977
2024-01-07 21:00:00,0.0,0.5072357987802987,0.05,388.7392658401585,0.3393173707587356,16.280487983176915
2024-01-07 21:15:00,0.0,0.5524296156928471,0.05,413.421238634203,0.3724849096209966,17.576156835337123
2024-01-07 21:30:00,0.0,0.5086087121474152,0.05,430.2610794355783,0.32084798205183573,17.283914210111437
2024-01-07 21:45:00,0.0,0.5580584544099091,0.05,390.8127565419303,0.26079012615350233,12.04836154304097
2024-01-07 22:00:00,0.0,0.6988438794309404,0.05,393.4000450145731,0.25642616759135006,16.885624941376665
2024-01-07 22:15:00,0.0,0.621769940779251,0.05,390.52751040351353,0.20747005968194096,15.209727561927407
2024-01-07 22:30:00,0.0,0.6191627162602856,0.05,392.2352347689621,0.2,13.706793549079814
2024-01-07 22:45:00,0.0,0.6967824638460142,0.05,412.36817353160325,0.2240526157734252,12.543801226666936
2024-01-07 23:00:00,0.0,0.6296396810107454,0.05,398.4016454023316,0.22956334275890003,14.300001299421133
2024-01-07 23:15:00,0.0,0.6215437978880519,0.05,436.96847897025714,0.2,13.252255701429672
2024-01-07 23:30:00,0.0,0.44658610498771284,0.05,406.77695148873084,0.2,12.093048121406094
2024-01-07 23:45:00,0.0,0.5274379316785168,0.05,395.75351290638474,0.2,9.793312795447873
2024-01-08 00:00:00,0.0,0.5855980078860743,0.05,392.8770188944307,0.2,7.810287849423194
2024-01-08 00:15:00,0.0,0.5841498470825645,0.05,384.99416741444935,0.2,10.291791671709738
2024-01-08 00:30:00,0.0,0.8380087579519581,0.05,408.61577679625714,0.2,13.749005810340524
2024-01-08 00:45:00,0.0,0.5913347517485521,0.05,384.0774541973068,0.2,10.322425531075018
2024-01-08 01:00:00,0.0,0.5541319082015475,0.05,378.8734968638941,0.2,10.421173662427481
2024-01-08 01:15:00,0.0,0.45414836848453477,0.05,401.98814864203865,0.2,8.500145247156818
2024-01-08 01:30:00,0.0,0.6570722211477473,0.05,418.87754859156894,0.2,10.537898211464112
2024-01-08 01:45:00,0.0,0.43552552410355233,0.05,400.0104021516487,0.2,13.63439914585474
2024-01-08 02:00:00,0.0,0.613327843982995,0.05,416.22390894423864,0.2,9.616453216854648
2024-01-08 02:15:00,0.0,0.9030835796689416,0.05,384.0001326915071,0.2,9.737694479084036
2024-01-08 02:30:00,0.0,0.5499002151303943,0.05,363.03045670505975,0.2,6.863803643457624
2024-01-08 02:45:00,0.0,0.5711983851799214,0.05,380.6618621858424,0.2,10.181978406310803
2024-01-08 03:00:00,0.0,0.4594368406258435,0.05,433.71564139126735,0.2,8.375193981720177
2024-01-08 03:15:00,0.0,0.5936785237356276,0.05,406.1907904515468,0.2,8.954718080487048
2024-01-08 03:30:00,0.0,0.45703979966444835,0.05,376.5602533918373,0.2,11.61457800548824
2024-01-08 03:45:00,0.0,0.5305905888611857,0.05,387.39664864544835,0.2,11.462916264664205
2024-01-08 04:00:00,0.0,0.43621328448763524,0.05,413.6871334354422,0.2,10.778773664384536
2024-01-08 04:15:00,0.0,0.665203614977935,0.05,389.3937127142379,0.2,14.11389812717465
2024-01-08 04:30:00,0.0,0.4761718459320564,0.05,361.82222476266173,0.2,13.642882026688222
2024-01-08 04:45:00,0.0,0.4732769158182808,0.05,391.72684673608273,0.20212105255500665,12.08138323478459
2024-01-08 05:00:00,0.0,0.21151016882489213,0.05,415.9922838220404,0.2,12.71669821667115
2024-01-08 05:15:00,0.0,0.4877601940241466,0.05,424.5399132161357,0.24092670031085,14.173361073280205
2024-01-08 05:30:00,0.0,0.5252641967879667,0.05,377.639321145657,0.26470032207752137,15.803839555359183
2024-01-08 05:45:00,0.0,0.25790984973491343,0.05,404.0018928984657,0.2,17.857999627284936
2024-01-08 06:00:00,0.0,0.4590117983166905,0.05,398.05317265927266,0.26116082180269873,15.389417069205457
2024-01-08 06:15:00,0.0633376682126202,0.23099752912324822,0.05,403.39498046911353,0.2588472128368159,15.293315920115232
2024-01-08 06:30:00,0.11060554167477316,0.273019399069024,0.05,380.663211311595,0.23236228068909676,13.821305971027261
2024-01-08 06:45:00,0.1654469017665618,0.3004096686709025,0.05,356.86616333784536,0.2790005183847844,13.230350779693254
2024-01-08 07:00:00,0.24990435260485802,0.43666120369806244,0.1,375.7314767885728,0.31812463136716657,20.431782929984703
2024-01-08 07:15:00,0.30729980994870526,0.41527567364233664,0.1,294.98790762798006,0.25492146665407794,23.016807763702175
2024-01-08 07:30:00,0.3504839386154308,0.3269247715940108,0.1,353.1853498384851,0.34150209157623856,16.61922088540975
2024-01-08 07:45:00,0.37237628659110694,0.36240459874613257,0.1,324.7182887704447,0.3215518613890172,19.55224590258692
2024-01-08 08:00:00,0.4702372578018233,0.4020741454554994,0.1,313.20349794613395,0.3664388556456885,16.402760930792628
2024-01-08 08:15:00,0.524592899300904,0.1596808682267127,0.1,291.9690676882803,0.35831035025440827,22.67694079339998
2024-01-08 08:30:00,0.5720634967137807,0.28212709208671377,0.1,257.17983016452195,0.38833801407680224,18.94891187431926
2024-01-08 08:45:00,0.6449689898703692,0.29738061739993704,0.1,259.9627192747195,0.46886730322370324,16.69801981020884
2024-01-08 09:00:00,0.6281903496916409,0.3820644498845242,0.1,231.3630627873261,0.5343590963587533,20.504746073020762
2024-01-08 09:15:00,0.6481235854681078,0.41001754253208167,0.1,264.37287304571146,0.5090957131697756,26.97013671163046
2024-01-08 09:30:00,0.6874158058386284,0.29067467303200833,0.1,221.82307824055502,0.454147720982233,24.04253392484702
2024-01-08 09:45:00,0.7872610293547755,0.0976495535251164,0.1,252.28432214358943,0.44710599225628145,21.98652369970204
2024-01-08 10:00:00,0.7973712315569051,0.10319862167973062,0.2,274.8908509886481,0.5306135113904858,26.294643123195403
2024-01-08 10:15:00,0.7997481308387843,0.16131401701440412,0.2,218.2488982632015,0.5599959965475786,24.68647136997656
2024-01-08 10:30:00,0.7996904199445504,0.12367757071739513,0.2,185.937991739946,0.6216485857167967,29.169233376055992
2024-01-08 10:45:00,0.8261304822590341,0.2379790437631609,0.2,206.77127662151398,0.5927071515148724,30.25634960746701
2024-01-08 11:00:00,0.8275102326494109,0.18249701140390207,0.2,222.61381175360611,0.5713958994932382,26.20111633070202
2024-01-08 11:15:00,0.85697996615348,0.22877714216657546,0.2,216.85584837380915,0.5790458417221991,26.575571974814697
2024-01-08 11:30:00,0.9833456994932361,0.22071264684072128,0.2,175.04959289335443,0.7679150905102587,29.577848707959014
2024-01-08 11:45:00,0.9206878080791551,0.39134067303251496,0.2,235.2018481791497,0.6714234091329336,25.069582412812647
2024-01-08 12:00:00,0.9389239564618486,0.16770556648281543,0.2,185.42794276235753,0.6214578972569331,29.479121783358103
2024-01-08 12:15:00,0.914736685666237,0.08444391196895198,0.2,203.666182264655,0.6265964251765956,31.11461900578375
2024-01-08 12:30:00,0.9578654452250209,0.1798726892818335,0.2,203.39984941053396,0.7300582665058555,28.029408809435743
2024-01-08 12:45:00,0.7908791425948143,0.15840485072450988,0.2,197.21081211511833,0.5980619722977192,27.39079793254098
2024-01-08 13:00:00,0.943080325936165,0.13409172122760782,0.2,229.47738236688048,0.67344715044684,29.383847323797543
2024-01-08 13:15:00,0.851498435122876,0.0,0.2,199.14720018293104,0.7611861880969791,31.208321270283275
2024-01-08 13:30:00,0.8829616306872163,0.14890535602384514,0.2,195.30621408252932,0.6751978015655913,26.463881098550054
2024-01-08 13:45:00,0.839670954196789,0.1525664952210154,0.2,230.82414461898992,0.7337138272493184,29.560951495506195
2024-01-08 14:00:00,0.7845013740723945,0.2527008251893238,0.2,195.23243765234383,0.6480820181460824,28.971922165172668
2024-01-08 14:15:00,0.7811841260656623,0.14005860540819853,0.2,226.16249931465126,0.6990932319369593,28.413473878618642
2024-01-08 14:30:00,0.7153785261693765,0.26779709729604595,0.2,219.1346681924106,0.6930826204699629,34.113794926261086
2024-01-08 14:45:00,0.7297971467426039,0.14827400889564368,0.2,270.18410859448295,0.7442435414456257,28.0079382065741
2024-01-08 15:00:00,0.6498723114485764,0.5102723405353111,0.1,235.3935535458594,0.6300341096418031,30.399602561923867
2024-01-08 15:15:00,0.6282724393978224,0.2608969617684745,0.1,262.118204303341,0.7184446135175607,28.54614467104207
2024-01-08 15:30:00,0.4974445219758258,0.2849467683983183,0.1,277.3749292372864,0.6692020907980205,30.29402089983811
2024-01-08 15:45:00,0.532244522501712,0.14073234730069367,0.1,266.0009815709677,0.6852712053084101,30.15732691477674
2024-01-08 16:00:00,0.44672264107114434,0.3506426991684022,0.1,289.69487215977273,0.6775524265710174,26.939330229637708
2024-01-08 16:15:00,0.3885499084055657,0.1753493970856599,0.1,325.2597750727235,0.6588836103900941,27.0262641400887
2024-01-08 16:30:00,0.3388498827429148,0.26734868183464056,0.1,319.873006547576,0.5912097896566646,25.68472613328041
2024-01-08 16:45:00,0.29506353551437703,0.40634096062343195,0.1,355.50224706850014,0.5495112997071551,25.758269922546738
2024-01-08 17:00:00,0.2019984519125443,0.3003972798052416,0.1,365.5964444456875,0.6540734134697869,23.96227005087127
2024-01-08 17:15:00,0.178939730656062,0.2814839905641067,0.1,349.06465235878727,0.6296778622853069,21.691516967374312
2024-01-08 17:30:00,0.12725921281205793,0.2636011206908908,0.1,418.6035140921443,0.47726610840391437,25.3440297120992
2024-01-08 17:45:00,0.05213885827631682,0.2979664980047958,0.1,399.04433310738517,0.5829954278180246,27.896907017887823
2024-01-08 18:00:00,1.1911537611909013e-16,0.45236643894979234,0.2,372.03380538055575,0.5728270136067142,26.343726615630068
2024-01-08 18:15:00,0.0,0.4662048680494718,0.2,346.6482154359256,0.5139428357197764,23.000897300919767
2024-01-08 18:30:00,0.0,0.469188535369473,0.2,359.3777552651531,0.44217551089201246,21.745224293199154
2024-01-08 18:45:00,0.0,0.45873371103949856,0.2,392.9425612534374,0.5184026429094846,22.41620966315026
2024-01-08 19:00:00,0.0,0.3824355359601166,0.2,434.1963738586323,0.4642500068330492,19.854801766809608
2024-01-08 19:15:00,0.0,0.4417266391818329,0.2,389.69424510771137,0.5421951721389047,23.03396533006908
2024-01-08 19:30:00,0.0,0.3667766687570472,0.2,361.3641961133494,0.47126749029530945,21.379308194983402
2024-01-08 19:45:00,0.0,0.7551395066242683,0.2,398.30931816105664,0.4055330715086671,18.425109300769034
2024-01-08 20:00:00,0.0,0.40818711205051467,0.2,408.6514465278181,0.44072062403784096,22.5996840329049
2024-01-08 20:15:00,0.0,0.5385907522652861,0.2,390.56338949096056,0.46225095649306014,20.237695656727926
2024-01-08 20:30:00,0.0,0.6359698086640646,0.2,410.8833661827142,0.3856926898805721,20.905360343260412
2024-01-08 20:45:00,0.0,0.4684405766738991,0.2,399.21520031903634,0.2505799842684587,17.704815799449793
2024-01-08 21:00:00,0.0,0.5965384951189826,0.05,400.0439555684477,0.31515211008504473,19.878885315658973
2024-01-08 21:15:00,0.0,0.4148433239713605,0.05,397.8960035357014,0.2785963375382997,14.147518003965795
2024-01-08 21:30:00,0.0,0.39898847333216103,0.05,405.47187224156494,0.24633689585764168,17.293910079003222
2024-01-08 21:45:00,0.0,0.5786856600247381,0.05,370.31588981999835,0.2700698378451798,14.108710492869665
2024-01-08 22:00:00,0.0,0.5681128177118581,0.05,392.96872533278054,0.24000238075957156,16.37334245975011
2024-01-08 22:15:00,0.0,0.7556148599216637,0.05,428.1643560255836,0.25948426512744416,12.943620458102604
2024-01-08 22:30:00,0.0,0.575214846908343,0.05,374.62650902805774,0.21273783520013792,11.52063183605795
2024-01-08 22:45:00,0.0,0.6125555707258297,0.05,452.0253563074509,0.20651840583933753,15.342936721265811
2024-01-08 23:00:00,0.0,0.3194699192265786,0.05,372.2578102096088,0.2,14.483158707175804
2024-01-08 23:15:00,0.0,0.6973595427697553,0.05,400.67274352240867,0.2,10.415093713857662
2024-01-08 23:30:00,0.0,0.7241229391485091,0.05,373.4717760176382,0.2,13.53997188940345
2024-01-08 23:45:00,0.0,0.6413474171694967,0.05,385.0535538005939,0.20515862757976638,14.670874488684552
2024-01-09 00:00:00,0.0,0.6672966612366689,0.05,400.8518722755475,0.20038649630274508,8.855681524929595
2024-01-09 00:15:00,0.0,0.5529493682291419,0.05,395.28582658950126,0.2,10.98798044618768
2024-01-09 00:30:00,0.0,0.6453741847759465,0.05,385.13628824945164,0.2,8.783300242658473
2024-01-09 00:45:00,0.0,0.6077736254299376,0.05,419.9286635014608,0.2,12.728069309707333
2024-01-09 01:00:00,0.0,0.5723515648104747,0.05,390.3004512695383,0.2,9.89430341925241
2024-01-09 01:15:00,0.0,0.6368364744210452,0.05,413.18895472978176,0.2,8.35742076995812
2024-01-09 01:30:00,0.0,0.6440690478747273,0.05,357.2627596272331,0.2,10.013422161392189
2024-01-09 01:45:00,0.0,0.6273162047903018,0.05,398.6155756553317,0.2,9.234306602660698
2024-01-09 02:00:00,0.0,0.7047368698737584,0.05,414.7854751259026,0.2,12.839209799189847
2024-01-09 02:15:00,0.0,0.5476736672452649,0.05,417.64514651534876,0.2,10.422648317218435
2024-01-09 02:30:00,0.0,0.5332548243344087,0.05,410.51583827077013,0.2,7.546323864033058
2024-01-09 02:45:00,0.0,0.3811700822543619,0.05,400.14100215616156,0.2,8.600484352528836
2024-01-09 03:00:00,0.0,0.5669957841898594,0.05,407.0702511141994,0.2,11.206947441799286
2024-01-09 03:15:00,0.0,0.3898389314312901,0.05,377.98517805451826,0.2,11.141999768477438
2024-01-09 03:30:00,0.0,0.6025352440655892,0.05,413.6531061458294,0.2,9.655749045143864
2024-01-09 03:45:00,0.0,0.5441262713005924,0.05,402.3783110897265,0.2,13.399898774255607
2024-01-09 04:00:00,0.0,0.4947873599037549,0.05,398.73284203053214,0.2,12.389934493123029
2024-01-09 04:15:00,0.0,0.4627531302893053,0.05,423.9504877226555,0.2,6.040505203066061
2024-01-09 04:30:00,0.0,0.44561535559549104,0.05,416.74838209747145,0.2,10.15106812168579
2024-01-09 04:45:00,0.0,0.365092346040097,0.05,373.9815822522323,0.2,9.993890048792
2024-01-09 05:00:00,0.0,0.5445118454156441,0.05,411.90818681328557,0.2,15.63775380821659
2024-01-09 05:15:00,0.0,0.15647169610791273,0.05,406.41128703746944,0.2,16.076148545757146
2024-01-09 05:30:00,0.0,0.2757062284581566,0.05,404.0903974971428,0.2,14.621464661922975
2024-01-09 05:45:00,0.0,0.2069248677711712,0.05,349.996745138176,0.20259126307302217,14.69416680329011
2024-01-09 06:00:00,0.0,0.40251971414547644,0.05,384.3744357158285,0.21155869366136404,16.250740097099342
2024-01-09 06:15:00,0.05985166260555553,0.48317720416691545,0.05,395.2585489333296,0.2579569147274041,16.871546008139987
2024-01-09 06:30:00,0.11622049695862151,0.2487748119498222,0.05,352.743168080713,0.2,15.837501995540189
2024-01-09 06:45:00,0.18654167421381646,0.22205178305154574,0.05,363.2584458653746,0.33273602999418667,20.41100706680822
2024-01-09 07:00:00,0.22261519196933463,0.31597445314093137,0.1,350.12842085805784,0.40655171580106286,17.161139176427945
2024-01-09 07:15:00,0.30193694835078344,0.3949699352753824,0.1,319.3615598469414,0.4354105772931843,20.705196234826225
2024-01-09 07:30:00,0.37189151217039934,0.5188922675227083,0.1,322.87799769070995,0.35379759571687447,16.568962203238783
2024-01-09 07:45:00,0.3934077960201407,0.31230661436372875,0.1,303.1471217288484,0.37852281613223554,19.103880082616158
2024-01-09 08:00:00,0.4755750535477075,0.043327116513107056,0.1,315.5466312791514,0.39707331447716954,23.532866066330023
2024-01-09 08:15:00,0.5158976131766991,0.37161438206965514,0.1,257.4136410909967,0.3386754313087294,21.641986375671227
2024-01-09 08:30:00,0.527971428312021,0.2603170931215999,0.1,284.72453156291,0.45707563698747805,18.250485100940534
2024-01-09 08:45:00,0.6404216739126366,0.3181817102353566,0.1,276.2272689326841,0.4682273421035752,20.26629996736399
2024-01-09 09:00:00,0.6798652179484166,0.31047459604090555,0.1,234.83710760461213,0.4691357742961711,23.43228884694285
2024-01-09 09:15:00,0.6849018589935851,0.21536010279449477,0.1,280.9962669000756,0.46631616056546377,22.25541005832356
2024-01-09 09:30:00,0.7589884644684903,0.2660655065266193,0.1,230.49865757053516,0.5474275308481037,23.382205969237425
2024-01-09 09:45:00,0.7995173531436399,0.19081731902920349,0.1,254.26591490815457,0.5809521572629561,22.705344400187087
2024-01-09 10:00:00,0.821474242529094,0.24385011682899788,0.2,225.91421927178845,0.607295225072636,22.049147898566584
2024-01-09 10:15:00,0.8497792636127215,0.03979163500736185,0.2,191.77669219493626,0.5996297216279305,21.445147093868272
2024-01-09 10:30:00,0.8279459992040757,0.25033934639863153,0.2,206.31317989172385,0.553870773468382,24.190076926927205
2024-01-09 10:45:00,0.9263490763810379,0.1279985360734782,0.2,204.80509904849967,0.6265482028154766,28.095367584175047
2024-01-09 11:00:00,0.9081367583971593,0.22751405151503926,0.2,172.92604766547873,0.6956229070709125,29.896783133840525
2024-01-09 11:15:00,0.8912710143082299,0.05048588324710701,0.2,216.21743358600108,0.5649388940084145,25.2995093378259
2024-01-09 11:30:00,0.8911356363860367,0.13602714438052096,0.2,191.0553345457847,0.6848494222205088,24.95229506117061
2024-01-09 11:45:00,0.8730873269914793,0.25574223112785116,0.2,168.20521109744124,0.6917613733152911,31.612371542201835
2024-01-09 12:00:00,0.9429838400125641,0.3057924597575215,0.2,189.11727922102344,0.7640895591084124,27.397578468104815
2024-01-09 12:15:00,0.9476928137778218,0.17199766717961656,0.2,199.46787192763415,0.689858481588443,26.693821009940066
2024-01-09 12:30:00,0.7997260073735069,0.17111972361631353,0.2,224.56111581407478,0.6224646355598853,29.47447552795156
2024-01-09 12:45:00,0.7917679595518431,0.1090587469105752,0.2,192.69278726439634,0.7368515602186061,26.602248652608615
2024-01-09 13:00:00,0.7987804581303842,0.2751230503433251,0.2,201.70704264260178,0.7354832473082283,30.328999015068682
2024-01-09 13:15:00,0.909888313964469,0.3794837958437658,0.2,204.30249777676426,0.6558020168330632,30.80179655514077
2024-01-09 13:30:00,0.8730061743045731,0.08916706555512008,0.2,233.5759114864505,0.708223939311318,27.932159030181435
2024-01-09 13:45:00,0.8555599942616329,0.22748382523489843,0.2,218.29808274928936,0.6896482101310714,28.386472664993633
2024-01-09 14:00:00,0.8416336918430272,0.24008565846810093,0.2,200.59938220869608,0.688349748227496,26.182632227650476
2024-01-09 14:15:00,0.7860005975696378,0.15804485619140457,0.2,222.7672508185697,0.7223045768312862,27.855917504443028
2024-01-09 14:30:00,0.7591091616478782,0.10325248879129714,0.2,258.4437571002566,0.6763844666354182,31.175715469478547
2024-01-09 14:45:00,0.6758279394536854,0.1702355301612225,0.2,255.94579489974788,0.6876377080791278,29.391677938956317
2024-01-09 15:00:00,0.6755355940870631,0.2061261696612916,0.1,255.44500172526241,0.7045631227923281,30.872796202199066
2024-01-09 15:15:00,0.5911659916636449,0.4398796960006942,0.1,250.70442268669314,0.6544479495181201,28.49819590931604
2024-01-09 15:30:00,0.5535050926373796,0.2147108680130937,0.1,281.4245319876948,0.6404477010632936,28.404989005643376
2024-01-09 15:45:00,0.4963284287052096,0.34360920256021527,0.1,297.63504030725676,0.6494994654910974,30.213890098547243
2024-01-09 16:00:00,0.456241119814843,0.2982585805954727,0.1,274.5502089315028,0.641932709595118,25.72422668816941
2024-01-09 16:15:00,0.408976780173017,0.4015428240616409,0.1,361.91955620807767,0.6405429893757192,28.315445885701678
2024-01-09 16:30:00,0.33853229817178215,0.36541699378016934,0.1,305.4631048614739,0.5836252555760075,27.485929671154768
2024-01-09 16:45:00,0.29649620455067965,0.32246900412100493,0.1,334.40772393528624,0.577041368551007,29.95464402680757
2024-01-09 17:00:00,0.22414300268478068,0.41099644211203373,0.1,351.36190721448196,0.5735633526561712,24.357704833140005
2024-01-09 17:15:00,0.18653369196734407,0.3399496441319745,0.1,325.1468051058899,0.679652709251413,27.447910964921185
2024-01-09 17:30:00,0.11871835465460719,0.5625906290362709,0.1,316.7747505253162,0.6573758094105041,26.4871258375726
2024-01-09 17:45:00,0.060986436128012536,0.40672786194017874,0.1,401.79631741195385,0.6387435895490836,22.242547063728782
2024-01-09 18:00:00,1.1623608242102312e-16,0.4857614063014278,0.2,391.7777355270149,0.5158070496071551,22.712195622766206
2024-01-09 18:15:00,0.0,0.33478824268564567,0.2,389.574240323004,0.5420334960184808,25.23297016520385
2024-01-09 18:30:00,0.0,0.5690368567777575,0.2,393.35953947902823,0.5883907769730554,22.577800651975487
2024-01-09 18:45:00,0.0,0.3320548905472453,0.2,394.18483377751505,0.5972900208331919,21.735182406249653
2024-01-09 19:00:00,0.0,0.42881078772214415,0.2,395.19890799990196,0.5570045283143134,23.149097565173737
2024-01-09 19:15:00,0.0,0.4358754731957677,0.2,388.1779305815011,0.4703136752678418,18.906901390338568
2024-01-09 19:30:00,0.0,0.34943612333925167,0.2,435.69233228048455,0.44326293821478047,21.132796557781404
2024-01-09 19:45:00,0.0,0.6476692662900582,0.2,411.40446002374154,0.44668129834923287,21.478546731039298
2024-01-09 20:00:00,0.0,0.4946862923944048,0.2,409.1211547047269,0.4518315665760289,17.96033789008752
2024-01-09 20:15:00,0.0,0.5501170331635944,0.2,402.2490426352473,0.31196472850934337,16.511686965635427
2024-01-09 20:30:00,0.0,0.5231303690816761,0.2,396.6255710359919,0.4258537145961047,19.793695326719636
2024-01-09 20:45:00,0.0,0.5190015337087551,0.2,407.78555141245346,0.3684600482607614,17.774741179041605
2024-01-09 21:00:00,0.0,0.25225472926178977,0.05,345.2944196928487,0.32095482698451056,17.16245041937425
2024-01-09 21:15:00,0.0,0.48281563743498634,0.05,419.631108093317,0.2722242820863069,16.35226732082778
2024-01-09 21:30:00,0.0,0.530842664461053,0.05,396.4404492943811,0.22701049118415562,17.26138785508061
2024-01-09 21:45:00,0.0,0.4658856011764021,0.05,368.86553085257606,0.25586090496924435,15.941981115287724
2024-01-09 22:00:00,0.0,0.5255963530448133,0.05,413.997470123545,0.2650964346819053,15.885893795175999
2024-01-09 22:15:00,0.0,0.4848782680137018,0.05,434.6512463178628,0.3345996264639077,14.379245655298314
2024-01-09 22:30:00,0.0,0.7224647812094216,0.05,373.718274931283,0.2,15.632464730773815
2024-01-09 22:45:00,0.0,0.6261182148410664,0.05,378.352084622132,0.2,13.78508676832761
2024-01-09 23:00:00,0.0,0.5607813694126494,0.05,390.6792471385902,0.2,10.11657266347026
2024-01-09 23:15:00,0.0,0.5940673784794231,0.05,419.3988916311776,0.20850817448454004,15.350423247104121
2024-01-09 23:30:00,0.0,0.3191962700546405,0.05,387.7002124784763,0.2,13.932835972001492
2024-01-09 23:45:00,0.0,0.41027591715393763,0.05,372.3678397725904,0.2,12.773901999341035
2024-01-10 00:00:00,0.0,0.7422760001073978,0.05,396.4246266851684,0.2,12.717224718406221
2024-01-10 00:15:00,0.0,0.5322053681630697,0.05,401.2390954256525,0.2,8.996721580964257
2024-01-10 00:30:00,0.0,0.6711504499711819,0.05,380.5417405449077,0.2,13.928265187372489
2024-01-10 00:45:00,0.0,0.7084884327550343,0.05,382.2395778835229,0.2,12.481200250152371
2024-01-10 01:00:00,0.0,0.4728526707693672,0.05,402.55263190794585,0.2,6.66429239969184
2024-01-10 01:15:00,0.0,0.6775626891025788,0.05,401.98986879101875,0.2,9.724536669640017
2024-01-10 01:30:00,0.0,0.6794809727339355,0.05,405.53320208138643,0.2,12.517120394795281
2024-01-10 01:45:00,0.0,0.7191800174530274,0.05,393.8515712670064,0.2,9.320379895130916
2024-01-10 02:00:00,0.0,0.6192045712168123,0.05,409.0631623725401,0.2,6.709486793254952
2024-01-10 02:15:00,0.0,0.7082622425231888,0.05,411.49254113529935,0.2,9.239429218140723
2024-01-10 02:30:00,0.0,0.5915784758038503,0.05,392.3439364530247,0.2,10.247894595654127
2024-01-10 02:45:00,0.0,0.6369433885670199,0.05,417.00364639864125,0.2,8.734506558135756
2024-01-10 03:00:00,0.0,0.5673652375955052,0.05,421.56607768628163,0.2,5.1660934062791455
2024-01-10 03:15:00,0.0,0.525158030057923,0.05,419.1957705860526,0.2,11.406251965692972
2024-01-10 03:30:00,0.0,0.5298882885314327,0.05,362.2295456167684,0.2,13.126762815431963
2024-01-10 03:45:00,0.0,0.41966593241219796,0.05,399.16744436704744,0.2141718095829378,9.967014525287071
2024-01-10 04:00:00,0.0,0.5968993098960268,0.05,406.02779092891785,0.22266102211922612,12.565289438256181
2024-01-10 04:15:00,0.0,0.5717100545296032,0.05,413.39132032527306,0.2,10.33093362308166
2024-01-10 04:30:00,0.0,0.454033476384642,0.05,396.085906064213,0.2,10.593432838544231
2024-01-10 04:45:00,0.0,0.4227718860144464,0.05,400.3214090272994,0.2373246593321003,12.714881191791527
2024-01-10 05:00:00,0.0,0.4216738081466579,0.05,403.37990345656044,0.25824451175955226,15.072485495473508
2024-01-10 05:15:00,0.0,0.5903084198121147,0.05,411.3739753738771,0.2,13.905950223352686
2024-01-10 05:30:00,0.0,0.3268131420820913,0.05,414.2928663704138,0.22287725531857436,14.192042395836062
2024-01-10 05:45:00,0.0,0.3359854392285626,0.05,445.4260651470731,0.2528399483808924,16.99433748167954
2024-01-10 06:00:00,0.0,0.6035903825012773,0.05,372.44589007561837,0.3603126031689709,15.109885593841442
2024-01-10 06:15:00,0.05101600762305345,0.38508335452537357,0.05,392.0902841159352,0.26210201169859554,16.15284502399251
2024-01-10 06:30:00,0.11030161771454176,0.2439671882869595,0.05,387.1091579136202,0.387778389337557,15.251134282444283
2024-01-10 06:45:00,0.17301071343586036,0.5203504535083796,0.05,348.6519108267333,0.24535566910813855,17.435897160764398
2024-01-10 07:00:00,0.2169180671723174,0.32430545168913527,0.1,355.5749379644236,0.4040984467385975,18.235436085495518
2024-01-10 07:15:00,0.3027452411764231,0.3761252095007972,0.1,325.2067876924741,0.2965635202511519,18.06538708626863
2024-01-10 07:30:00,0.34461110674074164,0.311969375461595,0.1,331.6554742184806,0.35463709616960293,21.062853533081153
2024-01-10 07:45:00,0.4211878218984562,0.26497704610020245,0.1,310.33434217377817,0.3869265605063652,18.885893951210416
2024-01-10 08:00:00,0.45797778336756806,0.2913401689987929,0.1,304.66519720767747,0.44122748580655563,21.690504343244278
2024-01-10 08:15:00,0.4821177101060405,0.15486707999440008,0.1,292.81713646579607,0.5807939558900675,21.240356065190625
2024-01-10 08:30:00,0.5622556706611139,0.23282143589383852,0.1,252.57130113627576,0.44610271290246106,20.64154144515354
2024-01-10 08:45:00,0.5867273187902486,0.2520131154110737,0.1,285.98537870296354,0.4372823697048684,23.99436960433197
2024-01-10 09:00:00,0.6509450839093041,0.24918350781549659,0.1,249.5839244613306,0.5223034484902025,21.155493578476833
2024-01-10 09:15:00,0.7033904846195198,0.2656877824019195,0.1,240.79345304690779,0.45385122971151215,22.63040113718643
2024-01-10 09:30:00,0.7610307394239963,0.09366910203520581,0.1,203.8603266732195,0.5096679263845793,21.205564233948294
2024-01-10 09:45:00,0.7112485031624417,0.24603503257913018,0.1,233.9437258705867,0.5864344667734016,23.03973062199227
2024-01-10 10:00:00,0.6863453244095521,0.14229860978272219,0.2,250.6845862224114,0.5550776973588522,24.16714597635123
2024-01-10 10:15:00,0.8259228113853335,0.2755039686934693,0.2,222.32662285963832,0.593280040408902,23.03902734923186
2024-01-10 10:30:00,0.8861768635804542,0.18849007256798445,0.2,204.9379448931425,0.6702692227628136,27.327363480289655
2024-01-10 10:45:00,0.8330019005470655,0.21483498640206655,0.2,221.31508405295023,0.6392970199471341,26.06812330463065
2024-01-10 11:00:00,0.9018186103209123,0.14898280362221145,0.2,200.31770350739606,0.6116392202104218,28.500793959306446
2024-01-10 11:15:00,0.8399038941102751,0.2029649113656126,0.2,221.20751539904805,0.6694732266549914,28.11570516159048
2024-01-10 11:30:00,0.9669563204491283,0.08101941077973164,0.2,225.5463242452845,0.6027277493366079,30.59585572276099
2024-01-10 11:45:00,0.9458372631401077,0.09792516934322575,0.2,198.56745597206947,0.6650721144853456,25.948018687970997
2024-01-10 12:00:00,0.9677235120207329,0.19264868232003515,0.2,192.51535452239892,0.6998292071976646,26.641216560289152
2024-01-10 12:15:00,0.9856009536481368,0.263610383681131,0.2,200.64202315478352,0.6873420846552735,26.792223223502937
2024-01-10 12:30:00,0.9783447641366905,0.20612789523180672,0.2,178.29235666862078,0.6234922051842096,26.374591940487377
2024-01-10 12:45:00,0.9167510106816067,0.1455825846866859,0.2,221.1896229889533,0.641994499848178,30.651239800747657
2024-01-10 13:00:00,0.9136305133529447,0.19551358552773568,0.2,205.31953187738785,0.5705508902151871,28.82118739050911
2024-01-10 13:15:00,0.8860486835343432,0.2517031198455548,0.2,209.35500066190332,0.680147670375883,29.957507610000658
2024-01-10 13:30:00,0.8878522688078058,0.1490161973011917,0.2,204.78009101899286,0.6810152334341556,24.922013523661015
2024-01-10 13:45:00,0.8571187775345841,0.3894423110409009,0.2,222.61100972460702,0.660415168681459,28.467121542375835
2024-01-10 14:00:00,0.8190266302094429,0.1197449352956396,0.2,211.4668808178428,0.70191644479553,32.60409925235308
2024-01-10 14:15:00,0.7813515212440131,0.23620965053659487,0.2,222.49110608726556,0.678414458017471,30.84100163793022
2024-01-10 14:30:00,0.7421301914528329,0.1367858002951663,0.2,256.05483745669085,0.7020817324115622,33.814838249528904
2024-01-10 14:45:00,0.722824793341953,0.23245584478668072,0.2,199.85399126201446,0.6718673360896116,24.98731517447403
2024-01-10 15:00:00,0.6934914671499067,0.27026925548170116,0.1,259.81967195558184,0.6076341671562352,30.489503747921155
2024-01-10 15:15:00,0.6374303238108938,0.2575389263283943,0.1,281.21442413570617,0.6002285630980436,28.419841379929284
2024-01-10 15:30:00,0.5883843754066654,0.3116507146095548,0.1,258.45055735324536,0.7388400749707826,29.069579316321
2024-01-10 15:45:00,0.48720168759093324,0.4482507337126238,0.1,263.7784511131542,0.7039813961207416,29.142866881433697
2024-01-10 16:00:00,0.43139375163042815,0.35198793286866215,0.1,262.40467531905585,0.6289209500810489,30.254758616231648
2024-01-10 16:15:00,0.3952127521320649,0.2297374542441022,0.1,292.7539673741163,0.6388992068061119,27.920266299717984
2024-01-10 16:30:00,0.35250687299799727,0.3022555471810699,0.1,329.2271613608068,0.6938879783790468,23.404287383124608
2024-01-10 16:45:00,0.2529946803176869,0.5126450158722848,0.1,343.86086572219835,0.6113245465886376,27.61721067709368
2024-01-10 17:00:00,0.2176936104636321,0.3337595348343678,0.1,317.4508110629632,0.682928190936057,26.564314893933602
2024-01-10 17:15:00,0.18004502309251963,0.25815795628087573,0.1,324.6705276110878,0.6018168743034631,21.194347477782742
2024-01-10 17:30:00,0.1162225539424234,0.3576161660276337,0.1,356.16403811940495,0.7005042568542069,23.513000232940193
2024-01-10 17:45:00,0.0569083056736117,0.2294232996043814,0.1,352.24380307436513,0.5717493363884737,25.634201927532423
2024-01-10 18:00:00,1.1468076137997448e-16,0.5161537304421449,0.2,395.7169163377686,0.5195919665509613,23.546183818182556
2024-01-10 18:15:00,0.0,0.40415014841554187,0.2,422.37959370940496,0.5407615395300268,23.561148971199394
2024-01-10 18:30:00,0.0,0.3622244774836559,0.2,425.61027239003016,0.4723811034086086,24.244072887020444
2024-01-10 18:45:00,0.0,0.3875890305806654,0.2,423.83780887114415,0.5312290268490273,23.69525267199032
2024-01-10 19:00:00,0.0,0.6092879035814842,0.2,390.0367565069179,0.4883182739282262,23.31255630288779
2024-01-10 19:15:00,0.0,0.5058457075420794,0.2,411.9247083141516,0.5253108979078426,18.822145972555106
2024-01-10 19:30:00,0.0,0.5493766021698239,0.2,410.2038338214394,0.45817965346222267,17.289173982296276
2024-01-10 19:45:00,0.0,0.5342878676515002,0.2,377.70360851300006,0.3973523511639588,21.82474846865112
2024-01-10 20:00:00,0.0,0.6941189064663403,0.2,412.00420396257573,0.44540729882237673,19.097816665578886
2024-01-10 20:15:00,0.0,0.31652805068936474,0.2,424.0041204515432,0.37066639188020134,20.194242972147922
2024-01-10 20:30:00,0.0,0.602667565360947,0.2,409.35345123610256,0.3544214476098607,16.626201581140204
2024-01-10 20:45:00,0.0,0.5791512769265387,0.2,412.8645402509275,0.33217958216741805,19.716268681245154
2024-01-10 21:00:00,0.0,0.5197484034043208,0.05,409.64619859730726,0.261960338580262,16.503479397548507
2024-01-10 21:15:00,0.0,0.5626721963800391,0.05,411.93506227446426,0.24410882903983533,15.399863859965667
2024-01-10 21:30:00,0.0,0.583067866883382,0.05,419.53026840495545,0.2727515140537045,15.959961631993407
2024-01-10 21:45:00,0.0,0.730487987545124,0.05,392.1346679244133,0.2863412034646022,18.67004254277807
2024-01-10 22:00:00,0.0,0.6859476398830838,0.05,382.5431584043926,0.2,12.787195793046365
2024-01-10 22:15:00,0.0,0.6228071466014956,0.05,417.3418042403014,0.2,14.919474350987615
2024-01-10 22:30:00,0.0,0.41090769964225393,0.05,404.66862416391024,0.25702968744446564,11.583261701151525
2024-01-10 22:45:00,0.0,0.590143659377158,0.05,398.91778818947114,0.20849282887058457,13.445855337186249
2024-01-10 23:00:00,0.0,0.8758235571414799,0.05,397.3827730677359,0.2,11.429028954452486
2024-01-10 23:15:00,0.0,0.5600622943983073,0.05,393.6397146324882,0.2675110348876196,13.115946005593027
2024-01-10 23:30:00,0.0,0.6422856156301885,0.05,397.2755290439825,0.2,10.767409556500601
2024-01-10 23:45:00,0.0,0.732556382059058,0.05,403.6352433174233,0.2,10.352304757907177
2024-01-11 00:00:00,0.0,0.5271811948854168,0.05,415.24765909698135,0.2,10.762093614810293
2024-01-11 00:15:00,0.0,0.5023919328705178,0.05,402.16244188120834,0.2,10.76589692466204
2024-01-11 00:30:00,0.0,0.5653984722332668,0.05,389.6617876054982,0.2,11.666840634956218
2024-01-11 00:45:00,0.0,0.5058730015666852,0.05,396.51839107008294,0.2,10.450175256791713
2024-01-11 01:00:00,0.0,0.6820961723574074,0.05,385.2484805961919,0.2,9.212387815960668
2024-01-11 01:15:00,0.0,0.5984969307444404,0.05,364.36600631946953,0.2,10.118033539051776
2024-01-11 01:30:00,0.0,0.607564757932854,0.05,395.0551097585159,0.2,9.292325589023463
2024-01-11 01:45:00,0.0,0.5228563152682482,0.05,407.2429552790714,0.2,11.542139171162097
2024-01-11 02:00:00,0.0,0.5570522864262688,0.05,396.873872047775,0.2,5.4212826404091095
2024-01-11 02:15:00,0.0,0.714730358506735,0.05,416.82452762713933,0.2,9.304342163707055
2024-01-11 02:30:00,0.0,0.5005986224167035,0.05,398.2856103188895,0.2,7.606440414189332
2024-01-11 02:45:00,0.0,0.4086508222641607,0.05,419.2793000560435,0.2,7.45111203775056
2024-01-11 03:00:00,0.0,0.41948806785537757,0.05,387.90827048267533,0.2,10.010710082294882
2024-01-11 03:15:00,0.0,0.4266600738827945,0.05,391.5461598819634,0.2,8.025023638444681
2024-01-11 03:30:00,0.0,0.6317222526095349,0.05,388.50219740158536,0.2,7.351187962782725
2024-01-11 03:45:00,0.0,0.5643326347300083,0.05,411.9052669967737,0.2,9.083746367038774
2024-01-11 04:00:00,0.0,0.360091171318468,0.05,380.1393454841811,0.2,12.871526472476448
2024-01-11 04:15:00,0.0,0.43075791471731295,0.05,379.95829283727056,0.2,14.55001311176009
2024-01-11 04:30:00,0.0,0.4626824634361258,0.05,378.52593136181804,0.2,14.879190923415825
2024-01-11 04:45:00,0.0,0.49836288691844444,0.05,399.9703589839481,0.2,13.71863994083676
2024-01-11 05:00:00,0.0,0.3777355034873001,0.05,400.9430220570995,0.21859286296206418,15.92756637909093
2024-01-11 05:15:00,0.0,0.4331623142203784,0.05,369.778942067277,0.2,15.829650634619222
2024-01-11 05:30:00,0.0,0.2870466433246796,0.05,422.60584746361224,0.2,16.726939043388953
2024-01-11 05:45:00,0.0,0.19415004805454997,0.05,390.7852411072229,0.23614734580809255,12.849517213119775
2024-01-11 06:00:00,0.0,0.5587658363848922,0.05,366.7000575262543,0.2,14.53163698543039
2024-01-11 06:15:00,0.06392291990939279,0.5393606670967237,0.05,403.4657588518983,0.27656329108094957,14.706682140354323
2024-01-11 06:30:00,0.10650106479060795,0.4210223460446163,0.05,386.69147147354175,0.2633995647311984,16.82715610812985
2024-01-11 06:45:00,0.16651886273088093,0.2154806945544666,0.05,358.0481944547248,0.2607775703432657,18.742853565808726
2024-01-11 07:00:00,0.21722374226918922,0.5423474171819214,0.1,305.45382812301204,0.3356839782915023,16.370161577726634
2024-01-11 07:15:00,0.30828511293664923,0.4008407283431705,0.1,311.05115366744064,0.3994387917446989,15.446883861441464
2024-01-11 07:30:00,0.3059403458267356,0.33613637537062574,0.1,316.933200563252,0.3852296754287907,14.58735572837655
2024-01-11 07:45:00,0.3638457095841815,0.28767315196509186,0.1,330.2600352493137,0.39723671118152815,23.346158898951444
2024-01-11 08:00:00,0.4759518575397408,0.2947210746033513,0.1,316.2347813110381,0.39025081616572166,21.1046298710393
2024-01-11 08:15:00,0.531924648582618,0.1713346383930205,0.1,314.4015708091014,0.4402107127410991,21.020445482731603
2024-01-11 08:30:00,0.5154241197114054,0.3338611097839529,0.1,277.88231914041694,0.459725482360428,19.248063491187626
2024-01-11 08:45:00,0.5961103790644185,0.6527351153572736,0.1,295.80040173530176,0.39844271992508346,22.576998997698816
2024-01-11 09:00:00,0.6575718847688182,0.24761793391832798,0.1,253.77372566910236,0.4434401678700531,22.23224701857851
2024-01-11 09:15:00,0.7457147923220369,0.130255929561581,0.1,261.1597591562602,0.47785209911194104,22.08743112059082
2024-01-11 09:30:00,0.7685793163372469,0.1036675688213072,0.1,264.5216106711657,0.532556055614414,24.17610281178762
2024-01-11 09:45:00,0.7744979210471953,0.16658582549983109,0.1,258.05829330691245,0.5651104406511323,20.891874269470833
2024-01-11 10:00:00,0.7763152307416867,0.16197253275973353,0.2,226.68513204403484,0.5477741033091136,23.104487517511743
2024-01-11 10:15:00,0.8424004431238731,0.29115458998942323,0.2,220.43051274763272,0.5604446408158101,26.194990641130858
2024-01-11 10:30:00,0.9125454777160398,0.1754203768249295,0.2,236.16600808171063,0.6881986160707058,27.58999974653036
2024-01-11 10:45:00,0.8533326023295585,0.06454831494460436,0.2,173.4685448017793,0.6061389716795724,25.29078940870974
2024-01-11 11:00:00,0.9162987103174085,0.07707108582838665,0.2,215.70432006217152,0.5779054832154469,27.78516279082503
2024-01-11 11:15:00,0.9713408944848546,0.14698865968530944,0.2,178.7089669485369,0.6608864363512301,29.089051005152832
2024-01-11 11:30:00,0.9081858504248448,0.2476220496156013,0.2,186.07282306007713,0.6266211607838971,25.346883092833828
2024-01-11 11:45:00,0.9809855069009549,0.42644638400931567,0.2,238.1416518166352,0.8422181617936106,27.837698505209893
2024-01-11 12:00:00,0.9965000108844446,0.18577695610890527,0.2,167.44484659163487,0.6240611680984394,29.695386354982368
2024-01-11 12:15:00,0.9511120433074352,0.31305629113073385,0.2,190.80215790088315,0.7413873438899871,28.09364813528882
2024-01-11 12:30:00,0.9421346522029651,0.11868153679728996,0.2,198.61804960637997,0.5305587954434603,25.209962266892994
2024-01-11 12:45:00,0.9538517810827627,0.24392593903505863,0.2,205.80463043256987,0.760093480899169,30.029814337471585
2024-01-11 13:00:00,0.9474476705090151,0.3506280467420378,0.2,208.8006675342624,0.6179379156220676,26.639348304671426
2024-01-11 13:15:00,0.8931633692276016,0.2401672778157493,0.2,182.5630130803512,0.6521571001412784,28.15465760683765
2024-01-11 13:30:00,0.8642932503376562,0.26970296211665523,0.2,213.53667838963617,0.6679422170473096,30.671376678231077
2024-01-11 13:45:00,0.7638770999075337,0.0,0.2,241.89111768005444,0.6387067632329072,30.052785048977036
2024-01-11 14:00:00,0.8028858927256343,0.2138703661949092,0.2,206.09124599070267,0.6339486517125441,32.66423984569447
2024-01-11 14:15:00,0.7391613796080797,0.22791943263896164,0.2,215.3577806432143,0.6729013945037191,33.472668585942685
2024-01-11 14:30:00,0.7362580443646136,0.1342849079573299,0.2,275.35282984819855,0.6429558459072915,30.884545139671907
2024-01-11 14:45:00,0.61319972055659,0.2927642509642352,0.2,254.25727839711482,0.6717125338519564,29.591226524940335
2024-01-11 15:00:00,0.634611746754616,0.25619677255020346,0.1,231.60193894514907,0.6305253518510167,28.248005716055793
2024-01-11 15:15:00,0.5564765927554148,0.274164415487584,0.1,281.6286266244503,0.7254520280681628,30.805149055103204
2024-01-11 15:30:00,0.5845786423567425,0.22924181812431635,0.1,323.0472969884132,0.7229114095374594,25.315651232724065
2024-01-11 15:45:00,0.5209078832086234,0.09767453093161038,0.1,320.14561619813713,0.6465711801636203,27.881732365721426
2024-01-11 16:00:00,0.44697488404770824,0.23404136607787765,0.1,309.0945101139486,0.8094196072077834,28.890772859080005
2024-01-11 16:15:00,0.3690522807073404,0.42781575642609243,0.1,332.5390062433068,0.6855761347601497,27.916582040988672
2024-01-11 16:30:00,0.3485203573920381,0.5108676315495203,0.1,328.541098509239,0.5345676233658684,26.42124845361518
2024-01-11 16:45:00,0.3081857427989086,0.3235568135691548,0.1,346.2498324375345,0.5864341993321055,25.591807895202912
2024-01-11 17:00:00,0.23330689643387847,0.4185541151382439,0.1,344.5796160123723,0.5967588078848108,24.96850723038052
2024-01-11 17:15:00,0.19026366746695506,0.2940898306005533,0.1,371.2055466106167,0.5516044257312153,26.6287740977582
2024-01-11 17:30:00,0.110297543545147,0.6023203719914315,0.1,386.60826799935916,0.5536900540397469,20.690697119204344
2024-01-11 17:45:00,0.05619737500775286,0.3385231305691701,0.1,395.867440327253,0.6019112338472358,30.198428332537404
2024-01-11 18:00:00,1.1917232790599653e-16,0.36162421527298344,0.2,382.75428574524676,0.6102396156121802,25.787208064431606
2024-01-11 18:15:00,0.0,0.3726637465745653,0.2,426.0225112685397,0.532184866146464,23.609326140187186
2024-01-11 18:30:00,0.0,0.4828880917411197,0.2,385.98194214637704,0.48515790847987733,23.976006535883613
2024-01-11 18:45:00,0.0,0.6308055593541602,0.2,389.95228552053595,0.4270761367051304,22.760555815417636
2024-01-11 19:00:00,0.0,0.5234518623426317,0.2,352.3349986707441,0.41639017825092145,23.54005970586741
2024-01-11 19:15:00,0.0,0.4970260216580311,0.2,400.08850029046783,0.4638269968718188,19.989828937652852
2024-01-11 19:30:00,0.0,0.4194378133426998,0.2,413.76043571341734,0.41597862322504303,20.769637073592083
2024-01-11 19:45:00,0.0,0.583636363717317,0.2,402.3019346061232,0.3757292072660082,24.309964863616198
2024-01-11 20:00:00,0.0,0.6168175037758775,0.2,403.4530570166098,0.3944517355068662,20.67679777703182
2024-01-11 20:15:00,0.0,0.6477331319245478,0.2,400.93342843803947,0.3682570894668924,20.129755954440693
2024-01-11 20:30:00,0.0,0.5821526211532639,0.2,397.3385478257801,0.2978648422470376,18.463179915281994
2024-01-11 20:45:00,0.0,0.519606445221103,0.2,366.2845903074869,0.40895374987808486,20.720446507969644
2024-01-11 21:00:00,0.0,0.5048884053222459,0.05,407.93056365348303,0.3591259614293542,20.511744247400525
2024-01-11 21:15:00,0.0,0.5618032383465229,0.05,381.45343154280954,0.31595474080812436,18.63463606980362
2024-01-11 21:30:00,0.0,0.450653084578665,0.05,404.59820222844536,0.2796591004985077,17.21712612439558
2024-01-11 21:45:00,0.0,0.7331145293871375,0.05,427.88878449355497,0.3105278254446112,17.01090412600761
2024-01-11 22:00:00,0.0,0.33452931379950257,0.05,419.89858817786495,0.2,18.027258353428063
2024-01-11 22:15:00,0.0,0.5073989948050913,0.05,393.9555075253734,0.24970872850396944,14.037743368941006
2024-01-11 22:30:00,0.0,0.5711086719335093,0.05,391.56563101787947,0.2145425932660309,14.178887847421151
2024-01-11 22:45:00,0.0,0.6551635200862526,0.05,386.0885274295286,0.2,13.035182307231704
2024-01-11 23:00:00,0.0,0.5638672064084941,0.05,405.99135618306366,0.2,11.782716838967739
2024-01-11 23:15:00,0.0,0.5959879604786045,0.05,403.14421679017835,0.2,13.17649431709442
2024-01-11 23:30:00,0.0,0.6287522127610031,0.05,383.85859304259117,0.2,11.268019578179082
2024-01-11 23:45:00,0.0,0.5243679952761431,0.05,435.09356897182727,0.2,13.229479761781956
2024-01-12 00:00:00,0.0,0.4980412631946215,0.05,395.5345273351133,0.2,8.390481839355056
2024-01-12 00:15:00,0.0,0.5321020410346079,0.05,385.07944797123724,0.2,9.654617983143602
2024-01-12 00:30:00,0.0,0.6968030317212197,0.05,400.0049693703159,0.2,13.403174978511062
2024-01-12 00:45:00,0.0,0.5031460207228499,0.05,423.576445155487,0.2,11.286167521040243
2024-01-12 01:00:00,0.0,0.5606250718161228,0.05,418.0414503214497,0.2,9.455986065301646
2024-01-12 01:15:00,0.0,0.611023695197809,0.05,419.7289241553123,0.2,10.089355019496674
2024-01-12 01:30:00,0.0,0.6195321200505145,0.05,405.5700230261277,0.2,11.298816707926704
2024-01-12 01:45:00,0.0,0.6860238256663488,0.05,369.5162054318019,0.2,8.294797447319093
2024-01-12 02:00:00,0.0,0.5748345658670251,0.05,357.79791546755274,0.2,6.833258705997698
2024-01-12 02:15:00,0.0,0.6108983361484229,0.05,394.3453779739587,0.2,13.0669721183596
2024-01-12 02:30:00,0.0,0.5050843081919998,0.05,375.2619563229839,0.2,5.820919157704928
2024-01-12 02:45:00,0.0,0.3221837806173532,0.05,371.75460554114886,0.2,10.142533223079624
2024-01-12 03:00:00,0.0,0.41380262182989264,0.05,393.44370829833275,0.23406940001437648,9.950717114247745
2024-01-12 03:15:00,0.0,0.4649642684466028,0.05,376.01226560851524,0.2,7.51465563454474
2024-01-12 03:30:00,0.0,0.7052249745226561,0.05,400.5241622026382,0.2289076174321959,10.215963560445335
2024-01-12 03:45:00,0.0,0.47282205858158366,0.05,451.34183323728666,0.2,11.778748932311196
2024-01-12 04:00:00,0.0,0.6585124251648012,0.05,396.8960822653487,0.2,10.498845808852893
2024-01-12 04:15:00,0.0,0.6466203637878195,0.05,424.8346448974017,0.2,13.652564549712036
2024-01-12 04:30:00,0.0,0.44620093480786666,0.05,409.956928414844,0.2097927794854046,12.595383426591889
2024-01-12 04:45:00,0.0,0.37966234420883765,0.05,401.35196852171833,0.25993906912058773,10.532215783557056
2024-01-12 05:00:00,0.0,0.29144940595200186,0.05,414.7410288953999,0.24805536205075115,14.670161639640558
2024-01-12 05:15:00,0.0,0.4984062294896921,0.05,423.063762157901,0.2,10.841813119702861
2024-01-12 05:30:00,0.0,0.39153190307636565,0.05,441.9681286621408,0.24878455800764898,14.839430652735983
2024-01-12 05:45:00,0.0,0.5330910206123105,0.05,389.39234595621457,0.2773326050200309,14.572407203731377
2024-01-12 06:00:00,0.0,0.21255404269723369,0.05,413.65914270095544,0.36202787543136744,15.346114909159533
2024-01-12 06:15:00,0.06311053321383887,0.4241764271259715,0.05,398.24774065028066,0.28152580715703396,14.696547237536164
2024-01-12 06:30:00,0.11303483228479472,0.2517203717938921,0.05,398.56128872533793,0.2488982599779624,11.836564105155313
2024-01-12 06:45:00,0.1930336351229716,0.5278217972380677,0.05,346.0152513421604,0.349049532625988,17.32653013201937
2024-01-12 07:00:00,0.23687602329428978,0.31322028239245225,0.1,337.26874961058707,0.37781194526962264,16.60887627069803
2024-01-12 07:15:00,0.26957489890610964,0.3620505954834796,0.1,353.9242542055114,0.26531464689567236,18.819628590286445
2024-01-12 07:30:00,0.3599750364477018,0.38248186044937615,0.1,322.5152784011752,0.4189827752924723,21.570978114232787
2024-01-12 07:45:00,0.3995702053699512,0.1895022550047708,0.1,329.6035658900317,0.49975027875062783,19.342375109331073
2024-01-12 08:00:00,0.44626993524481007,0.22831709117558563,0.1,258.5341122202174,0.493017933447902,19.175083044629933
2024-01-12 08:15:00,0.5149170666236874,0.21892632081114738,0.1,282.8212945152676,0.410664319190774,21.355303942838017
2024-01-12 08:30:00,0.531416255521784,0.11553524986622923,0.1,293.77383649458085,0.40360709765502895,18.68568428127288
2024-01-12 08:45:00,0.6406086063366256,0.22337169348173513,0.1,251.83420776749585,0.47926296858495965,20.385394597705822
2024-01-12 09:00:00,0.625210175667769,0.2559201001763131,0.1,266.15284495697927,0.4547522426886501,21.927887263163935
2024-01-12 09:15:00,0.6485951145933264,0.35631258080728306,0.1,240.11441129447942,0.4868070005562957,24.889100912584517
2024-01-12 09:30:00,0.6865435108887004,0.14683023115050398,0.1,204.1621382048956,0.579381929743556,23.809973365279586
2024-01-12 09:45:00,0.7471027728339165,0.14243169722796423,0.1,227.39801548008924,0.454041899494269,19.86682593280777
2024-01-12 10:00:00,0.8083374357615953,0.25037015427520926,0.2,254.405417562166,0.5749242612762531,29.533006891165492
2024-01-12 10:15:00,0.8631513660922498,0.0,0.2,218.92599675644854,0.6217260566610033,26.740936033587047
2024-01-12 10:30:00,0.8872518415665331,0.09827512355817089,0.2,182.86949426530606,0.5448613739945382,24.30567067505061
2024-01-12 10:45:00,0.8916349392327543,0.032993110369089806,0.2,225.80795233633984,0.5997731625718292,25.14617748868509
2024-01-12 11:00:00,0.8446154079050262,0.0,0.2,209.86718222939612,0.6482825710949878,26.326720434400745
2024-01-12 11:15:00,0.9125958137704441,0.028322450051314785,0.2,185.64217357360826,0.5899657514757143,27.499690508538745
2024-01-12 11:30:00,0.8895449410669096,0.09710768876745599,0.2,200.56281949108705,0.6174734746984193,26.421662142609634
2024-01-12 11:45:00,0.9021228919643475,0.25868037604857885,0.2,234.60569656702765,0.6240194369243032,30.72198950532881
2024-01-12 12:00:00,0.9490785020842156,0.09461113378736925,0.2,167.4879188690389,0.7564006723987095,32.265963987914475
2024-01-12 12:15:00,0.9022745822116417,0.07915676768968045,0.2,213.09003869229778,0.6777315208612459,28.96411637837374
2024-01-12 12:30:00,0.8885466753462326,0.28003868477755456,0.2,180.31279437044134,0.6684055924885967,29.747932636506544
2024-01-12 12:45:00,0.9151661260380209,0.09157080483726096,0.2,168.24929075985892,0.6757554202161464,26.665834667803423
2024-01-12 13:00:00,0.8799373119992085,0.14008673734261806,0.2,204.54140999326327,0.7407865040958251,29.148790309392954
2024-01-12 13:15:00,0.9348162225429064,0.20635624234024152,0.2,235.83822622187532,0.7262784992422864,32.23147759646719
2024-01-12 13:30:00,0.890302623850495,0.04213498754454181,0.2,234.83783806357803,0.7142980282895562,29.051633349616473
2024-01-12 13:45:00,0.8528823207056478,0.14503320830705346,0.2,202.15538006330885,0.5845147830478613,30.67950125123857
2024-01-12 14:00:00,0.8292447618402222,0.20655477614106335,0.2,239.66578189160566,0.733101563220344,31.322157824187393
2024-01-12 14:15:00,0.7475072494702857,0.37144537366334496,0.2,235.9420044110221,0.7405511638404705,32.952516177048906
2024-01-12 14:30:00,0.7662508643774191,0.2564695744506002,0.2,227.94605673559718,0.5978538004161578,31.937017896879276
2024-01-12 14:45:00,0.6284986634212917,0.2435160087538783,0.2,252.1486307200347,0.716736931987629,28.903130870796705
2024-01-12 15:00:00,0.6473799261446783,0.20182333050895168,0.1,282.6573176311497,0.6819624557076601,28.96007106477276
2024-01-12 15:15:00,0.5498032905873983,0.2519187921284568,0.1,277.57451248787345,0.7254476370454728,28.33205668019763
2024-01-12 15:30:00,0.5541898279118977,0.2834553406830859,0.1,272.37501729541924,0.7341470238841841,27.919123126698825
2024-01-12 15:45:00,0.5291842298076161,0.25494010516199994,0.1,298.24296769068263,0.6052380372884378,28.975374483225742
2024-01-12 16:00:00,0.43204901717688826,0.3736027891721493,0.1,299.9778332975667,0.6214276758453603,30.67246102979734
2024-01-12 16:15:00,0.41445893375602194,0.5198431413494766,0.1,298.6150241701247,0.6508137055942764,26.926960359366042
2024-01-12 16:30:00,0.3226539656763907,0.2708250769411315,0.1,290.5580902106535,0.6051275733716358,25.90620087537181
2024-01-12 16:45:00,0.31740410633100924,0.43870631403590094,0.1,301.6937132711348,0.6785917874997158,30.654440206845898
2024-01-12 17:00:00,0.24431996499916353,0.1325137307207784,0.1,388.30259781523426,0.6100924258713832,28.642557136314288
2024-01-12 17:15:00,0.18218846800702065,0.48178182260440494,0.1,366.6911471728741,0.5110357008323135,22.925003841345994
2024-01-12 17:30:00,0.11954432271589784,0.4244062507447256,0.1,362.63515820001,0.6196044171201018,24.894687949303133
2024-01-12 17:45:00,0.05535055437351457,0.4003813151621038,0.1,371.8196618077151,0.575188536559076,26.02957872774007
2024-01-12 18:00:00,1.1285009333236568e-16,0.36750978047007393,0.2,420.4264350943583,0.5152116854172384,28.05703471989472
2024-01-12 18:15:00,0.0,0.40793598605152875,0.2,424.6485250214398,0.4214119506631865,23.369411868477613
2024-01-12 18:30:00,0.0,0.4908877583369534,0.2,395.2577981318294,0.5415662714291216,26.824965292839114
2024-01-12 18:45:00,0.0,0.37106923290683147,0.2,380.0523012232785,0.46841436643515755,22.524223678598666
2024-01-12 19:00:00,0.0,0.5701034610663598,0.2,397.29148286346003,0.4548148888144067,26.94009257052273
2024-01-12 19:15:00,0.0,0.32045728667309337,0.2,386.26752092614595,0.3764909922233311,23.734648698783758
2024-01-12 19:30:00,0.0,0.4017955005601017,0.2,431.4317352680161,0.506199180423649,22.493505818928295
2024-01-12 19:45:00,0.0,0.3570574265912857,0.2,383.80537540523125,0.4976064768351711,22.52954706194686
2024-01-12 20:00:00,0.0,0.39069757240168446,0.2,382.4398183812423,0.4287692484447615,20.18105018266064
2024-01-12 20:15:00,0.0,0.527021155891149,0.2,401.6879504405734,0.45481899341710813,15.092354373036697
2024-01-12 20:30:00,0.0,0.5778363088095169,0.2,368.86424862307365,0.28983831000906357,18.68015474137068
2024-01-12 20:45:00,0.0,0.4452919221078644,0.2,430.9328938355919,0.3245056469800926,16.463610764379712
2024-01-12 21:00:00,0.0,0.6165275848558852,0.05,406.59951668316774,0.2557879370258925,20.17353276462477
2024-01-12 21:15:00,0.0,0.545466428301227,0.05,414.6893634487881,0.35889051056015875,18.241659874453564
2024-01-12 21:30:00,0.0,0.5901478921769143,0.05,440.05998134944866,0.22726877070635187,18.11189854881634
2024-01-12 21:45:00,0.0,0.5897547669215493,0.05,366.5581495816195,0.2712043427642013,11.044186815498485
2024-01-12 22:00:00,0.0,0.5718198774080939,0.05,366.62123582668113,0.22355273411198168,14.8031650430352
2024-01-12 22:15:00,0.0,0.6699474034607505,0.05,446.408059529287,0.2920779137347262,13.18324546632392
2024-01-12 22:30:00,0.0,0.6394998976959083,0.05,410.5480374802858,0.21402994380057966,12.543613570107764
2024-01-12 22:45:00,0.0,0.7442676984222903,0.05,407.18580922923513,0.2,15.03990383034415
2024-01-12 23:00:00,0.0,0.48725606704792057,0.05,386.80646696048683,0.2,13.063691724384238
2024-01-12 23:15:00,0.0,0.7055105429717379,0.05,429.16273391820226,0.2014126649599704,12.958561508400336
2024-01-12 23:30:00,0.0,0.3942679279004434,0.05,425.5227957143817,0.2,12.097132378033399
2024-01-12 23:45:00,0.0,0.8160073812549455,0.05,381.8196078208363,0.2,11.85969085083586
2024-01-13 00:00:00,0.0,0.7373882240187647,0.05,402.10364520797964,0.2,13.540756428186741
2024-01-13 00:15:00,0.0,0.4375516389890194,0.05,383.0698790373742,0.2,9.289618345990892
2024-01-13 00:30:00,0.0,0.6861496994530731,0.05,391.0273884103262,0.2,14.206815329393866
2024-01-13 00:45:00,0.0,0.5099789438889778,0.05,390.6951274485601,0.2,12.439394590293176
2024-01-13 01:00:00,0.0,0.5734212754479259,0.05,386.1831437127887,0.2,10.857076439483977
2024-01-13 01:15:00,0.0,0.7742795780461351,0.05,421.77899576605455,0.2,7.729269952193704
2024-01-13 01:30:00,0.0,0.6452642762117446,0.05,393.7552359875266,0.2,15.620144131463714
2024-01-13 01:45:00,0.0,0.5048638363596946,0.05,401.4794867307474,0.2,11.007795197849683
2024-01-13 02:00:00,0.0,0.5958064901728656,0.05,404.7168185751033,0.2,9.428148916859731
2024-01-13 02:15:00,0.0,0.42082355666008386,0.05,411.5155197180537,0.2,9.464274136284406
2024-01-13 02:30:00,0.0,0.4046857192312745,0.05,387.9014024018082,0.2,8.107492634736431
2024-01-13 02:45:00,0.0,0.7250663516047332,0.05,393.33627348386057,0.2,8.705103696925335
2024-01-13 03:00:00,0.0,0.5007342958646764,0.05,421.86309537097975,0.2,6.3610258691200015
2024-01-13 03:15:00,0.0,0.5273157362030684,0.05,408.30467825099385,0.2,7.142414921050165
2024-01-13 03:30:00,0.0,0.583632700714221,0.05,390.3499739294237,0.27086472621885394,7.354296909990694
2024-01-13 03:45:00,0.0,0.5123007003765593,0.05,427.89944309221056,0.2,13.718529895423373
2024-01-13 04:00:00,0.0,0.5086536060895843,0.05,368.1031462126095,0.2,11.54002963546785
2024-01-13 04:15:00,0.0,0.4246352463715314,0.05,439.697573866215,0.2,12.040067785779401
2024-01-13 04:30:00,0.0,0.40554154903274664,0.05,393.5108083379255,0.2,11.843232231371855
2024-01-13 04:45:00,0.0,0.4876914787101775,0.05,400.3767730571689,0.2,10.400969755678988
2024-01-13 05:00:00,0.0,0.63459957326392,0.05,407.3005953040708,0.2,15.632451824864841
2024-01-13 05:15:00,0.0,0.45327322175428814,0.05,348.38647986692604,0.2,13.654858524418136
2024-01-13 05:30:00,0.0,0.5029377844175771,0.05,392.51656373875153,0.2,12.180680227908143
2024-01-13 05:45:00,0.0,0.5787617831151177,0.05,405.0438311791788,0.286991438676666,13.001716144505222
2024-01-13 06:00:00,0.0,0.3980252169841182,0.05,396.04273117612314,0.2505394987572583,15.94873713458093
2024-01-13 06:15:00,0.06080795654421536,0.4361641089369174,0.05,384.04942213497714,0.20154402296478185,14.0552321328244
2024-01-13 06:30:00,0.10626450306102708,0.3123303248803776,0.05,424.4394277284464,0.2435654499190523,15.351502073681116
2024-01-13 06:45:00,0.18839980299102668,0.4559896798898461,0.05,360.66058648923877,0.43984859017066247,13.048670911989323
2024-01-13 07:00:00,0.24372336902203562,0.2643722175998545,0.1,350.2668450464567,0.30209789227602607,18.8356694385714
2024-01-13 07:15:00,0.31322569363721753,0.21006407120960388,0.1,338.9927845323015,0.2868351439106229,17.216334429416055
2024-01-13 07:30:00,0.36430539701784437,0.23585441728692091,0.1,354.17382643743366,0.29741708739503353,18.072090731736523
2024-01-13 07:45:00,0.40653006939340336,0.31163705906624606,0.1,298.4208770299305,0.40228531891087455,19.739850992958576
2024-01-13 08:00:00,0.4749696959646405,0.316946041057894,0.1,304.1548816995532,0.4210810256571533,22.746853154545853
2024-01-13 08:15:00,0.5128005309342569,0.33129038607378786,0.1,284.0718445525469,0.41991849632369593,21.362646093768017
2024-01-13 08:30:00,0.5678983299045274,0.29041925261299595,0.1,277.8344157774616,0.4725102520181173,21.341720770432275
2024-01-13 08:45:00,0.6345415948124578,0.19907177488094102,0.1,315.96009426023255,0.4410814886480698,15.999440720791137
2024-01-13 09:00:00,0.6546999020340434,0.17367143902964927,0.1,268.9909407905582,0.4651624277378842,21.709491545408685
2024-01-13 09:15:00,0.7014854510442212,0.4575287818868724,0.1,241.7228519830069,0.47652160769021,20.640253701524607
2024-01-13 09:30:00,0.7842147323714506,0.3462359108657477,0.1,261.63950351696803,0.467742738968693,24.696469933612956
2024-01-13 09:45:00,0.7940558016272815,0.2057809916963998,0.1,231.44891422514416,0.46409980244529203,25.938264341998302
2024-01-13 10:00:00,0.7746540194206472,0.13859772454294506,0.2,210.28406938507717,0.5141207680269837,24.282187355421286
2024-01-13 10:15:00,0.6913241517417278,0.3028700187764664,0.2,230.85700453096604,0.5605937675823149,23.75269684570522
2024-01-13 10:30:00,0.8872944240837403,0.2657126392947015,0.2,204.03746090665348,0.5925214078732659,28.044767521387506
2024-01-13 10:45:00,0.9178605650664672,0.38292914761025554,0.2,231.21392229444805,0.6255222039688298,28.655311678377153
2024-01-13 11:00:00,0.8660704338181813,0.19773379208978106,0.2,214.58241783879438,0.614079885190974,27.859138572739482
2024-01-13 11:15:00,0.9004042569829572,0.3412777240564251,0.2,179.11228561511714,0.5426755937204932,23.548208510581144
2024-01-13 11:30:00,0.886104630394374,0.04260293569705775,0.2,230.91146036472173,0.6289949134092111,27.059565223061565
2024-01-13 11:45:00,0.843587652061114,0.15226599012213984,0.2,185.47270062021485,0.5475764610517989,30.63373433357344
2024-01-13 12:00:00,0.8791007317158617,0.25172565583537515,0.2,205.24668487777078,0.6726816053326238,28.93734954621664
2024-01-13 12:15:00,0.9202330994443201,0.11678975491645445,0.2,192.51415924519836,0.6752483904862286,27.66934273059517
2024-01-13 12:30:00,0.8553312960921385,0.31454994284817783,0.2,182.71906955821473,0.6021428155210924,25.146018147759342
2024-01-13 12:45:00,0.9023307516710588,0.20280804102799788,0.2,203.7783630183818,0.6505338407940379,27.921996785599454
2024-01-13 13:00:00,0.9198894649505376,0.23869270873673382,0.2,208.0784019348002,0.6956744198363923,29.04016666077453
2024-01-13 13:15:00,0.7627104982517188,0.12194488253805144,0.2,215.97028766189356,0.7111404225988505,27.307462217791166
2024-01-13 13:30:00,0.8824089238868495,0.11755164619378608,0.2,201.03305341317565,0.6536081055237031,29.219444446671016
2024-01-13 13:45:00,0.8332341712718708,0.322199252022259,0.2,196.5920296073819,0.7330883987499589,31.922237581861943
2024-01-13 14:00:00,0.7352616196637739,0.171862429291588,0.2,234.0505573359468,0.7285302497437522,31.363856832838856
2024-01-13 14:15:00,0.7785298214983387,0.1820605727713085,0.2,274.531051904911,0.7104054637080941,35.88333360125394
2024-01-13 14:30:00,0.735177675629834,0.1515775048595925,0.2,271.9432909783952,0.7901931913151901,29.135132415329497
2024-01-13 14:45:00,0.6730111094086698,0.23046906564241348,0.2,224.1384398669245,0.6754644765328567,27.705182874454156
2024-01-13 15:00:00,0.5944093602619899,0.3132100444722671,0.1,251.00219964533102,0.666147496834535,34.197519597368704
2024-01-13 15:15:00,0.5836499246638305,0.3141189639460985,0.1,277.0572775190671,0.728768466922604,28.635464217184673
2024-01-13 15:30:00,0.5813791008677349,0.3459783329142182,0.1,286.201100594255,0.6468272171171223,26.62685518726613
2024-01-13 15:45:00,0.5109072855969122,0.1563018717676441,0.1,282.15997563533006,0.7137173754300197,27.104430306226448
2024-01-13 16:00:00,0.4741657426955819,0.1041804090263766,0.1,282.2529982117021,0.684247758633808,29.78468590903258
2024-01-13 16:15:00,0.40649543292357804,0.10034288843855449,0.1,287.96227393964944,0.6141944100000828,28.437252042235244
2024-01-13 16:30:00,0.3341995397306715,0.13601558835942884,0.1,325.6827436881026,0.5827961660449803,30.40278005755948
2024-01-13 16:45:00,0.3137450550896333,0.4169396616979101,0.1,331.15019468424794,0.6989718689388954,30.45717345323354
2024-01-13 17:00:00,0.24582431812181876,0.3744503320785473,0.1,329.4364863755433,0.5430931323004723,28.702751609797694
2024-01-13 17:15:00,0.18378741489835806,0.22729898419918643,0.1,297.7560423416097,0.6082810908866982,24.113476832145196
2024-01-13 17:30:00,0.12862090564553214,0.4009126183401988,0.1,355.35101352773376,0.6081379176074035,26.66658766360763
2024-01-13 17:45:00,0.061821569145961354,0.14047012114177282,0.1,355.4904509802224,0.5726340218919622,26.024759641565215
2024-01-13 18:00:00,1.1404132418424957e-16,0.332659225992152,0.2,398.6364850219241,0.5448105256826203,24.364930906320268
2024-01-13 18:15:00,0.0,0.5690111645557948,0.2,402.3227821820803,0.5172594864682851,28.46380894719483
2024-01-13 18:30:00,0.0,0.41789449603514267,0.2,410.7937052743906,0.551326821082086,22.12032669976755
2024-01-13 18:45:00,0.0,0.4270346971714733,0.2,405.64950330111384,0.447300858159201,19.833779125853948
2024-01-13 19:00:00,0.0,0.4061194553279539,0.2,414.94903319883923,0.5046400830120601,24.148987305695655
2024-01-13 19:15:00,0.0,0.5371399336973023,0.2,364.830357934664,0.38296699336842943,19.18901401117881
2024-01-13 19:30:00,0.0,0.44225728391510555,0.2,391.8669124073278,0.5396796056034187,20.787314675079145
2024-01-13 19:45:00,0.0,0.3141238248107573,0.2,400.3445046833517,0.4282035872514423,22.35960549172488
2024-01-13 20:00:00,0.0,0.6949063313425163,0.2,448.78796073275095,0.32734755084004535,19.529974120975126
2024-01-13 20:15:00,0.0,0.558243636458473,0.2,393.37332368527495,0.33723782687963166,22.17895548824461
2024-01-13 20:30:00,0.0,0.39039217225702066,0.2,414.7158972029884,0.3908765322629235,20.853791414753672
2024-01-13 20:45:00,0.0,0.5349376975611242,0.2,394.5186057928124,0.28960721726560024,15.053433307899802
2024-01-13 21:00:00,0.0,0.5605672733921164,0.05,381.978085779487,0.407518503360514,17.31250956557801
2024-01-13 21:15:00,0.0,0.5659845604926035,0.05,390.07919779174284,0.26148676286267947,22.030500481913172
2024-01-13 21:30:00,0.0,0.7386645782400036,0.05,414.22026642453216,0.30317094994400096,16.55893999174826
2024-01-13 21:45:00,0.0,0.4465779090968183,0.05,414.01952610689926,0.26760673144789987,13.28320366922021
2024-01-13 22:00:00,0.0,0.36745140999823844,0.05,390.7659668071441,0.2202463103245008,17.779999702276275
2024-01-13 22:15:00,0.0,0.6079195702338618,0.05,412.875651112873,0.20197295598731105,12.328012204089758
2024-01-13 22:30:00,0.0,0.5794320297946167,0.05,396.6598910582662,0.20550202223110123,14.280820292445796
2024-01-13 22:45:00,0.0,0.7113472073261796,0.05,378.5697350501039,0.2,16.27719106286607
2024-01-13 23:00:00,0.0,0.8131023276017766,0.05,400.5682207887095,0.2,13.703779041998384
2024-01-13 23:15:00,0.0,0.5573827436034998,0.05,420.07775568622617,0.2,10.566005803349688
2024-01-13 23:30:00,0.0,0.6306341531664966,0.05,387.4721900119123,0.2,8.546990432755893
2024-01-13 23:45:00,0.0,0.5420043515410304,0.05,402.82286289015644,0.23870306191563168,11.490007711928266
2024-01-14 00:00:00,0.0,0.600178408190774,0.05,400.24474845641964,0.2,12.971221145906542
2024-01-14 00:15:00,0.0,0.6852644365307141,0.05,417.44037881624917,0.2,11.333209071444966
2024-01-14 00:30:00,0.0,0.5711028803954666,0.05,377.6858815641234,0.2,8.045438707642594
2024-01-14 00:45:00,0.0,0.641756928081992,0.05,393.9255662199576,0.2,7.9820695951955285
2024-01-14 01:00:00,0.0,0.5195228775300179,0.05,384.6438299536006,0.2,8.342631056648457
2024-01-14 01:15:00,0.0,0.5355549615793207,0.05,389.5174208890681,0.2,9.594018456523608
2024-01-14 01:30:00,0.0,0.6781527147927542,0.05,402.37998095372916,0.2,12.189245851420985
2024-01-14 01:45:00,0.0,0.5378855040691817,0.05,376.46938972744744,0.2,8.511925030135137
2024-01-14 02:00:00,0.0,0.6173697659837657,0.05,390.9644493098286,0.2,11.4340042999218
2024-01-14 02:15:00,0.0,0.6061819340004213,0.05,370.00210676406414,0.2,10.412009551704296
2024-01-14 02:30:00,0.0,0.6259772695221706,0.05,380.1145840081869,0.2,7.436506328489658
2024-01-14 02:45:00,0.0,0.3801180621673437,0.05,388.73429811969055,0.2,9.709884316343947
2024-01-14 03:00:00,0.0,0.3217777555203062,0.05,360.81232781262247,0.2,9.68202296416628
2024-01-14 03:15:00,0.0,0.6069879228113041,0.05,390.00002238510484,0.2,12.059095050794047
2024-01-14 03:30:00,0.0,0.5809704195234325,0.05,380.6295567962518,0.2,9.945743989719482
2024-01-14 03:45:00,0.0,0.6532886188733203,0.05,397.96915936494133,0.20321686637497044,12.188425217694709
2024-01-14 04:00:00,0.0,0.4188954121093704,0.05,379.3204236009894,0.2,9.381402433212218
2024-01-14 04:15:00,0.0,0.45403416140889663,0.05,431.3772046669744,0.2,16.090453391944365
2024-01-14 04:30:00,0.0,0.47003201538453876,0.05,401.5092652428883,0.24150436358144017,9.988484495393937
2024-01-14 04:45:00,0.0,0.40721377301088024,0.05,382.9131352836709,0.2,14.873455040608022
2024-01-14 05:00:00,0.0,0.497972526466912,0.05,406.15133274399903,0.2,11.710401640199871
2024-01-14 05:15:00,0.0,0.38081940104281786,0.05,401.60270221624506,0.2,12.841676679405106
2024-01-14 05:30:00,0.0,0.4925667490878605,0.05,426.37800337249195,0.2,16.10353484271024
2024-01-14 05:45:00,0.0,0.43637990261175125,0.05,401.96295710790577,0.20468663097386164,12.510811490258705
2024-01-14 06:00:00,0.0,0.4128116254596381,0.05,408.4569239396354,0.2928836636610359,13.998061218051046
2024-01-14 06:15:00,0.057580019527736344,0.4364895073690583,0.05,395.0569879881484,0.2576490034225916,15.057645341111554
2024-01-14 06:30:00,0.11371150421803422,0.3223342291263326,0.05,352.5344100895288,0.2707394231256578,15.386922900666095
2024-01-14 06:45:00,0.1748217444347362,0.3355349271318366,0.05,346.54497864060335,0.3616094579337189,17.501575749374695
2024-01-14 07:00:00,0.24074421202834537,0.42151162171220447,0.1,378.26138703458906,0.2637333397666779,18.694973780891416
2024-01-14 07:15:00,0.26061592682582163,0.18623469449238375,0.1,367.8483990344704,0.37937528654014024,17.437052137676165
2024-01-14 07:30:00,0.32986301846534405,0.3488753880518965,0.1,330.28823053852926,0.4469603151390532,17.40116535241188
2024-01-14 07:45:00,0.42257772962847584,0.3843174672592647,0.1,307.3399749265515,0.30998048545609685,17.14084769773148
2024-01-14 08:00:00,0.47917389231296953,0.2415148837647416,0.1,305.8984912722573,0.35204158668129054,22.431313469746353
2024-01-14 08:15:00,0.5049780767231177,0.2620244445081577,0.1,278.6379350565558,0.400003329341465,18.464091211394116
2024-01-14 08:30:00,0.5623040189473083,0.3667832896119558,0.1,268.558130783308,0.41672875122842723,21.245768722598285
2024-01-14 08:45:00,0.5875302351825542,0.4354513794740765,0.1,277.9342636555653,0.42356186768620463,23.255970930934392
2024-01-14 09:00:00,0.6807665250636697,0.20321034194537163,0.1,267.6263116413435,0.520857558641719,21.630263092249205
2024-01-14 09:15:00,0.6266604811977979,0.29316683621660256,0.1,248.08875355172475,0.5227428317936743,21.459444897327455
2024-01-14 09:30:00,0.7276509038393952,0.20395254761682333,0.1,257.17702785514075,0.5394647788087168,24.910886589941633
2024-01-14 09:45:00,0.7918604069470851,0.287178852180945,0.1,217.90145258433574,0.4572032177040938,23.123115865808682
2024-01-14 10:00:00,0.85794859333988,0.09565611673461191,0.2,239.95928960424834,0.5433082012083483,26.356010577680856
2024-01-14 10:15:00,0.7896906633818292,0.16717472782774978,0.2,179.30971115070417,0.5268220440428144,25.635534471995737
2024-01-14 10:30:00,0.8636013181849799,0.13077639628993432,0.2,204.4629643301087,0.5949118824814238,23.2613266775068
2024-01-14 10:45:00,0.906303769132435,0.1933675483772254,0.2,232.09273032125864,0.5960948604529728,27.892876475077742
2024-01-14 11:00:00,0.8961777717632595,0.13971512275272113,0.2,221.82442776102732,0.6438110895464991,26.69239458102306
2024-01-14 11:15:00,0.9605180912105463,0.10537513294166517,0.2,210.96806818101737,0.6696225016231924,26.627806566648196
2024-01-14 11:30:00,0.9519567513635215,0.35402155154609327,0.2,189.8580476468385,0.6542197219257162,23.707567266907365
2024-01-14 11:45:00,0.9514839705919615,0.19967429663722125,0.2,229.96108156781006,0.6698419659517032,28.32815543685407
2024-01-14 12:00:00,0.9280837668491905,0.230959818296178,0.2,186.64030531787316,0.6422357676239242,31.43580778292171
2024-01-14 12:15:00,0.8153344329119055,0.08666163887087033,0.2,173.5067168477041,0.7424059401827839,30.59729306278807
2024-01-14 12:30:00,0.7958240393349031,0.25585358214981413,0.2,222.87178130907787,0.637902569775278,30.210302510085942
2024-01-14 12:45:00,0.8652252653046815,0.17825855980094266,0.2,232.43765602685124,0.6698301009565645,31.838489812884262
2024-01-14 13:00:00,0.901233710744458,0.22765755514877295,0.2,174.19710743863354,0.6001179277054707,30.12591549164665
2024-01-14 13:15:00,0.7960631688429004,0.25574546679604626,0.2,216.25751370282646,0.7446261553688205,26.484306487846986
2024-01-14 13:30:00,0.7717984403640814,0.07346633641829828,0.2,228.52807904080146,0.7076675071846183,35.04046080386782
2024-01-14 13:45:00,0.7976059524806964,0.13601221620790954,0.2,204.03622394140237,0.7073335299480839,29.49512520843141
2024-01-14 14:00:00,0.8023028082859089,0.14463863074315153,0.2,211.56052816079918,0.6819244259619753,30.941551732542
2024-01-14 14:15:00,0.780459672211878,0.25442026235396564,0.2,229.8749285073896,0.7347937557690744,31.20684281079158
2024-01-14 14:30:00,0.7694829604412803,0.31629902407179256,0.2,226.13900551973336,0.6468720181357074,29.56124179494689
2024-01-14 14:45:00,0.7178070125061723,0.29979112568313326,0.2,244.2575296461186,0.6867590885769101,27.22550605724972
2024-01-14 15:00:00,0.601267884757691,0.35556255539980514,0.1,253.23933057393373,0.7060985056231209,27.27016863007114
2024-01-14 15:15:00,0.600380528853616,0.2651443501658526,0.1,287.7272138356102,0.6902549826686776,28.65404333955801
2024-01-14 15:30:00,0.5956014394631406,0.38690127830828613,0.1,266.16627350669955,0.718936256714868,28.356743735472353
2024-01-14 15:45:00,0.4731561417985559,0.2604314668325906,0.1,316.4348758240204,0.5724964063135256,28.688250002921677
2024-01-14 16:00:00,0.4521876012510246,0.14961870510157793,0.1,292.7482662444563,0.6670731639033989,33.68738886584379
2024-01-14 16:15:00,0.4122798436645725,0.11637576994955481,0.1,328.0124005245174,0.7425110995343792,25.986142801137735
2024-01-14 16:30:00,0.36623069513489015,0.3107115526609122,0.1,318.4373008658683,0.6831155370545902,26.353809997605076
2024-01-14 16:45:00,0.29870518567532073,0.15248304116706285,0.1,293.80504354808113,0.6274607247007916,29.128398828746455
2024-01-14 17:00:00,0.22418478128811564,0.45292784807090114,0.1,338.65974355743595,0.6046576150259079,24.73887942420631
2024-01-14 17:15:00,0.17391209579124656,0.25090186465391623,0.1,368.4231757261699,0.5599111950693196,27.269590890058407
2024-01-14 17:30:00,0.1225595505622063,0.5595466046154143,0.1,379.16404987163406,0.6435678972625413,26.95988741000319
2024-01-14 17:45:00,0.05751165036723649,0.6816913274059324,0.1,403.4849245860673,0.5396862634666334,30.006458214589294
2024-01-14 18:00:00,1.1525576940716908e-16,0.502638305857914,0.2,426.1694503968089,0.5794370793307443,22.86917690353418
2024-01-14 18:15:00,0.0,0.5087726107026984,0.2,450.15281900901675,0.5100843288805407,22.422540713292815
2024-01-14 18:30:00,0.0,0.2437291319086822,0.2,413.63222717637825,0.4423378200266379,23.418425185034284
2024-01-14 18:45:00,0.0,0.45414731877827175,0.2,351.2640652057623,0.5093231998559712,27.75090476544911
2024-01-14 19:00:00,0.0,0.40933524079761296,0.2,374.6605097817263,0.4118075473998965,21.254946457363037
2024-01-14 19:15:00,0.0,0.3932683068067582,0.2,394.48012353978646,0.4492533680720247,19.69728948799227
2024-01-14 19:30:00,0.0,0.4623639790138463,0.2,404.19638919054296,0.48818470694555355,18.878714198061882
2024-01-14 19:45:00,0.0,0.5608218748475011,0.2,424.70402862608626,0.48678862544290874,19.47264673249833
2024-01-14 20:00:00,0.0,0.5192243058141571,0.2,416.52770679509854,0.4256643969061432,22.009066669876603
2024-01-14 20:15:00,0.0,0.5768711048569397,0.2,392.4725351813903,0.47174295457924637,19.775476979459203
2024-01-14 20:30:00,0.0,0.4091472527317688,0.2,413.11360326829475,0.3793374148925011,15.519123690066648
2024-01-14 20:45:00,0.0,0.5261582446802107,0.2,403.0571596154973,0.342815502631739,16.240655459242745
2024-01-14 21:00:00,0.0,0.5544820763087719,0.05,428.7618082503663,0.2744053814846135,20.16093225077607
2024-01-14 21:15:00,0.0,0.5393005969817259,0.05,421.27514117020246,0.21892462904385124,18.6630318035615
2024-01-14 21:30:00,0.0,0.3712294330769027,0.05,402.46752782304065,0.3080422504348173,15.333521165949964
2024-01-14 21:45:00,0.0,0.6495750235932631,0.05,435.6500569099059,0.26661711072743605,15.908369845113466
2024-01-14 22:00:00,0.0,0.6171151393389859,0.05,404.8159565780558,0.25524874303625017,13.744075554526574
2024-01-14 22:15:00,0.0,0.619828563598528,0.05,431.76668679171837,0.2,15.918531381070743
2024-01-14 22:30:00,0.0,0.630916509927628,0.05,380.3785894593171,0.28083064341750685,16.712519024244024
2024-01-14 22:45:00,0.0,0.6549525015294867,0.05,374.2322702921208,0.2,10.837287533097292
2024-01-14 23:00:00,0.0,0.6983563960063272,0.05,429.63763581122976,0.2,12.261298509415877
2024-01-14 23:15:00,0.0,0.5540077671548376,0.05,388.7965760656839,0.2,10.69881734969947
2024-01-14 23:30:00,0.0,0.4968078880857506,0.05,374.7005965653725,0.2,12.887913530395277
2024-01-14 23:45:00,0.0,0.5424314197425258,0.05,388.7974000259723,0.2,10.337653335814762
2024-01-15 00:00:00,0.0,0.6434974727018477,0.05,385.3946951584072,0.2,13.42943856113048
2024-01-15 00:15:00,0.0,0.6679469372620488,0.05,394.5439935163825,0.2,14.405893005214125
2024-01-15 00:30:00,0.0,0.5031649297577965,0.05,395.5465216450535,0.24460631679548223,7.9845636517842244
2024-01-15 00:45:00,0.0,0.5630426845063321,0.05,386.6326500811001,0.2,10.038034464015091
2024-01-15 01:00:00,0.0,0.745311950986228,0.05,397.5211055742907,0.2,10.252168365684499
2024-01-15 01:15:00,0.0,0.8804282613316743,0.05,366.88608956032385,0.2,6.8281763520224095
2024-01-15 01:30:00,0.0,0.67200555597939,0.05,402.73807030879607,0.2225432011717977,10.103726083773173
2024-01-15 01:45:00,0.0,0.5331459872393307,0.05,375.4049088213923,0.2,9.574356748800973
2024-01-15 02:00:00,0.0,0.5931885106772932,0.05,388.4406275034038,0.2,7.635134653345453
2024-01-15 02:15:00,0.0,0.5565010310691201,0.05,424.5765723628331,0.2,10.060593344855148
2024-01-15 02:30:00,0.0,0.3541111511790445,0.05,366.1377134762896,0.2,9.54944555413722
2024-01-15 02:45:00,0.0,0.6532999331407205,0.05,393.43935415489835,0.2,12.707212539554904
2024-01-15 03:00:00,0.0,0.5226594652407204,0.05,395.0022491747706,0.2,12.14744796984898
2024-01-15 03:15:00,0.0,0.33015401359889407,0.05,410.3768780203894,0.2,8.60419657417999
2024-01-15 03:30:00,0.0,0.5237351020219294,0.05,400.05505223691205,0.2,9.796205731580702
2024-01-15 03:45:00,0.0,0.6050835978624196,0.05,383.8325142634156,0.2,11.63250829706143
2024-01-15 04:00:00,0.0,0.42250758263825333,0.05,405.5129623103077,0.2,12.766029919140243
2024-01-15 04:15:00,0.0,0.4707847589653209,0.05,403.3250590556743,0.2,10.982164825623622
2024-01-15 04:30:00,0.0,0.4188350764144951,0.05,388.04718913894607,0.23594064385996616,12.61465540745747
2024-01-15 04:45:00,0.0,0.4525965490655875,0.05,399.7886293676774,0.2,10.161746820123449
2024-01-15 05:00:00,0.0,0.490523488355213,0.05,389.5167019102289,0.24716384639006317,12.901614903999567
2024-01-15 05:15:00,0.0,0.4977897413271925,0.05,410.41344284689035,0.20257638588405538,14.719486912307872
2024-01-15 05:30:00,0.0,0.40844913923856974,0.05,395.48002030384293,0.23613337504800408,13.636405059760417
2024-01-15 05:45:00,0.0,0.39001224895769915,0.05,377.06790646318547,0.2,13.055407938788873
2024-01-15 06:00:00,0.0,0.5201233040464739,0.05,366.1400251750782,0.25378643967280334,13.723898224399735
2024-01-15 06:15:00,0.060981800773571855,0.5247967623522505,0.05,401.5405815364386,0.333478548740914,16.797670878016913
2024-01-15 06:30:00,0.10923801568242236,0.3432032614142513,0.05,392.1567688513042,0.36006944615805714,13.921433223090862
2024-01-15 06:45:00,0.163045560320375,0.3739649497928455,0.05,395.94481261776264,0.30685182835286,14.966065992991492
2024-01-15 07:00:00,0.24374132585590697,0.12956700542268892,0.1,342.5209684784631,0.3626178260012125,18.8585960833536
2024-01-15 07:15:00,0.315480484162237,0.3473154117827822,0.1,300.72240216035095,0.30420045665735407,17.633130955414465
2024-01-15 07:30:00,0.33131357421090996,0.39319334775583603,0.1,328.91354103379615,0.33539912484382434,19.846313291597983
2024-01-15 07:45:00,0.3812685453376652,0.23454197919258382,0.1,298.92400484442385,0.401044657388578,21.258012729302457
2024-01-15 08:00:00,0.42585466373543346,0.1529408709036037,0.1,300.3418999195907,0.4372312616675599,17.73590790287085
2024-01-15 08:15:00,0.5144208406910886,0.30509903914303166,0.1,265.0183568493568,0.4682904284461593,18.988405945014307
2024-01-15 08:30:00,0.5624510742173976,0.26241040299327145,0.1,245.0704286525951,0.5104624107484326,18.443548025439334
2024-01-15 08:45:00,0.6315660863493828,0.34466373655659455,0.1,262.0255476647767,0.45466002936413336,20.633602801072474
2024-01-15 09:00:00,0.6731566264942682,0.2346843881299746,0.1,254.6546731734236,0.5420638915786572,23.140942743002125
2024-01-15 09:15:00,0.7364678965350184,0.1196268276802292,0.1,235.9445942926432,0.4507940605448129,20.766008839721714
2024-01-15 09:30:00,0.7500288571162782,0.2237038088419755,0.1,241.79190150366378,0.46199770931316914,18.498529522511927
2024-01-15 09:45:00,0.7487634636242397,0.15122178109527384,0.1,236.93383952265395,0.49648401640996287,23.907528399352195
2024-01-15 10:00:00,0.7568798389715276,0.25384083455201567,0.2,237.3069929137078,0.5146403695612299,21.12385001219163
2024-01-15 10:15:00,0.8194346794669628,0.37289800348333413,0.2,194.6091374388066,0.42516979717189907,24.13023740428698
2024-01-15 10:30:00,0.8146840517677667,0.3786503655466781,0.2,213.079269693112,0.5798776063110923,23.65512663193263
2024-01-15 10:45:00,0.8655653432883561,0.12960679106409664,0.2,245.2963552003002,0.6393809257868442,26.8177411239397
2024-01-15 11:00:00,0.8880158041877267,0.3095556991326744,0.2,246.32297525415987,0.6819160216358102,27.490247190917795
2024-01-15 11:15:00,0.8743646925609743,0.30842663651404745,0.2,194.98692080510926,0.7005013097485508,29.322780524741837
2024-01-15 11:30:00,0.9204838592145942,0.07806116922269882,0.2,203.2566007793674,0.6960102072916596,28.15691997301057
2024-01-15 11:45:00,0.8897589304597745,0.19556872531411365,0.2,173.8507532381441,0.6085949315886526,30.19216829272821
2024-01-15 12:00:00,0.9361523479688253,0.3005916757135375,0.2,208.0322195705449,0.6871960182870934,30.313887501625246
2024-01-15 12:15:00,0.9471414771555962,0.0,0.2,192.2858385827295,0.7117706545134292,30.24609600171469
2024-01-15 12:30:00,0.9602651774102517,0.2799409080733199,0.2,201.78639520943574,0.7136368146931137,29.370503333282688
2024-01-15 12:45:00,0.8865663541308787,0.0,0.2,201.96272031693934,0.606466203378422,28.829198566618125
2024-01-15 13:00:00,0.9066063457643151,0.1800444427274721,0.2,225.6011776408851,0.5752416860797989,31.273105227106676
2024-01-15 13:15:00,0.8320045972989968,0.14693296694385127,0.2,215.94711978790406,0.7378685160969068,27.384335795273962
2024-01-15 13:30:00,0.8999424988228142,0.17957617757788372,0.2,202.39449268552374,0.6753771148856503,27.229010491018986
2024-01-15 13:45:00,0.7784999196158463,0.06400235960226489,0.2,218.64549635161887,0.7165002840311849,26.53726270599214
2024-01-15 14:00:00,0.7678361983368147,0.2610459591121757,0.2,207.41706524433866,0.7180835628662106,29.60835675009945
2024-01-15 14:15:00,0.7039194299655662,0.2658252393289615,0.2,194.08936282326698,0.8236635944685842,33.399898820380436
2024-01-15 14:30:00,0.7062358832480966,0.36414000472559166,0.2,215.2546760448613,0.6841758717967391,29.336829118787623
2024-01-15 14:45:00,0.7053315983382386,0.22796101019549597,0.2,248.29652299509303,0.674227328576172,29.4312186482207
2024-01-15 15:00:00,0.6682123387196648,0.324698801611225,0.1,236.68642696289552,0.6800600668510224,31.531982047412132
2024-01-15 15:15:00,0.5975052163896112,0.2769013433407869,0.1,330.08049444697366,0.6302860203146575,26.819244180684294
2024-01-15 15:30:00,0.6010675751185673,0.17624801673928003,0.1,247.66625850596677,0.6135403085790347,28.26490966050369
2024-01-15 15:45:00,0.5276347694042699,0.18656197138421737,0.1,300.4169359905029,0.726544373250053,29.044146409600454
2024-01-15 16:00:00,0.4975252377083147,0.34466054147115843,0.1,314.76881465801125,0.6658864183185457,29.702133109733243
2024-01-15 16:15:00,0.39940044487837184,0.2631300799718148,0.1,304.00105414554565,0.667264173096072,26.335056594339434
2024-01-15 16:30:00,0.3362225233762669,0.2892687037354246,0.1,336.24638286160746,0.6271736492515161,30.874230437992885
2024-01-15 16:45:00,0.3049257463956975,0.3053906890184423,0.1,335.94770414288644,0.7171423032549958,28.20270141766494
2024-01-15 17:00:00,0.24565431619653005,0.4110989357995355,0.1,346.8906248719939,0.6330077320835947,28.168623597345157
2024-01-15 17:15:00,0.17318045859444603,0.46224625769983974,0.1,353.334333217,0.6778240215639982,29.637114294792966
2024-01-15 17:30:00,0.10876051680857804,0.3779368592432017,0.1,398.27615031639886,0.5808221884922994,27.898171273362337
2024-01-15 17:45:00,0.06003342163501869,0.5023069869308434,0.1,399.0571915398922,0.6531678631379187,27.29851971400869
2024-01-15 18:00:00,1.1587392394003852e-16,0.41801328650042385,0.2,431.5694654952371,0.6686348771812346,20.9777479580374
2024-01-15 18:15:00,0.0,0.46871812015462466,0.2,381.13395568496634,0.563381453504636,20.876980283110754
2024-01-15 18:30:00,0.0,0.5774626821350939,0.2,411.49957879134615,0.47987126950926745,26.564971121366696
2024-01-15 18:45:00,0.0,0.3917801841702538,0.2,376.97655565166866,0.5011834104937349,27.632276090706576
2024-01-15 19:00:00,0.0,0.38988447795373926,0.2,417.982312253234,0.5275759224131098,24.705511943483078
2024-01-15 19:15:00,0.0,0.6876284227522684,0.2,398.4688004080492,0.4710705383601746,21.918858885589138
2024-01-15 19:30:00,0.0,0.4457967004875953,0.2,395.08190881553304,0.40465470034110107,16.701053375423886
2024-01-15 19:45:00,0.0,0.5081098074011317,0.2,397.142309967567,0.3780984860204239,22.220469910456167
2024-01-15 20:00:00,0.0,0.6252169635710527,0.2,427.3897994007243,0.30242413726470213,19.29916850295832
2024-01-15 20:15:00,0.0,0.6365576996367065,0.2,396.6347158121277,0.37067273295235287,19.99963015511668
2024-01-15 20:30:00,0.0,0.5435820773209701,0.2,425.9791978054113,0.3779452315084981,19.99371415534332
2024-01-15 20:45:00,0.0,0.7431913412386256,0.2,358.61604918119116,0.3939592458656079,19.43081578643483
2024-01-15 21:00:00,0.0,0.47215755346968563,0.05,390.1135335491073,0.27882261120147167,16.766216639465856
2024-01-15 21:15:00,0.0,0.47498668728537524,0.05,363.87821054036397,0.2813663818556413,18.812610846529335
2024-01-15 21:30:00,0.0,0.6605842082601896,0.05,412.0461583805287,0.2315365492198514,13.94019119617299
2024-01-15 21:45:00,0.0,0.47204232926996936,0.05,399.9060955604352,0.3124652900163114,17.518424176980922
2024-01-15 22:00:00,0.0,0.505319243784299,0.05,429.1448336056288,0.2821109443457429,16.726063974278457
2024-01-15 22:15:00,0.0,0.6671313123646245,0.05,404.9587022592397,0.3162084945312815,12.248271958995861
2024-01-15 22:30:00,0.0,0.7327719300662915,0.05,410.321694299846,0.20178979137040376,13.711194827510848
2024-01-15 22:45:00,0.0,0.7331629382541278,0.05,359.89880170200496,0.2,10.014402446879663
2024-01-15 23:00:00,0.0,0.5885286996557527,0.05,403.4301892451441,0.2,10.738034337962684
2024-01-15 23:15:00,0.0,0.5928005492340364,0.05,419.8687106530253,0.20912915927599865,11.32107927974758
2024-01-15 23:30:00,0.0,0.5635978084952971,0.05,422.17101661480433,0.2,10.779907481963011
2024-01-15 23:45:00,0.0,0.4894334580504548,0.05,415.35430162355084,0.2,10.832927329266044
2024-01-16 00:00:00,0.0,0.6374362361424366,0.05,395.1535214830139,0.2,12.052674120430197
2024-01-16 00:15:00,0.0,0.7292360523703924,0.05,414.05449423133564,0.2,7.169692858425068
2024-01-16 00:30:00,0.0,0.5058570717910024,0.05,401.73804387247424,0.2,13.513904196030357
2024-01-16 00:45:00,0.0,0.5727799018259074,0.05,392.9473734188414,0.2,10.308747129792247
2024-01-16 01:00:00,0.0,0.6858089034251055,0.05,383.5449293347152,0.2,12.604603119426292
2024-01-16 01:15:00,0.0,0.5746493359648952,0.05,394.83677440621886,0.2,11.722137319259215
2024-01-16 01:30:00,0.0,0.4805743579013988,0.05,394.3414008457699,0.2,12.622003912860658
2024-01-16 01:45:00,0.0,0.8605669700314673,0.05,394.7159981981026,0.2,7.896526429886643
2024-01-16 02:00:00,0.0,0.5820035691302455,0.05,398.30354263854036,0.2,9.49317406969518
2024-01-16 02:15:00,0.0,0.6264820575570271,0.05,362.76977919331966,0.2,12.530766447247352
2024-01-16 02:30:00,0.0,0.4370079911480742,0.05,417.00787678655,0.2,8.234022707547995
2024-01-16 02:45:00,0.0,0.3993491304480109,0.05,416.30865385621996,0.2,11.888966155639173
2024-01-16 03:00:00,0.0,0.5779160694496608,0.05,410.805503871694,0.2,13.517681074383722
2024-01-16 03:15:00,0.0,0.34020462874704094,0.05,412.9996639508323,0.2,11.929114721573463
2024-01-16 03:30:00,0.0,0.48698548732451963,0.05,397.4157565331282,0.2,9.491584164415872
2024-01-16 03:45:00,0.0,0.43029912118967995,0.05,410.0731369331963,0.2,9.866075292192123
2024-01-16 04:00:00,0.0,0.46409668491158673,0.05,418.62185558261905,0.2,10.03297993707049
2024-01-16 04:15:00,0.0,0.6636069434381442,0.05,393.700854163117,0.2,12.491954530474157
2024-01-16 04:30:00,0.0,0.48621956934843497,0.05,415.02568932950635,0.2,10.044496672008648
2024-01-16 04:45:00,0.0,0.5442517370273672,0.05,362.9811808504634,0.2,14.299915236424928
2024-01-16 05:00:00,0.0,0.456323734771918,0.05,433.18862100870103,0.2,14.088573943441844
2024-01-16 05:15:00,0.0,0.24832909393283767,0.05,399.37481701992203,0.2530581111086,14.126615855573569
2024-01-16 05:30:00,0.0,0.4058663904604413,0.05,398.08658843819705,0.2225872786953212,16.86900848113009
2024-01-16 05:45:00,0.0,0.3543648497866765,0.05,407.08138689841616,0.25249578412633417,13.058234982806619
2024-01-16 06:00:00,0.0,0.3318177109679967,0.05,367.7504133161116,0.30464990474722553,11.34290649072823
2024-01-16 06:15:00,0.05926662300875812,0.32202869110368176,0.05,386.2261985741733,0.30520696487504206,14.376759942601641
2024-01-16 06:30:00,0.12924198325780722,0.26004167792487937,0.05,373.2538195371894,0.22272088712344723,14.788963900076908
2024-01-16 06:45:00,0.16259678919493378,0.344307993767096,0.05,362.84105765808215,0.3660460637234307,16.028246093978577
2024-01-16 07:00:00,0.20803522906827845,0.5655708027993029,0.1,346.5631415549678,0.27496564503301874,13.792641366174843
2024-01-16 07:15:00,0.2932660664513434,0.472523048862022,0.1,332.0211412744709,0.386750023895291,15.51761042102591
2024-01-16 07:30:00,0.3396264918510932,0.315793111596303,0.1,329.781545529073,0.30017043224593287,16.164409806787013
2024-01-16 07:45:00,0.4127716812543632,0.35029623009746713,0.1,322.800601076544,0.277222907209592,19.78937628787179
2024-01-16 08:00:00,0.43452582046782506,0.3754383145908391,0.1,316.5322044705565,0.4717246521330282,22.976325012674497
2024-01-16 08:15:00,0.49994053944645234,0.4229619345994361,0.1,266.7705946834463,0.4305697224248597,17.752350038647823
2024-01-16 08:30:00,0.5656271388079289,0.3568995919052256,0.1,316.62295882601927,0.5036610244240979,21.40997172113614
2024-01-16 08:45:00,0.626839326625481,0.32011213177407816,0.1,300.6236324133521,0.41599029008305893,20.63356294932645
2024-01-16 09:00:00,0.6491593829553353,0.3950494917491755,0.1,252.13942143394735,0.40860041108081135,23.454239067680806
2024-01-16 09:15:00,0.7233913831087907,0.287681261650804,0.1,274.49292894337674,0.49162696991746613,24.765948198705278
2024-01-16 09:30:00,0.73418256570594,0.27360113592433793,0.1,244.82291544394184,0.5584324891055334,19.917412057459003
2024-01-16 09:45:00,0.750827973225143,0.09913331718100385,0.1,225.53231551288098,0.5993707914312603,21.9511138897729
2024-01-16 10:00:00,0.8159439122195629,0.3030516217858159,0.2,231.65686854463348,0.5606493354128465,26.882962354594234
2024-01-16 10:15:00,0.8589472180144635,0.21105439561991077,0.2,212.77797498232042,0.5341714196912396,25.482311397998803
2024-01-16 10:30:00,0.9033969621734551,0.2357177513044005,0.2,185.878841585084,0.555992964715639,26.05199482201758
2024-01-16 10:45:00,0.9002208064284001,0.11234906404189049,0.2,210.6232642953159,0.6659663956083792,28.329368703845564
2024-01-16 11:00:00,0.886676097265375,0.08977486704793024,0.2,232.15529700977953,0.5323494454477509,26.2623205183566
2024-01-16 11:15:00,0.8396199850511183,0.1354348235821159,0.2,212.59288382962265,0.6495324151646381,29.0387217552097
2024-01-16 11:30:00,0.9444921550887415,0.07595797066153101,0.2,179.85250507278388,0.6492107480083171,29.582612532143514
2024-01-16 11:45:00,0.9450470121105583,0.13470612026653167,0.2,244.09749078392107,0.632431507302377,29.397947616742325
2024-01-16 12:00:00,0.9396586071570224,0.1517775906776632,0.2,172.58081151747848,0.6958786901193089,25.68437851317
2024-01-16 12:15:00,0.8633966161395442,0.17877072336378072,0.2,189.7824491786206,0.6693135378803592,28.584575572642688
2024-01-16 12:30:00,0.851454677744873,0.2413179124946505,0.2,194.55727627531581,0.6474371598315632,27.945818541833027
2024-01-16 12:45:00,0.8368639389910912,0.07804645963776013,0.2,234.52110671482342,0.6744967651509157,29.6392008512221
2024-01-16 13:00:00,0.8896750271899923,0.28633167273661125,0.2,211.16569070687171,0.6085423325834072,28.792832477672043
2024-01-16 13:15:00,0.8937295749605831,0.3318157715421169,0.2,216.52185766147755,0.6426533485347544,27.275092447798414
2024-01-16 13:30:00,0.8926906107879042,0.18832528319449438,0.2,191.1719534539637,0.6940386332695163,27.968664621569474
2024-01-16 13:45:00,0.8879019168541796,0.16093602339221935,0.2,211.38281202684206,0.695211529647167,32.68296914717111
2024-01-16 14:00:00,0.8053592574628469,0.19473099656820209,0.2,214.2585539492144,0.6411334232911352,30.75827193055621
2024-01-16 14:15:00,0.6782603742297892,0.21115164479389123,0.2,273.18568633112153,0.7707455221201348,33.65128003243952
2024-01-16 14:30:00,0.7446865170640314,0.323905753245667,0.2,239.9489139490206,0.7208787894464788,29.081980189907522
2024-01-16 14:45:00,0.7127186141112415,0.22734635146205218,0.2,242.8777337857072,0.6437662213996445,29.88833676586947
2024-01-16 15:00:00,0.6453340131906719,0.18881394727436712,0.1,236.7776367464163,0.7629219203942171,30.83904843593564
2024-01-16 15:15:00,0.6279692988899931,0.14721818096924594,0.1,247.22853934654253,0.6639232362573214,30.918776953212884
2024-01-16 15:30:00,0.5655936616930255,0.13900938143700883,0.1,240.92615281451322,0.6818513990554641,25.819204842745542
2024-01-16 15:45:00,0.5093954651328932,0.4490877173309773,0.1,280.514432755755,0.6870201200829072,27.222705939647472
2024-01-16 16:00:00,0.4804027764694906,0.5384046194154481,0.1,282.51387106287115,0.6583797564908515,29.529714684375932
2024-01-16 16:15:00,0.3635556712165062,0.364997626616072,0.1,320.8801081241796,0.6380817295130028,28.846101155501504
2024-01-16 16:30:00,0.37094132242356714,0.31860970123545507,0.1,290.74562794489816,0.7013040036852837,29.066017772573037
2024-01-16 16:45:00,0.3012097032937754,0.30619175423499007,0.1,351.29883414553774,0.5612563619846852,27.713535642717492
2024-01-16 17:00:00,0.24250969786551244,0.5187035062620888,0.1,314.2879995440803,0.5695786953708973,23.38680892949033
2024-01-16 17:15:00,0.18092644891854703,0.4816344110162904,0.1,355.1444959441473,0.5866627593339825,22.85085161331137
2024-01-16 17:30:00,0.11228825404158181,0.3818654623252498,0.1,364.4967622967962,0.6456512101436493,27.925972692849697
2024-01-16 17:45:00,0.05773340342737592,0.36255375228664277,0.1,363.20319131772374,0.48792487992323874,26.74006037900661
2024-01-16 18:00:00,1.0924399087063557e-16,0.5183722658431329,0.2,407.88506520106745,0.6129971138048693,23.1965682369414
2024-01-16 18:15:00,0.0,0.4000845272431178,0.2,401.3263821956957,0.5391572204135535,23.203735161677827
2024-01-16 18:30:00,0.0,0.5719227034353521,0.2,431.3560837834622,0.468631049159763,27.14577383498944
2024-01-16 18:45:00,0.0,0.45700768225623395,0.2,400.38361827147094,0.541964912126956,22.195219600724116
2024-01-16 19:00:00,0.0,0.48609207376165614,0.2,361.4962151607259,0.5219110724474035,22.239984342174022
2024-01-16 19:15:00,0.0,0.6005964957579546,0.2,422.46777004132275,0.4628697277339073,20.471179974281075
2024-01-16 19:30:00,0.0,0.3951540803468918,0.2,411.3558885719378,0.4189825110256418,24.268970437563453
2024-01-16 19:45:00,0.0,0.362035427426469,0.2,418.5452104265721,0.557773857783958,17.17156935213761
2024-01-16 20:00:00,0.0,0.6483437291088752,0.2,358.99691260763825,0.40516152713811243,22.30902528238444
2024-01-16 20:15:00,0.0,0.5702792279970352,0.2,412.52688101053604,0.364341337562407,21.05405338181101
2024-01-16 20:30:00,0.0,0.5192591382712577,0.2,398.3380040724575,0.255069022781032,19.368822197731898
2024-01-16 20:45:00,0.0,0.5043250072488515,0.2,396.6372605977515,0.27706791231449446,19.198094584146144
2024-01-16 21:00:00,0.0,0.6267107002438882,0.05,397.88901886428255,0.33182523978876244,16.55684452202024
2024-01-16 21:15:00,0.0,0.5088148553631603,0.05,388.87074803800806,0.3356720481987601,17.17842470276613
2024-01-16 21:30:00,0.0,0.39045257670637346,0.05,386.8964814671739,0.3016892327837262,16.033339456265487
2024-01-16 21:45:00,0.0,0.5182827562553296,0.05,398.1762687059018,0.30520547806715315,18.144314684161188
2024-01-16 22:00:00,0.0,0.7258412754937703,0.05,392.8078443387812,0.2915719134532505,11.482926117119751
2024-01-16 22:15:00,0.0,0.5510469374263922,0.05,404.89385266185946,0.35215056126320354,14.231310460306059
2024-01-16 22:30:00,0.0,0.4069434816960643,0.05,388.2454458886951,0.2109959428832549,10.755738805398986
2024-01-16 22:45:00,0.0,0.4935254766542957,0.05,420.36658062878223,0.2,14.021028813016219
2024-01-16 23:00:00,0.0,0.6318427620130722,0.05,431.6702714973287,0.21691942538081682,14.912380314104656
2024-01-16 23:15:00,0.0,0.5092432444453945,0.05,375.16933983419756,0.2,11.300924348288698
2024-01-16 23:30:00,0.0,0.5888527148451568,0.05,380.77171176324083,0.2,13.126931952203202
2024-01-16 23:45:00,0.0,0.6295449777728624,0.05,396.26222583477136,0.2,10.812345153495293
2024-01-17 00:00:00,0.0,0.3866944754330805,0.05,400.76444789439984,0.2,13.120203393383095
2024-01-17 00:15:00,0.0,0.5778431065081662,0.05,422.88518870974747,0.2,8.342514183484322
2024-01-17 00:30:00,0.0,0.5763736383615727,0.05,431.53276670800386,0.2,9.529621237002488
2024-01-17 00:45:00,0.0,0.7513167494321212,0.05,400.78031905378543,0.2,11.997755738034313
2024-01-17 01:00:00,0.0,0.7865117982018277,0.05,405.2633724022396,0.2,6.389263047672963
2024-01-17 01:15:00,0.0,0.6291298764627068,0.05,405.4154653915979,0.2,12.398385299897273
2024-01-17 01:30:00,0.0,0.662566131425024,0.05,358.8145510063828,0.2,11.385259962338461
2024-01-17 01:45:00,0.0,0.6028865200717768,0.05,425.93451398187915,0.2,7.613529544146127
2024-01-17 02:00:00,0.0,0.5673513801415377,0.05,412.5844752146478,0.2,9.623129894385867
2024-01-17 02:15:00,0.0,0.6169724087898106,0.05,414.4782673387091,0.2,6.835959655099412
2024-01-17 02:30:00,0.0,0.6943962169542107,0.05,407.83172584635054,0.2,9.888524943682581
2024-01-17 02:45:00,0.0,0.6614438644843357,0.05,393.0218896346762,0.2,8.156116572454579
2024-01-17 03:00:00,0.0,0.5236030311059872,0.05,404.9650561261414,0.2,10.674998346966131
2024-01-17 03:15:00,0.0,0.527256669802873,0.05,402.7659897252166,0.23236053799975365,9.068325104252047
2024-01-17 03:30:00,0.0,0.6134144366441509,0.05,412.9409648540021,0.2,8.520596429027792
2024-01-17 03:45:00,0.0,0.6773064691609991,0.05,427.7433077213897,0.2,12.563866476392162
2024-01-17 04:00:00,0.0,0.6341729362155174,0.05,396.08237504337353,0.2,12.15535146889301
2024-01-17 04:15:00,0.0,0.38408051850263414,0.05,424.2078122794626,0.2,12.11471068244793
2024-01-17 04:30:00,0.0,0.5298720952238559,0.05,426.5286560105328,0.2,12.67761288779987
2024-01-17 04:45:00,0.0,0.4899843447483567,0.05,396.67957603342376,0.2,8.354568994455498
2024-01-17 05:00:00,0.0,0.5606611001356012,0.05,423.7017984687199,0.2,12.723444504252242
2024-01-17 05:15:00,0.0,0.485511241587099,0.05,381.16017618306824,0.22373172834802113,11.436558610171415
2024-01-17 05:30:00,0.0,0.43999381531195636,0.05,404.77523234640887,0.2912602198608197,15.103412174539317
2024-01-17 05:45:00,0.0,0.5541541734879886,0.05,400.7531713328721,0.2,12.140203428244874
2024-01-17 06:00:00,0.0,0.3838397078506414,0.05,398.8486202398288,0.2,17.87347360355109
2024-01-17 06:15:00,0.057237944012746116,0.2529497758936117,0.05,387.0778274580076,0.2049149579472141,15.6705827948139
2024-01-17 06:30:00,0.1272458173164942,0.36367734705099924,0.05,382.8078121347774,0.28412399254427106,17.078412012368403
2024-01-17 06:45:00,0.19432330696676714,0.5818579423731679,0.05,366.8036187333877,0.2252661669368719,17.87655964293937
2024-01-17 07:00:00,0.23684276817242655,0.37590362158787943,0.1,362.94390421311397,0.27722403596103273,20.02172854151832
2024-01-17 07:15:00,0.28866370143439746,0.21525273493009386,0.1,330.64608653915025,0.4348734024403439,17.99367611461597
2024-01-17 07:30:00,0.3434059869735355,0.28429326737881166,0.1,317.2234944858701,0.3865372385302497,20.065123124101234
2024-01-17 07:45:00,0.4288555832816718,0.2415375627090648,0.1,308.7678022012548,0.4012114782100554,19.731318215795508
2024-01-17 08:00:00,0.4704301965688771,0.32663808279863515,0.1,308.4801798008758,0.3678429634883933,17.1081894968906
2024-01-17 08:15:00,0.5055419927106849,0.40306112524986004,0.1,258.91656640417125,0.3407557427347356,20.947966654861148
2024-01-17 08:30:00,0.5213540678912125,0.4448684255494378,0.1,291.3974012254879,0.48686060328284486,21.343458955049798
2024-01-17 08:45:00,0.580289918927641,0.3597869554047458,0.1,258.064577094038,0.3948801459712439,23.744537641987538
2024-01-17 09:00:00,0.6735241932978309,0.07093884325056027,0.1,246.47893301340153,0.4987073008470177,27.085319914385895
2024-01-17 09:15:00,0.6925792362345631,0.250098906325629,0.1,252.60298164623782,0.571256289958905,23.181596930522456
2024-01-17 09:30:00,0.7132170192324883,0.30206486533634447,0.1,253.16183067576236,0.6346692952183759,26.618672377037775
2024-01-17 09:45:00,0.7812848892133544,0.3037640374243789,0.1,233.21441221258527,0.5934350686407217,24.98969534041106
2024-01-17 10:00:00,0.8127244317501666,0.3105048035000756,0.2,234.8761011724026,0.5197392645301402,23.49082894788786
2024-01-17 10:15:00,0.7991497945567428,0.2912786606630327,0.2,264.1134296908285,0.559016467599706,25.643036228391274
2024-01-17 10:30:00,0.880967470456566,0.2362256510000933,0.2,232.14853075038522,0.5799223190745469,27.037182484415307
2024-01-17 10:45:00,0.8352954137970913,0.23536094296259277,0.2,212.07901347490275,0.690036515812657,29.03837551621299
2024-01-17 11:00:00,0.9364387257899277,0.3100159184895632,0.2,185.89765436004203,0.6252173994732991,32.34186766880645
2024-01-17 11:15:00,0.9299307202054469,0.17760700829304735,0.2,192.4685408410141,0.7092711867055704,29.988287175294786
2024-01-17 11:30:00,0.8896556082451954,0.152523480440525,0.2,223.1999487810025,0.6620517273491368,25.789395126505667
2024-01-17 11:45:00,0.9740376279333823,0.0007774076483295922,0.2,190.5870317062432,0.6503916611424939,27.51712627803786
2024-01-17 12:00:00,0.8105264044920124,0.26968015388128413,0.2,216.15937047252197,0.7431215859500269,28.115712249715127
2024-01-17 12:15:00,0.8805993850295475,0.3637265549771542,0.2,206.25309487400108,0.6756323697104438,30.540853939879238
2024-01-17 12:30:00,0.9384569261627933,0.24195535802141968,0.2,206.86448682865628,0.7732618445249703,28.15241776557641
2024-01-17 12:45:00,0.9187213994809265,0.306667202941906,0.2,243.24151401099599,0.7377524467660743,28.451737499076028
2024-01-17 13:00:00,0.9231799234028853,0.1585519821003838,0.2,189.82713472608754,0.6965535496857612,27.047864741831823
2024-01-17 13:15:00,0.8494872460929406,0.010376023254593636,0.2,184.1934595007986,0.6826727523156493,29.398620335705996
2024-01-17 13:30:00,0.7297838961880821,0.34324227231075166,0.2,233.57146350893692,0.6616002437744499,30.74891191509093
2024-01-17 13:45:00,0.8742516651988914,0.1363703675301613,0.2,231.21494215361756,0.7161157607579846,30.40723624534278
2024-01-17 14:00:00,0.8029615598356464,0.24635497540670528,0.2,227.03762553045414,0.72625664598182,28.788071079210255
2024-01-17 14:15:00,0.7688284257470186,0.27115392305723524,0.2,221.40798005253362,0.6621225730546524,29.261011709903798
2024-01-17 14:30:00,0.7739230594514211,0.15508300951410645,0.2,254.60632924108745,0.6293315189957593,27.553649092446783
2024-01-17 14:45:00,0.6166386330138351,0.14062661272144597,0.2,247.2159549177421,0.7637184483326872,32.472485757211416
2024-01-17 15:00:00,0.6707662207679648,0.26240636222002833,0.1,269.8272645614577,0.6870577683749448,27.75978594256557
2024-01-17 15:15:00,0.6293132281709283,0.41612209476919293,0.1,229.8233164504238,0.7484827772814099,26.003660311277454
2024-01-17 15:30:00,0.5349101151039561,0.27662184521523486,0.1,280.968228913158,0.7283731333073936,25.639595777811067
2024-01-17 15:45:00,0.5369637114725045,0.08014112257911843,0.1,302.7317870743246,0.7329971549450421,28.751971188327204
2024-01-17 16:00:00,0.459107096848059,0.2896127909059327,0.1,313.5259008449451,0.6251848229017599,26.95797137314811
2024-01-17 16:15:00,0.41733963256453865,0.3805607188295843,0.1,312.80341821559034,0.7210858408390574,25.634482355794066
2024-01-17 16:30:00,0.3662825966573443,0.23317333379310162,0.1,316.2993893768162,0.6660673293661807,24.718549431385853
2024-01-17 16:45:00,0.29089929871094605,0.4358683863182927,0.1,321.06809525815015,0.6599199318232619,27.971598445738227
2024-01-17 17:00:00,0.2180577533884944,0.3086038553800773,0.1,350.25183296662345,0.6636893314396801,27.152868745883666
2024-01-17 17:15:00,0.1892463860663419,0.3768934284925903,0.1,374.1330218824464,0.5612561808362393,23.924796040691675
2024-01-17 17:30:00,0.12925885691366432,0.38035702813507827,0.1,368.8312351912426,0.6067181265859404,27.790044851840065
2024-01-17 17:45:00,0.05843477232456343,0.5110969778575493,0.1,387.21617112451975,0.5053135703622968,28.086736676118818
2024-01-17 18:00:00,1.1376930603628523e-16,0.5716879568449378,0.2,376.0130384143478,0.5570400160003511,31.00568281530545
2024-01-17 18:15:00,0.0,0.4766325502238235,0.2,377.86696231975856,0.4649439526187503,22.867997710417935
2024-01-17 18:30:00,0.0,0.35513961250753906,0.2,415.1413554800167,0.5833756439372246,28.67182784949739
2024-01-17 18:45:00,0.0,0.45531751102629087,0.2,373.25448606074326,0.46966368619399584,22.908493640761147
2024-01-17 19:00:00,0.0,0.3046457899814763,0.2,402.78914186205225,0.5197065644459284,21.528821875302345
2024-01-17 19:15:00,0.0,0.48757024243351266,0.2,388.85212847277865,0.5230931703252215,23.02451213083651
2024-01-17 19:30:00,0.0,0.426109079706585,0.2,397.9586644173672,0.4298374995156598,20.10178504529166
2024-01-17 19:45:00,0.0,0.49289198605439577,0.2,428.92433251755625,0.3786865543220967,20.372085968041866
2024-01-17 20:00:00,0.0,0.5592012658506659,0.2,374.01973797012243,0.3638696322680768,20.333532725258816
2024-01-17 20:15:00,0.0,0.4418686814051507,0.2,400.948831913137,0.4239757021842376,20.424555730403284
2024-01-17 20:30:00,0.0,0.47025668958576317,0.2,398.95994733970593,0.33404077182398284,18.439319308221197
2024-01-17 20:45:00,0.0,0.4219946405995092,0.2,404.4678590340839,0.3131490364612169,16.898641918676994
2024-01-17 21:00:00,0.0,0.5349524068620043,0.05,432.3253889386599,0.25894962350891004,16.34983247607385
2024-01-17 21:15:00,0.0,0.7239646456595505,0.05,416.54410099382324,0.29132790220700816,16.06450047412304
2024-01-17 21:30:00,0.0,0.6776940202914222,0.05,409.5696010989765,0.34061507636762095,15.042691113116057
2024-01-17 21:45:00,0.0,0.6880469851580797,0.05,443.2842200799244,0.24814046494853104,14.471370592702204
2024-01-17 22:00:00,0.0,0.6435737417841643,0.05,374.1095668020452,0.2,13.565812842513061
2024-01-17 22:15:00,0.0,0.6489573250806558,0.05,399.6343523419665,0.2094767982944304,11.956788622432299
2024-01-17 22:30:00,0.0,0.43960457427962896,0.05,421.46212206459313,0.22949508384527495,12.461079813612916
2024-01-17 22:45:00,0.0,0.5231602755207947,0.05,363.3155756730048,0.2,15.856932126551037
2024-01-17 23:00:00,0.0,0.7181564440504569,0.05,369.45152533249706,0.2624894218135321,14.134463692522228
2024-01-17 23:15:00,0.0,0.6597775811456345,0.05,452.3509532476976,0.24163091017264102,10.373557116513043
2024-01-17 23:30:00,0.0,0.7133534582403928,0.05,391.7165512705608,0.2,13.555384489458639
2024-01-17 23:45:00,0.0,0.6966468435006875,0.05,390.370437490963,0.2,10.06331099275487
2024-01-18 00:00:00,0.0,0.6951443831865687,0.05,423.8993964597224,0.2,9.770949068299963
2024-01-18 00:15:00,0.0,0.6634758859569625,0.05,432.1440944423613,0.2,12.77642645274037
2024-01-18 00:30:00,0.0,0.5179576470998726,0.05,407.29382513623386,0.2,11.931115643369024
2024-01-18 00:45:00,0.0,0.8448348469238592,0.05,422.4096331086862,0.2,8.83234445632684
2024-01-18 01:00:00,0.0,0.6722975264817536,0.05,380.1965096260376,0.2,12.355777887698462
2024-01-18 01:15:00,0.0,0.5708304927759561,0.05,416.81566683203465,0.2,11.686027247432474
2024-01-18 01:30:00,0.0,0.602725034208505,0.05,369.9759834255537,0.2,3.8861925869198064
2024-01-18 01:45:00,0.0,0.587091073432292,0.05,346.92303876726317,0.2,4.98673054633934
2024-01-18 02:00:00,0.0,0.8376773441913085,0.05,392.6789264629063,0.2,13.49348133074993
2024-01-18 02:15:00,0.0,0.7532966885607768,0.05,392.214194162608,0.2,10.29031717748589
2024-01-18 02:30:00,0.0,0.5867415300311917,0.05,417.5860228552758,0.2,11.28217790883336
2024-01-18 02:45:00,0.0,0.5115122550244953,0.05,402.6738559524147,0.2,11.90633449104644
2024-01-18 03:00:00,0.0,0.5136587546885263,0.05,416.18600085480284,0.2,9.462346313429341
2024-01-18 03:15:00,0.0,0.6873970391676074,0.05,381.6413119047508,0.2,10.765455210509213
2024-01-18 03:30:00,0.0,0.4534966463824085,0.05,416.8156317139057,0.204102206672451,8.546389259549095
2024-01-18 03:45:00,0.0,0.4649173016777513,0.05,380.2800206523718,0.2,7.108309306308433
2024-01-18 04:00:00,0.0,0.5774913900395466,0.05,422.5825244251296,0.2,11.813778047701888
2024-01-18 04:15:00,0.0,0.3454786801055584,0.05,386.7658402595615,0.2,11.911576313808457
2024-01-18 04:30:00,0.0,0.3505208825717883,0.05,392.27994220822296,0.24962573892942622,10.153137383047406
2024-01-18 04:45:00,0.0,0.22491167869864312,0.05,407.65303470846504,0.23423537753434465,11.466744103664832
2024-01-18 05:00:00,0.0,0.19795791766509824,0.05,383.46393432489754,0.2762252116450108,8.677601526502404
2024-01-18 05:15:00,0.0,0.4380810761281538,0.05,406.1986840975267,0.2,11.84713423401314
2024-01-18 05:30:00,0.0,0.3091783259351174,0.05,424.23154671049815,0.3168410532614353,16.19929460726085
2024-01-18 05:45:00,0.0,0.3031799929652904,0.05,399.30226389941606,0.22478446419091241,11.784308554101486
2024-01-18 06:00:00,0.0,0.15703936154496737,0.05,416.6273675724421,0.2874017624775427,13.264289927474021
2024-01-18 06:15:00,0.05937838240371751,0.451941573996702,0.05,389.7817803286752,0.3055369509447931,15.592119230137149
2024-01-18 06:30:00,0.12611483011918095,0.33142601223922463,0.05,364.5549703206051,0.2897656542267319,13.538240450258124
2024-01-18 06:45:00,0.18578552675281565,0.38403066765988125,0.05,387.8704062777457,0.2603285485768426,15.952057185928425
2024-01-18 07:00:00,0.24768693222589255,0.4867127824422683,0.1,354.9195474753447,0.2892739891362473,14.434378646586428
2024-01-18 07:15:00,0.31349380927529713,0.12238957528639124,0.1,326.3976076703169,0.32854447487876265,18.3645321554947
2024-01-18 07:30:00,0.3679629820056368,0.23887164163609315,0.1,327.97103279966484,0.35425899098649816,20.278928480382525
2024-01-18 07:45:00,0.43455344472759216,0.47358817545838927,0.1,343.8525791317972,0.3749888268856723,16.55430571824435
2024-01-18 08:00:00,0.47519727178536014,0.33680927871900046,0.1,285.4745546341407,0.45927065201444883,23.04677565273333
2024-01-18 08:15:00,0.47248101659753877,0.35289064358837874,0.1,274.28278884779587,0.38571990732441697,23.340824993781773
2024-01-18 08:30:00,0.5957162422744747,0.18650825185362824,0.1,248.04944458634273,0.48745586361680876,21.736724994151757
2024-01-18 08:45:00,0.6376927956517061,0.20081977233117632,0.1,280.7342680288966,0.5249208577234215,22.775131753237467
2024-01-18 09:00:00,0.6677011228089452,0.3025513007677939,0.1,278.96779259184217,0.547845302462999,21.673407005364773
2024-01-18 09:15:00,0.7087788425480579,0.2886883608985321,0.1,237.254695274031,0.5187874307424575,26.26209676442748
2024-01-18 09:30:00,0.7335390354318051,0.34994662315434444,0.1,273.17946178432794,0.5652126933129178,22.931547178451332
2024-01-18 09:45:00,0.7439429658521008,0.34247925563900594,0.1,196.0999338982447,0.5202659763307232,25.798130656082375
2024-01-18 10:00:00,0.7437869564828834,0.20287088810258483,0.2,217.97437018950066,0.4414533555140067,21.187135050639036
2024-01-18 10:15:00,0.8445843404099149,0.40856983928432966,0.2,228.45428659383597,0.5493020301741608,25.558479870793654
2024-01-18 10:30:00,0.9196137492974665,0.4496367069918728,0.2,219.84397472765804,0.6227591616926019,26.786185372543233
2024-01-18 10:45:00,0.8795466928444966,0.22555339501332536,0.2,163.95596801200404,0.588521167150513,26.605809115833424
2024-01-18 11:00:00,0.9070968201765438,0.288444286610347,0.2,199.6333639122852,0.592121350871176,27.992964631076276
2024-01-18 11:15:00,0.9566013306756451,0.27232157737461155,0.2,194.25690437226316,0.7165545980573936,26.050058355168325
2024-01-18 11:30:00,0.9382050889699549,0.17281628359313073,0.2,206.88857861070298,0.7055309178432658,28.54446162148837
2024-01-18 11:45:00,0.8331102901682734,0.28449352453035803,0.2,210.05958672753036,0.5076363047593895,27.301823391169332
2024-01-18 12:00:00,0.9451459926906075,0.18392979372952872,0.2,164.0144550053295,0.5678064373469385,27.135717496174507
2024-01-18 12:15:00,0.9465173879681505,0.2609466559770461,0.2,238.23724361126676,0.7692707388256648,28.830912138531257
2024-01-18 12:30:00,0.9338772833091833,0.2327736417398064,0.2,177.61310184921993,0.6614565153159857,30.27125612761072
2024-01-18 12:45:00,0.9028640268021315,0.0,0.2,226.89875762567038,0.6802998851635292,27.459229317967274
2024-01-18 13:00:00,0.9333095772036888,0.44207457355836544,0.2,209.1078076940916,0.7122983546353356,28.741909619889377
2024-01-18 13:15:00,0.8558080271745828,0.26340937890819904,0.2,245.1640831413609,0.7454068355277498,29.117670872831404
2024-01-18 13:30:00,0.8447236586060858,0.24198374654061006,0.2,205.15870485521404,0.7436961881721452,28.037171631083172
2024-01-18 13:45:00,0.8667031988948455,0.12895126286879444,0.2,239.4930575664091,0.6887410423220759,35.33792118222298
2024-01-18 14:00:00,0.7827462396666419,0.14487299334337178,0.2,201.7360110036347,0.7008149341668247,29.58144501434829
2024-01-18 14:15:00,0.7751419565908926,0.4757683444340356,0.2,237.60782206594774,0.69460199475993,31.771924823414988
2024-01-18 14:30:00,0.7502036868007149,0.2588296510017506,0.2,262.3224788632602,0.6813207978801116,32.99247143979214
2024-01-18 14:45:00,0.7276013162270453,0.17933451325552308,0.2,255.07668794202797,0.7085138614797805,30.72015703536532
2024-01-18 15:00:00,0.6461790031194857,0.2840283592750268,0.1,295.2795545623241,0.6685951028292269,27.282402152998916
2024-01-18 15:15:00,0.6394849832355456,0.3333369853203958,0.1,228.6723335361011,0.6041715709073903,26.8668607881553
2024-01-18 15:30:00,0.5776111992430744,0.3131779264155864,0.1,267.4895754265755,0.7463176771947349,29.176220146239423
2024-01-18 15:45:00,0.5347503237913489,0.30697417344737654,0.1,306.05075779252564,0.6573053991825456,33.876445660664814
2024-01-18 16:00:00,0.4359103044165959,0.271595567226936,0.1,294.295137950099,0.6181259766148566,24.881862934680957
2024-01-18 16:15:00,0.41347119295120255,0.32416815690501255,0.1,314.3146765341394,0.6340555505632116,31.533910028468593
2024-01-18 16:30:00,0.3540826305317106,0.27525312508812294,0.1,305.27964972794734,0.6844090285016895,27.27603923310606
2024-01-18 16:45:00,0.3070951581643327,0.27508729524980197,0.1,341.44209007280523,0.6573178579557619,28.53819697411684
2024-01-18 17:00:00,0.23212288163146685,0.2502735807622826,0.1,359.88924210684706,0.5669534009957543,25.06314785066534
2024-01-18 17:15:00,0.1703386171275813,0.3693027965382019,0.1,364.15283768121395,0.594894256055467,26.508530266555653
2024-01-18 17:30:00,0.12101553946332184,0.2656433443070944,0.1,410.94048495962903,0.5550185159549771,25.288928559109895
2024-01-18 17:45:00,0.05757978771201627,0.34641306096093816,0.1,410.5286008497514,0.5868224434778505,27.479699670677668
2024-01-18 18:00:00,1.15400583000702e-16,0.47299036457062915,0.2,398.0826796483551,0.5309035205536243,24.601073477475293
2024-01-18 18:15:00,0.0,0.47123318004792425,0.2,404.17840829001096,0.5407581185617788,28.84520066898871
2024-01-18 18:30:00,0.0,0.5363865895248505,0.2,416.01345280771255,0.5244987592150397,27.200035553453784
2024-01-18 18:45:00,0.0,0.5056302963417887,0.2,462.1006245048429,0.5286314360757643,21.39427281824784
2024-01-18 19:00:00,0.0,0.5878655548195195,0.2,399.60148793492027,0.4550194803058449,21.195212829637512
2024-01-18 19:15:00,0.0,0.41331644815303326,0.2,403.34048349379054,0.3550591997800095,22.456593127542583
2024-01-18 19:30:00,0.0,0.36041018141382697,0.2,427.69191622975717,0.3935280046696032,21.32301991418289
2024-01-18 19:45:00,0.0,0.41603270782646434,0.2,409.1172073955228,0.43379688248782067,20.413069697672093
2024-01-18 20:00:00,0.0,0.5539526100925063,0.2,398.86195584460773,0.3475724582300489,17.152204348753624
2024-01-18 20:15:00,0.0,0.48910258618775726,0.2,386.5401710125409,0.3722319359379933,20.346311817777515
2024-01-18 20:30:00,0.0,0.5202053525149369,0.2,398.64183081473647,0.3443710539258006,22.076579885663513
2024-01-18 20:45:00,0.0,0.4348913486046292,0.2,417.9709886409463,0.32818256944801477,18.568215229979625
2024-01-18 21:00:00,0.0,0.5154361674382849,0.05,433.5930447957809,0.3384765229258097,18.467448430505236
2024-01-18 21:15:00,0.0,0.49955979046823434,0.05,413.69457471348426,0.23232251765415374,16.36911168847545
2024-01-18 21:30:00,0.0,0.5793376217688225,0.05,410.8854941019948,0.27951286684105214,15.970000739591026
2024-01-18 21:45:00,0.0,0.7118583073830942,0.05,462.01983790093806,0.2486729691994881,15.617862872852234
2024-01-18 22:00:00,0.0,0.5842805163766447,0.05,390.9563253032386,0.3419699302424513,17.870321136443057
2024-01-18 22:15:00,0.0,0.6564870317094426,0.05,402.34740194285837,0.23129226057633623,10.140644068714279
2024-01-18 22:30:00,0.0,0.4691150113636502,0.05,410.62560807205176,0.2,13.043234384512102
2024-01-18 22:45:00,0.0,0.6839161769909986,0.05,365.6767703952323,0.2,12.750701449267183
2024-01-18 23:00:00,0.0,0.5284376761524899,0.05,379.59334731194264,0.21678679858245772,12.528723864833253
2024-01-18 23:15:00,0.0,0.5893962744715708,0.05,380.8094316154221,0.21170411326924016,15.929452684161712
2024-01-18 23:30:00,0.0,0.5739623134637999,0.05,392.6945646219596,0.2,16.691036916067652
2024-01-18 23:45:00,0.0,0.7214438588140825,0.05,414.67557996816106,0.2,14.91697985027838
2024-01-19 00:00:00,0.0,0.67797520324393,0.05,388.4356871475292,0.2,12.099615314807263
2024-01-19 00:15:00,0.0,0.6799138016995773,0.05,371.0062522738629,0.2,11.881338757006151
2024-01-19 00:30:00,0.0,0.4854406837609338,0.05,401.85676714906793,0.2,6.951230103760311
2024-01-19 00:45:00,0.0,0.5404381997899457,0.05,400.1466607128425,0.2,9.023832191812858
2024-01-19 01:00:00,0.0,0.5131190086641937,0.05,388.913598569558,0.2,11.299020155643213
2024-01-19 01:15:00,0.0,0.5247361005713378,0.05,359.02287457038443,0.2,10.690619273825805
2024-01-19 01:30:00,0.0,0.6471765572895669,0.05,378.64451511637526,0.24471697407288864,6.2418103854395515
2024-01-19 01:45:00,0.0,0.7331994409652707,0.05,376.1457674318289,0.2,8.833434895918414
2024-01-19 02:00:00,0.0,0.5870216558926044,0.05,426.6455365149847,0.2,10.891513830912617
2024-01-19 02:15:00,0.0,0.7375604288123957,0.05,389.20348939160857,0.2,14.244275682582586
2024-01-19 02:30:00,0.0,0.5933899818457294,0.05,417.6641659955675,0.2,9.901171253733382
2024-01-19 02:45:00,0.0,0.6942166982411196,0.05,434.00992260772426,0.2,8.348577791294263
2024-01-19 03:00:00,0.0,0.5167256903034564,0.05,397.4773549318973,0.2,8.458870200776841
2024-01-19 03:15:00,0.0,0.43486359097403543,0.05,431.9243654125272,0.2,8.153309205968581
2024-01-19 03:30:00,0.0,0.6968879113459828,0.05,422.2577600046903,0.2,11.317731826145504
2024-01-19 03:45:00,0.0,0.496316733485221,0.05,364.09003410151655,0.2,10.685826340679915
2024-01-19 04:00:00,0.0,0.4846540063782541,0.05,386.58028224829644,0.2,14.674787129852264
2024-01-19 04:15:00,0.0,0.6395918930631481,0.05,405.2886037033127,0.2,8.926547567776728
2024-01-19 04:30:00,0.0,0.4192387724543372,0.05,411.7490743090844,0.2,12.106147551166343
2024-01-19 04:45:00,0.0,0.2749275499848888,0.05,388.26540727160045,0.25479528851982697,12.791328506954143
2024-01-19 05:00:00,0.0,0.30809854457613256,0.05,423.29088084791726,0.2,13.20308634837525
2024-01-19 05:15:00,0.0,0.3550547386082008,0.05,365.4787978498238,0.3300418738193458,13.061927326198537
2024-01-19 05:30:00,0.0,0.32183090837875417,0.05,389.9446556673448,0.21242334798351642,14.020975144345039
2024-01-19 05:45:00,0.0,0.24920403308275682,0.05,425.0060393029362,0.20622051506305716,20.34455518317118
2024-01-19 06:00:00,0.0,0.1777946724739471,0.05,377.8333110936829,0.2,14.910599322261957
2024-01-19 06:15:00,0.05967531498728243,0.38288088596272185,0.05,360.6170542377527,0.2806348187519175,16.097314548741874
2024-01-19 06:30:00,0.12771005392934545,0.3153394219362457,0.05,349.43161635872457,0.3514470188369193,14.78774434600593
2024-01-19 06:45:00,0.17386358011140893,0.43057293212326264,0.05,343.07226883742925,0.2569225706389437,19.26345748185808
2024-01-19 07:00:00,0.21531421406436901,0.17208185348443572,0.1,365.5745464394052,0.3093402274242438,17.553344175244366
2024-01-19 07:15:00,0.2992150001828639,0.16253874326065887,0.1,340.00767045474936,0.25293441373975456,19.046301921161433
2024-01-19 07:30:00,0.35925199327643675,0.22957075753832232,0.1,294.0787936053368,0.3195976937763255,15.593991576578166
2024-01-19 07:45:00,0.37358509277535784,0.32437632680629447,0.1,328.7215002537374,0.3446980182603251,19.87556373733895
2024-01-19 08:00:00,0.45261081424306165,0.23313795630539813,0.1,270.8514287753409,0.42105824948840503,20.509479125104043
2024-01-19 08:15:00,0.4748626931804234,0.2097160272872749,0.1,293.799665384531,0.41612621928152016,23.03334143097914
2024-01-19 08:30:00,0.5237883443769372,0.34303286091167695,0.1,254.21632548912402,0.5797528248703306,23.27772855715776
2024-01-19 08:45:00,0.5825940194508039,0.11294378658740428,0.1,277.01511610003007,0.47450039213891454,20.52564549258257
2024-01-19 09:00:00,0.5789059613449287,0.04459261753699453,0.1,272.4126843625834,0.49930395639007863,21.53951420436499
2024-01-19 09:15:00,0.6573796545600831,0.34798708596204464,0.1,274.8070942950493,0.43365883376991815,21.040435375287107
2024-01-19 09:30:00,0.7173176361217349,0.24234412458877252,0.1,264.2408182116303,0.6371896012926647,24.423079323991963
2024-01-19 09:45:00,0.72968978743388,0.1997082514635224,0.1,217.19934582529834,0.5454172176091108,24.64351626167973
2024-01-19 10:00:00,0.8244820778110142,0.3165491938001849,0.2,205.6508719282024,0.605294859904693,22.158956928895513
2024-01-19 10:15:00,0.8076251802770407,0.22751917048853554,0.2,220.43510599878803,0.5141235215917701,25.070230736558415
2024-01-19 10:30:00,0.812532266128799,0.019060943958935067,0.2,175.2434173525715,0.5525531058283517,24.094801411679487
2024-01-19 10:45:00,0.8411725569798103,0.2077081069217009,0.2,224.8624494044802,0.4926828787244239,28.230288829947458
2024-01-19 11:00:00,0.8881808099603896,0.056994658861670766,0.2,233.3814177805921,0.5579894522033962,24.365167153957085
2024-01-19 11:15:00,0.9422921278338927,0.37090564127383574,0.2,173.8565634768492,0.7191881989003712,29.23206304988739
2024-01-19 11:30:00,0.878788573934563,0.20485906165324994,0.2,188.16934371500795,0.6794785123302928,23.31142364218604
2024-01-19 11:45:00,0.9168740147297909,0.2911877325559721,0.2,163.1281188322474,0.6504509380168373,26.165898357350052
2024-01-19 12:00:00,0.9753470615089724,0.042016041282072425,0.2,220.67245437418867,0.651902057606107,27.87405835197309
2024-01-19 12:15:00,0.94539582205436,0.2431293172666912,0.2,201.27205229845035,0.6680706845000871,26.197512549631195
2024-01-19 12:30:00,0.9622401190253629,0.20325203936105254,0.2,178.57826650103254,0.5401077395634568,25.405353099626037
2024-01-19 12:45:00,0.91406698442206,0.08724441122215265,0.2,239.95736195037608,0.6417916367451262,30.682320323186676
2024-01-19 13:00:00,0.8276997630282604,0.1754437846001582,0.2,172.20223344522992,0.7679452578810737,32.24244667861656
2024-01-19 13:15:00,0.8351864429203164,0.016631534646492585,0.2,189.06201538073847,0.6867658166589053,31.83514722622774
2024-01-19 13:30:00,0.8972585935723836,0.2172794088146681,0.2,236.31863690382366,0.597286774448941,36.63030645281065
2024-01-19 13:45:00,0.8437570000943702,0.15301953086834164,0.2,207.77004503512785,0.6701194723973501,29.209796544114855
2024-01-19 14:00:00,0.7640674209533123,0.253257706549435,0.2,201.1807814016998,0.7043357953061049,26.714706019149936
2024-01-19 14:15:00,0.7402722988017956,0.11222252733593083,0.2,220.67342378571573,0.568786506529894,27.63537075941344
2024-01-19 14:30:00,0.7154147319997,0.22884512868086912,0.2,223.57337928030154,0.7260835814412719,32.69783087369611
2024-01-19 14:45:00,0.7363345267412311,0.17715006948473244,0.2,269.3803753850767,0.6976433800223071,32.25509561760492
2024-01-19 15:00:00,0.6426123085951911,0.1737068608546164,0.1,243.2182380020138,0.6654092800390188,32.93485159393693
2024-01-19 15:15:00,0.5885497923059925,0.21599755240685098,0.1,261.07558267927254,0.7339533380495136,30.337532945753363
2024-01-19 15:30:00,0.591856356465161,0.31663006355651424,0.1,319.3299059118748,0.7350546352993401,28.08412104609344
2024-01-19 15:45:00,0.44365863922608356,0.24716865876135097,0.1,266.47501284288563,0.6955181326322698,28.844680372084486
2024-01-19 16:00:00,0.49014121121822307,0.255394639438588,0.1,329.73753380121906,0.6657707377672635,25.107959103792062
2024-01-19 16:15:00,0.425259236008766,0.2060515045402662,0.1,328.6848856675949,0.5729125228598667,28.55027892160497
2024-01-19 16:30:00,0.3507388147724448,0.36370858195285144,0.1,326.9653724684544,0.5795492801769809,27.052291242977088
2024-01-19 16:45:00,0.2688063487395939,0.4539052627716259,0.1,329.08277347452565,0.52894341902122,29.858649295679637
2024-01-19 17:00:00,0.2538024239809225,0.3975631434039353,0.1,377.10963554716494,0.5930324285325599,26.607211121807268
2024-01-19 17:15:00,0.183363220608033,0.3295502395119734,0.1,401.36731277086795,0.6245936018431567,24.494971485039947
2024-01-19 17:30:00,0.11286178666802268,0.30125109713481896,0.1,382.72545012600625,0.615114054903037,28.486938301854593
2024-01-19 17:45:00,0.06519768096542496,0.5204599296989443,0.1,390.1521393303953,0.5579394182115931,26.32916081388537
2024-01-19 18:00:00,1.0373976338081025e-16,0.45981412015583933,0.2,388.057676962187,0.5104394115265236,25.768550214199266
2024-01-19 18:15:00,0.0,0.41901547787994636,0.2,409.30849616410353,0.6074161568143275,25.02105709138312
2024-01-19 18:30:00,0.0,0.3009789578605812,0.2,428.85426886500835,0.5716140407948374,23.2306819995159
2024-01-19 18:45:00,0.0,0.3510014528554618,0.2,390.76717440414023,0.5688205250210628,20.692150226050053
2024-01-19 19:00:00,0.0,0.37318061093699406,0.2,414.15122668604863,0.4743038767012153,19.409741399817264
2024-01-19 19:15:00,0.0,0.5994497123725347,0.2,359.83217246793254,0.4900773140309166,23.21296379502991
2024-01-19 19:30:00,0.0,0.3848803506526428,0.2,384.28549314916023,0.3458654319055616,23.631769662890605
2024-01-19 19:45:00,0.0,0.446295559941852,0.2,401.56227534677316,0.4505944238761715,19.43946204572975
2024-01-19 20:00:00,0.0,0.461757076344453,0.2,375.2134180142938,0.3912776949711843,19.39868698258516
2024-01-19 20:15:00,0.0,0.5029759384040933,0.2,369.8343317165634,0.34580432549860485,19.19559229158683
2024-01-19 20:30:00,0.0,0.4714183985632937,0.2,410.72982979846614,0.3169543511261644,16.276495747995778
2024-01-19 20:45:00,0.0,0.2863320342812263,0.2,406.9603172316943,0.358362741069737,21.33999501413482
2024-01-19 21:00:00,0.0,0.629113668646597,0.05,385.3219387643354,0.435200710199369,16.986700495418063
2024-01-19 21:15:00,0.0,0.37392538575619105,0.05,425.5103426213823,0.33438883763723104,14.954520323482656
2024-01-19 21:30:00,0.0,0.5552431469939377,0.05,411.0080556239828,0.35161796817338054,17.398978280205867
2024-01-19 21:45:00,0.0,0.5411160324301089,0.05,407.2279595493103,0.3253672640171838,18.56672095372037
2024-01-19 22:00:00,0.0,0.6015537044072122,0.05,435.66749118478106,0.27330838117541745,15.905497492867717
2024-01-19 22:15:00,0.0,0.5776034939770225,0.05,400.77312205397965,0.2805403685340844,14.821536629630302
2024-01-19 22:30:00,0.0,0.738731711768764,0.05,383.4854913207548,0.2356721234783809,14.272984777312354
2024-01-19 22:45:00,0.0,0.4773329648625358,0.05,438.36360823840636,0.2,11.625474575630403
2024-01-19 23:00:00,0.0,0.5112288686866572,0.05,380.74427336704383,0.2,13.561819691992037
2024-01-19 23:15:00,0.0,0.6272189047219292,0.05,408.8710851007333,0.2,11.614877146918214
2024-01-19 23:30:00,0.0,0.547899507409243,0.05,376.572639168821,0.2,10.280755418710458
2024-01-19 23:45:00,0.0,0.6026599397949767,0.05,399.91002312187857,0.2,14.089366635347123
2024-01-20 00:00:00,0.0,0.6189187602030976,0.05,398.8407511340408,0.2,12.940402666938073
2024-01-20 00:15:00,0.0,0.5991924073509539,0.05,393.6169612436299,0.2,13.649550322724485
2024-01-20 00:30:00,0.0,0.6008832518139369,0.05,393.31708012217007,0.2,11.828447216197354
2024-01-20 00:45:00,0.0,0.8091781052696231,0.05,420.98395634941903,0.2,5.796888407839775
2024-01-20 01:00:00,0.0,0.571544905953039,0.05,387.8813548193768,0.2138596388533217,8.405890557180285
2024-01-20 01:15:00,0.0,0.5516493816888983,0.05,417.72462192989195,0.2,11.619641083974047
2024-01-20 01:30:00,0.0,0.676049386543349,0.05,409.9797893047377,0.2,9.745487471407543
2024-01-20 01:45:00,0.0,0.4540984794179056,0.05,385.76152248959164,0.2,10.2659262596218
2024-01-20 02:00:00,0.0,0.571888113011336,0.05,385.79383287246407,0.2,10.523598577542018
2024-01-20 02:15:00,0.0,0.4639787341637235,0.05,426.0940761319773,0.2,5.537883958422866
2024-01-20 02:30:00,0.0,0.5137916394201086,0.05,382.6555168323321,0.2,10.851809261174262
2024-01-20 02:45:00,0.0,0.7271043321926646,0.05,398.06636750251596,0.2,8.070546504590993
2024-01-20 03:00:00,0.0,0.3626876023907507,0.05,396.91300052775875,0.2,9.72211451341815
2024-01-20 03:15:00,0.0,0.555097434341427,0.05,405.2812279364232,0.2,12.296072727396329
2024-01-20 03:30:00,0.0,0.5270140288426106,0.05,372.71896078574434,0.2,12.356942675362992
2024-01-20 03:45:00,0.0,0.4599441381623114,0.05,416.5797765148553,0.2,11.646870254646059
2024-01-20 04:00:00,0.0,0.4697669027628137,0.05,426.9808899888102,0.2,10.441918429892183
2024-01-20 04:15:00,0.0,0.39272183893386037,0.05,424.01534404631263,0.2,10.647909979729853
2024-01-20 04:30:00,0.0,0.5884140190035015,0.05,383.942488799198,0.2,9.416530259695888
2024-01-20 04:45:00,0.0,0.45727292485904075,0.05,436.1313464227955,0.2,14.723955489199046
2024-01-20 05:00:00,0.0,0.5334840757618915,0.05,409.22903245361215,0.2580619318980729,13.074155198133301
2024-01-20 05:15:00,0.0,0.3743066045721881,0.05,405.06167418214983,0.2,12.9628889213864
2024-01-20 05:30:00,0.0,0.5155594387195616,0.05,381.9933187707256,0.23998317212155043,13.88606117499032
2024-01-20 05:45:00,0.0,0.39932625850004355,0.05,383.5036084741344,0.2674972198176906,13.58098390605123
2024-01-20 06:00:00,0.0,0.3847696534697897,0.05,387.7080518267893,0.24729568083429157,17.463960753746413
2024-01-20 06:15:00,0.05979235672181862,0.36587808041603526,0.05,387.3832087545328,0.2483173868349498,14.164561238454642
2024-01-20 06:30:00,0.12310843382948568,0.4563835981310713,0.05,415.2559634699228,0.2123604047501993,16.83265687505257
2024-01-20 06:45:00,0.19045605793987125,0.4951919175587345,0.05,357.54994658220005,0.25282944603788066,16.258703190975172
2024-01-20 07:00:00,0.24918924101884637,0.3925821528829062,0.1,328.49262312415806,0.271058782481105,19.169329247924882
2024-01-20 07:15:00,0.27886367703689413,0.24952161676753823,0.1,325.4510337192929,0.32441973325071255,17.028840361816545
2024-01-20 07:30:00,0.31929142412574757,0.18927600548404402,0.1,313.9224398741209,0.35542160765890735,18.928014613736774
2024-01-20 07:45:00,0.41284726447076453,0.38330235680344343,0.1,310.6709951760755,0.37217445387959147,19.23879231084923
2024-01-20 08:00:00,0.41200772827929794,0.3184854225893603,0.1,279.4069664205993,0.4590671196401715,19.693926056491048
2024-01-20 08:15:00,0.5347106554241078,0.2258027917241061,0.1,264.98317112164943,0.4199404712990461,20.49873432562398
2024-01-20 08:30:00,0.5951818453809772,0.2650609572651654,0.1,272.6692014535645,0.37007261530772495,25.839741817516135
2024-01-20 08:45:00,0.623666903837646,0.3340467107298971,0.1,264.8314098086446,0.36795035655474195,18.94749150784008
2024-01-20 09:00:00,0.6819108261726462,0.39325875391125986,0.1,252.56003535012664,0.5325595560032175,23.915130919144254
2024-01-20 09:15:00,0.690740945894834,0.15115814002086692,0.1,281.8971301289055,0.4414160793052211,22.96301918809618
2024-01-20 09:30:00,0.6945208433532515,0.2436717337718773,0.1,250.56898091464487,0.504542330410463,24.973658196159697
2024-01-20 09:45:00,0.7742808617087438,0.012774852268655129,0.1,227.2270121370396,0.5332127638606464,24.1688250908978
2024-01-20 10:00:00,0.7744515423909841,0.19016764496800376,0.2,187.27989506973483,0.5359746800715044,25.072097728745845
2024-01-20 10:15:00,0.7740145600181737,0.2621401709681966,0.2,217.80621411930835,0.6104703671912658,25.707343307850177
2024-01-20 10:30:00,0.9146961327237774,0.23234782509783028,0.2,199.01036400432125,0.603892226169237,27.50348013147755
2024-01-20 10:45:00,0.7709983604481903,0.12903656834298646,0.2,210.77010426101785,0.5682024360359791,26.361514246696945
2024-01-20 11:00:00,0.9057362513170332,0.09493443794027315,0.2,220.84877278403513,0.6051648574526708,27.95474072584709
2024-01-20 11:15:00,0.8791185333063578,0.13136074085206367,0.2,228.6891731693537,0.5908036620578796,28.76006971525496
2024-01-20 11:30:00,0.9401426247405971,0.23297293005737946,0.2,185.32028560937124,0.6239480010688214,29.393748620233993
2024-01-20 11:45:00,0.8769315362130138,0.03567395277567753,0.2,178.77264303887335,0.578072919130556,31.742735915381935
2024-01-20 12:00:00,0.9063359571336089,0.2594671448161432,0.2,167.16730146628313,0.7152846853952628,30.31537565350718
2024-01-20 12:15:00,0.8465424203371648,0.2306478012179584,0.2,198.20715766225908,0.6339021261921435,26.043413144635082
2024-01-20 12:30:00,0.9369936143932366,0.2932055923011784,0.2,179.1605717124757,0.5990636950510644,25.405292075656515
2024-01-20 12:45:00,0.8413529739712052,0.1403723296024706,0.2,196.8409051110264,0.6006830211835531,27.033241248017845
2024-01-20 13:00:00,0.8046143924366297,0.23605382907925815,0.2,204.7811872964824,0.6378272347734251,26.795933264567097
2024-01-20 13:15:00,0.7597772073619393,0.28104429150402666,0.2,202.48971413887526,0.6226703610496163,28.67178823612162
2024-01-20 13:30:00,0.8800944251372483,0.18045335273701538,0.2,220.05257442713585,0.7276753108357106,29.344151063348185
2024-01-20 13:45:00,0.7957894783846974,0.2890351040218364,0.2,233.51256989152182,0.7245221107498164,34.16069151839057
2024-01-20 14:00:00,0.7697309875864488,0.3768521984265387,0.2,185.67557041282782,0.7221178620754161,30.760381810517543
2024-01-20 14:15:00,0.8034152072364771,0.22889421308503294,0.2,227.1894521528568,0.6927279618895825,28.673337351942866
2024-01-20 14:30:00,0.7370570513156316,0.0,0.2,248.91404432792967,0.7278245989500163,28.206913718946613
2024-01-20 14:45:00,0.6582606052466042,0.35632225995679895,0.2,239.94060610860035,0.6490642620405693,30.23094858966918
2024-01-20 15:00:00,0.6028073850206145,0.10785741364136509,0.1,240.19841329535632,0.6632132869452785,33.082267946670484
2024-01-20 15:15:00,0.622837203633418,0.11019575463878944,0.1,284.18185535698416,0.7650246269699718,27.608036445899703
2024-01-20 15:30:00,0.5749403735179792,0.30194429129452793,0.1,282.14962613616694,0.7045215787844279,31.24755554453925
2024-01-20 15:45:00,0.512853916936145,0.2571478457760179,0.1,303.53485519087354,0.7312943115470167,24.698651143831604
2024-01-20 16:00:00,0.4622681913867278,0.1796824694192059,0.1,332.5381078619011,0.7199831509228296,26.400873004873564
2024-01-20 16:15:00,0.4060887409252896,0.3764724141972985,0.1,314.93899469324265,0.6294023115436029,24.663199727115398
2024-01-20 16:30:00,0.36077845100316114,0.34426064610562324,0.1,313.37160502981874,0.6336433762131655,29.24061975752832
2024-01-20 16:45:00,0.3072022986716279,0.3241706352665531,0.1,381.68497225785615,0.6507589852711995,28.035796896168417
2024-01-20 17:00:00,0.2349844406062793,0.2814337797426758,0.1,322.48655959479015,0.6406234306416521,28.149159012779705
2024-01-20 17:15:00,0.15913435244373925,0.36773105107435083,0.1,326.6887995372954,0.6074672226102781,25.161566167262887
2024-01-20 17:30:00,0.12429486545231402,0.38277438859622903,0.1,328.38647764319455,0.5804102917114491,28.07796278067005
2024-01-20 17:45:00,0.06320321400612953,0.43192426675239515,0.1,364.10645824454855,0.5111026435349104,29.848858139049447
2024-01-20 18:00:00,1.1611220405949148e-16,0.30260365348145823,0.2,374.37071538365285,0.6320589272449362,23.62775395113938
2024-01-20 18:15:00,0.0,0.30146827438185203,0.2,381.7197804369445,0.45617515958820437,26.238444982180773
2024-01-20 18:30:00,0.0,0.31885817018017576,0.2,352.7248997880767,0.4928835104229722,22.110351788597363
2024-01-20 18:45:00,0.0,0.4093938381986886,0.2,406.262302519666,0.5449022868462159,22.974713922735745
2024-01-20 19:00:00,0.0,0.6006400683150126,0.2,397.83587873108485,0.4807388340609846,23.594944625768306
2024-01-20 19:15:00,0.0,0.45172814971365116,0.2,389.83235871941594,0.5264282062653423,21.806866883714005
2024-01-20 19:30:00,0.0,0.5942904868211382,0.2,374.80341608410885,0.426984728022036,20.292896291840165
2024-01-20 19:45:00,0.0,0.6002680311739975,0.2,374.93579430387007,0.4324271942426798,21.46756502618965
2024-01-20 20:00:00,0.0,0.4309835173698126,0.2,405.75189511373316,0.3271898171307026,23.267985692907907
2024-01-20 20:15:00,0.0,0.5443487979250414,0.2,412.11713210985397,0.4265993558479998,21.804359942038353
2024-01-20 20:30:00,0.0,0.6648627480301615,0.2,397.64134320755926,0.3443936379313432,18.820168500459527
2024-01-20 20:45:00,0.0,0.6202715457992316,0.2,419.89642590682274,0.282511861303748,15.590774213975253
2024-01-20 21:00:00,0.0,0.47372221412988247,0.05,412.24400500941,0.2688482557719917,18.710726127666202
2024-01-20 21:15:00,0.0,0.5187953810715699,0.05,379.66416970695354,0.25637484695843127,16.248206511360994
2024-01-20 21:30:00,0.0,0.6352064908981521,0.05,412.00197993341504,0.297862462720366,15.152272129044393
2024-01-20 21:45:00,0.0,0.6269841329633762,0.05,365.7833210560666,0.2,17.494413816366702
2024-01-20 22:00:00,0.0,0.460956029346475,0.05,395.8058438933071,0.22272657626727088,13.264012682877507
2024-01-20 22:15:00,0.0,0.7011085108614127,0.05,380.6557158000359,0.24995562281417175,12.351935709935079
2024-01-20 22:30:00,0.0,0.4906543138745575,0.05,388.3754166899244,0.2,12.165283344010623
2024-01-20 22:45:00,0.0,0.5536978995251972,0.05,381.8995126196906,0.2186155329134179,12.841670260417612
2024-01-20 23:00:00,0.0,0.5563759105977509,0.05,391.9566276097332,0.23655799127330088,16.140404337064066
2024-01-20 23:15:00,0.0,0.7062394859426135,0.05,386.6661216335502,0.2,9.871666750328352
2024-01-20 23:30:00,0.0,0.435971998876998,0.05,381.40904257953537,0.2,15.565977110656458
2024-01-20 23:45:00,0.0,0.6246822233611231,0.05,416.25403342234785,0.2,13.27617737907697
2024-01-21 00:00:00,0.0,0.5694080711953906,0.05,396.39608233965635,0.2,9.765993443593405
2024-01-21 00:15:00,0.0,0.5827854466257751,0.05,406.56071684620736,0.2,8.542480744251481
2024-01-21 00:30:00,0.0,0.5568716460322746,0.05,405.03793574278416,0.2,11.90054339399738
2024-01-21 00:45:00,0.0,0.7040330524143176,0.05,390.7401329866262,0.2,12.200633569836535
2024-01-21 01:00:00,0.0,0.5867825759220369,0.05,419.17374823255136,0.2,6.381116956975062
2024-01-21 01:15:00,0.0,0.41406416560651615,0.05,388.34320379050257,0.2,14.295984964407001
2024-01-21 01:30:00,0.0,0.5528962496344775,0.05,421.26368804729907,0.2,8.238287069340664
2024-01-21 01:45:00,0.0,0.4782517512260601,0.05,370.519452207655,0.2,7.852979080671277
2024-01-21 02:00:00,0.0,0.43254321163072273,0.05,403.7161225421321,0.2,11.4946806302618
2024-01-21 02:15:00,0.0,0.5406770805899487,0.05,443.5656210610914,0.2,14.57464090436115
2024-01-21 02:30:00,0.0,0.5789177192338599,0.05,431.14555739075365,0.2,11.465186433235893
2024-01-21 02:45:00,0.0,0.6259967981227459,0.05,370.6836156673142,0.2,7.69194991182586
2024-01-21 03:00:00,0.0,0.5649810304687031,0.05,375.03160008843906,0.2,7.771306123530244
2024-01-21 03:15:00,0.0,0.5452136806250019,0.05,427.05545827252246,0.2129912377255097,11.002438770163556
2024-01-21 03:30:00,0.0,0.49318496659449484,0.05,399.8455336211952,0.2,9.806945671976642
2024-01-21 03:45:00,0.0,0.508362473171572,0.05,434.81654578732116,0.2,9.27488655395226
2024-01-21 04:00:00,0.0,0.48341649563976413,0.05,414.9400721105347,0.2,10.554614618347802
2024-01-21 04:15:00,0.0,0.4471298352913112,0.05,402.785376024697,0.2,13.156818635430728
2024-01-21 04:30:00,0.0,0.45555051127945145,0.05,352.8209678330256,0.2,8.34883861689183
2024-01-21 04:45:00,0.0,0.39887079143905135,0.05,370.0510012822799,0.2,14.97805742894747
2024-01-21 05:00:00,0.0,0.2905332308480122,0.05,397.9287397519144,0.2,11.941945393133055
2024-01-21 05:15:00,0.0,0.5542080048903233,0.05,410.37922753360766,0.2,10.88781570179788
2024-01-21 05:30:00,0.0,0.4207697271081235,0.05,387.14093377605406,0.2227070262905191,15.304547799238353
2024-01-21 05:45:00,0.0,0.37735068738904953,0.05,394.7560468398552,0.2349022953617644,15.904500925358395
2024-01-21 06:00:00,0.0,0.3642159746987532,0.05,396.28691854909573,0.2,11.310133847923467
2024-01-21 06:15:00,0.06223098697001121,0.37512425226439544,0.05,394.39491525163965,0.32785434739629904,14.022511853534962
2024-01-21 06:30:00,0.1245321375125908,0.24803584966977613,0.05,379.5143957030744,0.24659319007799757,15.399007855105836
2024-01-21 06:45:00,0.18895935925583343,0.25374301890558554,0.05,369.9167389292197,0.30017404217042326,16.50409047497608
2024-01-21 07:00:00,0.2269348900084867,0.23313554131895786,0.1,359.2181936206101,0.26568502367172736,16.777618430803027
2024-01-21 07:15:00,0.3033094878786104,0.34922243259946223,0.1,329.0255117500154,0.2788396446368277,16.821259314813897
2024-01-21 07:30:00,0.37289309593838127,0.3466340818207245,0.1,299.02244234899695,0.3964872349156299,21.346409992626082
2024-01-21 07:45:00,0.41261197404764155,0.23912938612866766,0.1,316.8991754527656,0.3459119436360406,17.200686508028294
2024-01-21 08:00:00,0.43610687811754123,0.22038931930694866,0.1,300.14351509108087,0.405004638800585,20.890526969019742
2024-01-21 08:15:00,0.4388343699992759,0.28118871741969576,0.1,302.3599139190804,0.3697946622177528,18.792788142869142
2024-01-21 08:30:00,0.5917392156126339,0.1867179589701667,0.1,275.86265821466753,0.5321820922089497,18.21295679906412
2024-01-21 08:45:00,0.6149601839704117,0.1761218047611827,0.1,246.13083224222453,0.528440160355439,22.77716586231991
2024-01-21 09:00:00,0.6636435522957543,0.37840983099745623,0.1,272.0460112519879,0.5004635306616382,21.343413285341185
2024-01-21 09:15:00,0.7032124899595767,0.2993111948244984,0.1,265.60856419935726,0.5298093660244216,21.766248935806516
2024-01-21 09:30:00,0.767505888476593,0.14500589531800334,0.1,264.7902750290599,0.5314826454942084,23.600793022090237
2024-01-21 09:45:00,0.7392410039586986,0.18648962572352012,0.1,248.2871980908625,0.5718481474044691,21.619832164394808
2024-01-21 10:00:00,0.8169570426338666,0.24787021977824641,0.2,222.09690464228103,0.5285111373745662,26.47452541768436
2024-01-21 10:15:00,0.8538704158195987,0.2969958694575209,0.2,224.58764046045883,0.6207237276262902,26.615082967571304
2024-01-21 10:30:00,0.9042416780238385,0.2979764617931692,0.2,234.89661830657198,0.5022883734569364,24.262589019290083
2024-01-21 10:45:00,0.9399024558520003,0.324862719229533,0.2,208.6431256105675,0.6176569567820398,25.634836235009516
2024-01-21 11:00:00,0.8751818419501481,0.10349486411448748,0.2,202.75599256657839,0.6530807400195516,27.84784716654555
2024-01-21 11:15:00,0.8922557457794663,0.08700600895533012,0.2,216.51150776048718,0.6047619723522621,30.47219783825455
2024-01-21 11:30:00,0.9104492453748767,0.16756179174332786,0.2,208.5536175995706,0.707601702138729,24.92412813026641
2024-01-21 11:45:00,0.9855082237068239,0.2468824225503447,0.2,184.63171032945803,0.6521728392312823,29.280585028138603
2024-01-21 12:00:00,0.9024903628323176,0.3009608184331158,0.2,218.6564858519358,0.6237048255515882,28.827256802467737
2024-01-21 12:15:00,0.8961128747760079,0.17007708559500534,0.2,204.13403962422612,0.659321259438827,28.488087050328993
2024-01-21 12:30:00,0.8469468776630082,0.1139852255888359,0.2,214.80924146389611,0.6255621025294777,26.71633532888204
2024-01-21 12:45:00,0.9247464182085373,0.24081328236461527,0.2,210.02304445135724,0.6942997341857637,30.980094221373324
2024-01-21 13:00:00,0.7742161332811791,0.16985360110070122,0.2,212.168973715505,0.6478702888050489,28.911383872856295
2024-01-21 13:15:00,0.9357172832301712,0.1295020502235747,0.2,229.40074311620378,0.6931574378143674,29.28543032987475
2024-01-21 13:30:00,0.8200908209844467,0.2396528545645528,0.2,209.16347658636406,0.6988249289242202,27.673900516564608
2024-01-21 13:45:00,0.7303183859286767,0.36934698606106586,0.2,209.29735339039865,0.7061082245566538,28.053773591642486
2024-01-21 14:00:00,0.7709034588039517,0.27362619501479934,0.2,209.52351875328952,0.6763156471471541,26.31865049189615
2024-01-21 14:15:00,0.7783043496226499,0.43061415710865947,0.2,229.69073439198561,0.7225551026392203,29.46954827608536
2024-01-21 14:30:00,0.712183677160753,0.34525500307107004,0.2,271.1848799018757,0.7180125076255611,31.088678323289475
2024-01-21 14:45:00,0.6487999950109765,0.30630382368982634,0.2,241.52750856771297,0.605658547776314,31.58990099711705
2024-01-21 15:00:00,0.6843932334174048,0.303127005539115,0.1,262.64787547873027,0.6120358544865285,28.45402572847995
2024-01-21 15:15:00,0.6444178670586554,0.33687996335343773,0.1,252.26247057983215,0.7329005465203022,29.350077780230563
2024-01-21 15:30:00,0.5324259234722035,0.10379300219894447,0.1,314.94536496264914,0.5800210255773126,31.17482203291469
2024-01-21 15:45:00,0.5386491745718344,0.4205818408425048,0.1,305.6358379510275,0.6488780239886165,27.596083210416772
2024-01-21 16:00:00,0.4817608274603285,0.40413087712881585,0.1,305.70204172814584,0.5765742368842129,29.621189207645557
2024-01-21 16:15:00,0.418542020166773,0.28437221867871115,0.1,313.6792127485934,0.6171371553159648,28.287028738053568
2024-01-21 16:30:00,0.32778702976136304,0.2616953761714787,0.1,296.4780484465675,0.6854007132406936,25.3484199616994
2024-01-21 16:45:00,0.31654431630802854,0.42222153611188273,0.1,313.1520102393664,0.602814850006997,27.434071056025854
2024-01-21 17:00:00,0.23494617179621138,0.3738136847560153,0.1,365.83927858699485,0.5634325080147414,24.92930215778742
2024-01-21 17:15:00,0.17414062498067603,0.5564828170858005,0.1,364.0234244187743,0.6210871557443868,27.59237547955996
2024-01-21 17:30:00,0.12705319520912817,0.42549504451613324,0.1,392.8313811587093,0.560663774831044,24.42985426629582
2024-01-21 17:45:00,0.06048830561263309,0.32537068778807127,0.1,344.5433171405568,0.45298677225484274,23.58858837598569
2024-01-21 18:00:00,1.0649370009021828e-16,0.2947568703622355,0.2,388.4256544959946,0.5167395621370506,22.60600574080402
2024-01-21 18:15:00,0.0,0.5200062757821321,0.2,417.50876176868405,0.5648755252600284,22.498757715562938
2024-01-21 18:30:00,0.0,0.41522865652328333,0.2,398.72224945044695,0.4626257424892116,24.27026789862586
2024-01-21 18:45:00,0.0,0.6057843819928826,0.2,404.25599940333655,0.46633239219941947,24.29236539945061
2024-01-21 19:00:00,0.0,0.5412589564534304,0.2,392.55252918685267,0.4859987905014396,22.199084850011772
2024-01-21 19:15:00,0.0,0.5424321418194913,0.2,413.9659807321285,0.43271066427704047,23.77365941751407
2024-01-21 19:30:00,0.0,0.4602183506096211,0.2,373.668061724554,0.4689865335094318,17.044360573615958
2024-01-21 19:45:00,0.0,0.401134660593521,0.2,394.2671459328133,0.4169964869251112,21.8889511843534
2024-01-21 20:00:00,0.0,0.5574448541465324,0.2,406.00410961527285,0.40570598915487527,17.552499530334416
2024-01-21 20:15:00,0.0,0.48027415695678466,0.2,421.3663783293648,0.4037152684521322,19.978918482282346
2024-01-21 20:30:00,0.0,0.5858038424703926,0.2,438.60507649504143,0.3573384193004849,18.94105331723781
2024-01-21 20:45:00,0.0,0.5834022002607309,0.2,405.6635204473547,0.3656246665316285,15.795442119874929
2024-01-21 21:00:00,0.0,0.521900940374344,0.05,360.422282694503,0.32455013229979346,15.02248125621075
2024-01-21 21:15:00,0.0,0.3476375110709281,0.05,379.0003448732102,0.3084735226490783,16.393688855071005
2024-01-21 21:30:00,0.0,0.4224309773341478,0.05,416.85579717351504,0.25561553076421784,15.8985962779261
2024-01-21 21:45:00,0.0,0.45884497445726724,0.05,427.6693825696396,0.23891426887872147,16.472041050004773
2024-01-21 22:00:00,0.0,0.6930780600648963,0.05,391.4566819154469,0.22264394401755078,10.338296993095154
2024-01-21 22:15:00,0.0,0.6355545550326274,0.05,419.688476300268,0.22179934597058815,9.099265037068365
2024-01-21 22:30:00,0.0,0.6568255094134429,0.05,413.3419878483034,0.21282072734547994,16.73143912241039
2024-01-21 22:45:00,0.0,0.6144937492213667,0.05,432.93468828979326,0.2125867074887552,13.797029296196005
2024-01-21 23:00:00,0.0,0.6278476013351004,0.05,365.7149820660569,0.2,14.367870111640793
2024-01-21 23:15:00,0.0,0.5922878782065927,0.05,389.0586507100403,0.2,11.655374508279051
2024-01-21 23:30:00,0.0,0.47430140373970486,0.05,415.7774295061367,0.2,10.491124495779973
2024-01-21 23:45:00,0.0,0.2926783504570507,0.05,410.0760080466534,0.2,12.043210272204938
2024-01-22 00:00:00,0.0,0.5152062203164721,0.05,409.6686498747591,0.2,11.75454313645479
2024-01-22 00:15:00,0.0,0.7787402782028365,0.05,420.4852607417209,0.2,9.694962300824184
2024-01-22 00:30:00,0.0,0.8442580311422053,0.05,395.93443663839673,0.2,9.890622619903938
2024-01-22 00:45:00,0.0,0.34435427708534266,0.05,416.1605724889234,0.2,10.854960605258729
2024-01-22 01:00:00,0.0,0.5455463770142251,0.05,398.8717157126692,0.2,11.77308365078332
2024-01-22 01:15:00,0.0,0.518745041906189,0.05,397.14171183343257,0.2,10.712647551415168
2024-01-22 01:30:00,0.0,0.47597393550957035,0.05,352.3839343183564,0.2,10.006207679606558
2024-01-22 01:45:00,0.0,0.475209190553129,0.05,405.36720587765376,0.2,7.153655228628923
2024-01-22 02:00:00,0.0,0.6444671918889308,0.05,353.45396363203776,0.2,8.270128836849025
2024-01-22 02:15:00,0.0,0.5829726867765115,0.05,400.6123332006216,0.2,11.17728223130594
2024-01-22 02:30:00,0.0,0.4773015727075057,0.05,430.0043681380054,0.2,7.278722785790283
2024-01-22 02:45:00,0.0,0.5397878296730242,0.05,376.27074760225725,0.2,8.148128489728078
2024-01-22 03:00:00,0.0,0.43634622653829475,0.05,390.6387593472622,0.2,8.242944014565301
2024-01-22 03:15:00,0.0,0.46857682429892716,0.05,437.7185410008359,0.2,11.867262684150328
2024-01-22 03:30:00,0.0,0.7126491039032165,0.05,381.30756589192885,0.2,7.761660579332823
2024-01-22 03:45:00,0.0,0.5894234382915665,0.05,403.6487271510299,0.2,10.350812569801597
2024-01-22 04:00:00,0.0,0.49682363821408104,0.05,404.1958954213627,0.2,11.984817348394525
2024-01-22 04:15:00,0.0,0.663623420988956,0.05,402.05725423983,0.2,11.28509002958527
2024-01-22 04:30:00,0.0,0.508091083614793,0.05,433.4136843706697,0.2,11.225984109064322
2024-01-22 04:45:00,0.0,0.6770548911505301,0.05,400.23372526090446,0.2,13.246184055939976
2024-01-22 05:00:00,0.0,0.4106723900630648,0.05,404.88466186915775,0.2702922025819196,12.73109535262294
2024-01-22 05:15:00,0.0,0.25038120669116704,0.05,412.2806855541329,0.22517418552862264,13.647072363006547
2024-01-22 05:30:00,0.0,0.5051573557452075,0.05,427.0025080080918,0.21254913764845396,14.144411735978533
2024-01-22 05:45:00,0.0,0.4210772802696086,0.05,417.18640869114756,0.200882276236284,13.522052517387904
2024-01-22 06:00:00,0.0,0.5161991282965501,0.05,403.6486217727976,0.20325105667957988,15.332932816235981
2024-01-22 06:15:00,0.05619745399821101,0.35392125600681895,0.05,401.6514058957056,0.2615977720919277,18.608029030610766
2024-01-22 06:30:00,0.12203473061814575,0.7002059880049006,0.05,368.5182131505929,0.2558884978939192,11.982139012233983
2024-01-22 06:45:00,0.1928921493015086,0.376258246004857,0.05,372.867779974265,0.3073065200405792,18.472536145112905
2024-01-22 07:00:00,0.21161621667944225,0.3335295851728219,0.1,325.38426149120505,0.27640720165011556,20.090784790900575
2024-01-22 07:15:00,0.3009676996677542,0.504008488572434,0.1,331.3285270002489,0.25253777214244,19.738510683994907
2024-01-22 07:30:00,0.35312774940388675,0.3096440874464599,0.1,333.76926148577627,0.2978061414352494,16.08864110964739
2024-01-22 07:45:00,0.39496381689272597,0.2949131245854207,0.1,274.3843477102009,0.31329458485617684,22.337084859595688
2024-01-22 08:00:00,0.4615491694301665,0.3396540087836847,0.1,293.63584191379914,0.3229790904423144,15.388988546868797
2024-01-22 08:15:00,0.4933199362444222,0.37777053735982624,0.1,300.16371436716184,0.32010386961881937,19.201955418561475
2024-01-22 08:30:00,0.5607546284115766,0.15564968386932296,0.1,255.67996960548834,0.4043887719658781,19.617686535691522
2024-01-22 08:45:00,0.6085401112411961,0.38097859829749464,0.1,282.38763399068307,0.4839734434176604,20.33819653437049
2024-01-22 09:00:00,0.6151683330586979,0.40200332695524643,0.1,302.1986462355111,0.41841900534723525,22.407494928568976
2024-01-22 09:15:00,0.6834543875687954,0.23352567135329233,0.1,276.38305091938025,0.5641643026350854,24.446930118485664
2024-01-22 09:30:00,0.7404676250546413,0.15357163951075042,0.1,250.21192268896303,0.4901623264885816,26.0113207964054
2024-01-22 09:45:00,0.7571336086726338,0.18704154567633838,0.1,216.6515152165724,0.5491008100941879,27.068517905690573
2024-01-22 10:00:00,0.8016764772403533,0.39526160846784875,0.2,202.62783247797125,0.49922253640374736,29.752338078214017
2024-01-22 10:15:00,0.8599673614002133,0.18033240468335276,0.2,223.0094422998268,0.5352494861869117,25.99864712927321
2024-01-22 10:30:00,0.8530169247537441,0.25450373373140045,0.2,204.608705372234,0.6163132559866471,30.506440214905492
2024-01-22 10:45:00,0.8963094475121431,0.35371868286585645,0.2,224.36611722259806,0.5714179663785611,28.164214682482278
2024-01-22 11:00:00,0.7898339535002684,0.2913845314798277,0.2,222.4822586696904,0.6111223625757733,27.555989851731926
2024-01-22 11:15:00,0.8881559479898733,0.05065853410659957,0.2,209.0554753797734,0.6078491204162926,25.24392747207993
2024-01-22 11:30:00,0.893693002642351,0.05851791644348128,0.2,230.80540221034855,0.5609590611490453,25.881535479197662
2024-01-22 11:45:00,0.9265801993150002,0.22177087776849352,0.2,212.48890941719097,0.5856385545222155,25.945300473849393
2024-01-22 12:00:00,0.9348884475641314,0.14324615310239008,0.2,221.4880532937653,0.564472971641602,25.904293277421868
2024-01-22 12:15:00,0.9500822165317694,0.20787260290346535,0.2,191.38671359744018,0.5923702905657622,27.022343464069515
2024-01-22 12:30:00,0.8047466660372792,0.34869407624519777,0.2,236.30096331743357,0.7296746805462762,28.257905806583285
2024-01-22 12:45:00,0.8612603063194995,0.27943900706615754,0.2,171.61695425152908,0.6667103688091182,30.027523985949287
2024-01-22 13:00:00,0.8736823735458131,0.18419061349791593,0.2,218.20029875595398,0.659721851181302,32.31295462828104
2024-01-22 13:15:00,0.8580489660129048,0.08070944405654507,0.2,212.1965755756094,0.7276211668988304,31.84765422212654
2024-01-22 13:30:00,0.8766025939542768,0.14279957834813112,0.2,216.97669853966187,0.6600256181114644,30.296729231280825
2024-01-22 13:45:00,0.83933296028208,0.1945846171571246,0.2,203.43246710196166,0.7702368052234662,28.399051470236024
2024-01-22 14:00:00,0.8097528223270076,0.2803087458118793,0.2,218.99805639849674,0.7862794535645847,31.07683063161189
2024-01-22 14:15:00,0.7636738057305104,0.1710140555000586,0.2,252.21589429549903,0.7073427373479629,28.83498885360985
2024-01-22 14:30:00,0.7138781271185746,0.42115334224885026,0.2,243.05740913118518,0.6701468765454104,31.170072466290804
2024-01-22 14:45:00,0.6182069428102843,0.3169920811471242,0.2,238.81767427832668,0.7258882068599259,31.024907675452464
2024-01-22 15:00:00,0.686913562752952,0.31285273765247634,0.1,316.3053703543008,0.6981848858503624,32.1282593149973
2024-01-22 15:15:00,0.578827652541687,0.26504044339059896,0.1,237.88602193615952,0.7118250884034834,27.29493555308682
2024-01-22 15:30:00,0.6000695827879329,0.22160176651436514,0.1,268.3869017224859,0.6532774136413472,26.172219516946093
2024-01-22 15:45:00,0.46634176608157063,0.2993639418228765,0.1,274.8663599569129,0.6732579265039804,31.406594895224682
2024-01-22 16:00:00,0.4552327766307849,0.12460112858930836,0.1,295.93511896534017,0.7006878135938195,30.208929549158693
2024-01-22 16:15:00,0.4294183300576803,0.21764807439709358,0.1,304.059492123503,0.7307854942710275,27.834125933373393
2024-01-22 16:30:00,0.2979084482770435,0.3712568154063919,0.1,303.7530392018601,0.5834192112790234,27.297145895077218
2024-01-22 16:45:00,0.289560442149203,0.45517846417774616,0.1,340.82065680994253,0.6115428188032337,28.078432756122826
2024-01-22 17:00:00,0.2367105678162541,0.3878435954981184,0.1,362.094765800625,0.46896500171418654,27.2599603689687
2024-01-22 17:15:00,0.1849165581702142,0.2995208456369322,0.1,320.7982294226534,0.5892347576406981,28.755294160953667
2024-01-22 17:30:00,0.11423446764075804,0.4717472497896479,0.1,382.36249986299026,0.5685041162748822,21.033272316761533
2024-01-22 17:45:00,0.05742166001914477,0.2938568457643093,0.1,416.20453803464295,0.5861939268436474,26.260480100066285
2024-01-22 18:00:00,1.0912041021560267e-16,0.247857059629475,0.2,387.74676009732303,0.5726100056102197,25.682082453513463
2024-01-22 18:15:00,0.0,0.35364426353113065,0.2,395.59634584126854,0.5398009531481037,25.33344719092201
2024-01-22 18:30:00,0.0,0.5464198194493006,0.2,411.0377376652787,0.5466212373299596,24.46629473645344
2024-01-22 18:45:00,0.0,0.5425958881685816,0.2,390.23273965114083,0.503197051733661,19.610844910315024
2024-01-22 19:00:00,0.0,0.45160660617620824,0.2,411.58801558217573,0.5548048946387903,23.014079826634838
2024-01-22 19:15:00,0.0,0.33025369357743706,0.2,401.3183140407639,0.49918673523787466,24.8549100356689
2024-01-22 19:30:00,0.0,0.40946896897514923,0.2,414.56342635413364,0.4532089948052305,22.282815943565737
2024-01-22 19:45:00,0.0,0.5643187377928719,0.2,435.63860709825633,0.509366626354482,21.67076304249937
2024-01-22 20:00:00,0.0,0.5309987784611193,0.2,383.44577868369464,0.37393621492424955,19.23525420911583
2024-01-22 20:15:00,0.0,0.5204117459094786,0.2,395.1198182454262,0.42954584535985685,18.100192529427442
2024-01-22 20:30:00,0.0,0.39358119077816883,0.2,398.6528770128016,0.428128865606523,18.79663648680658
2024-01-22 20:45:00,0.0,0.4832543079170961,0.2,411.4274548173224,0.3141193114439993,16.188578000027558
2024-01-22 21:00:00,0.0,0.5630080618040544,0.05,394.02808280600135,0.2673498465662346,16.32496915817353
2024-01-22 21:15:00,0.0,0.5583761963242788,0.05,406.9321129130321,0.3082307255425501,14.937256298563073
2024-01-22 21:30:00,0.0,0.5978931604650077,0.05,404.62674554212083,0.23909537313960935,14.63106095620787
2024-01-22 21:45:00,0.0,0.6147678493639285,0.05,399.78803490087296,0.2392695801059308,17.505149762113973
2024-01-22 22:00:00,0.0,0.4552238579543505,0.05,381.52403767545286,0.2,16.481981696920993
2024-01-22 22:15:00,0.0,0.6806653697133245,0.05,386.71353787496105,0.21480267033951936,10.707493054703177
2024-01-22 22:30:00,0.0,0.5628348608336602,0.05,395.6773462431058,0.2,15.773760271297943
2024-01-22 22:45:00,0.0,0.5338472246373661,0.05,385.3453186409309,0.24753322372572042,11.566997123449255
2024-01-22 23:00:00,0.0,0.7231636198395034,0.05,426.12621946913663,0.2,11.657377456780788
2024-01-22 23:15:00,0.0,0.578810288909753,0.05,384.2538565409767,0.2,12.260290568607523
2024-01-22 23:30:00,0.0,0.3511838871476094,0.05,425.96376413907626,0.2,10.17858977605231
2024-01-22 23:45:00,0.0,0.42534961703388197,0.05,391.3942442672759,0.2,10.171725569205812
2024-01-23 00:00:00,0.0,0.6105621279999347,0.05,410.476895924898,0.2,11.788182802826489
2024-01-23 00:15:00,0.0,0.5846645680800158,0.05,396.26084596245846,0.2,13.27322603516165
2024-01-23 00:30:00,0.0,0.5346067615419405,0.05,419.95817397046943,0.2,14.026478503375149
2024-01-23 00:45:00,0.0,0.6574014937202426,0.05,381.12398169354543,0.2,12.596019552130228
2024-01-23 01:00:00,0.0,0.6527479533226093,0.05,383.4332782226166,0.2,9.215219455169606
2024-01-23 01:15:00,0.0,0.4571567295440928,0.05,424.41770966543584,0.2,11.91871821864646
2024-01-23 01:30:00,0.0,0.8053963831468275,0.05,379.54403575566977,0.2,9.777150302447318
2024-01-23 01:45:00,0.0,0.5773684202625926,0.05,397.6946228168108,0.2,6.911128962429446
2024-01-23 02:00:00,0.0,0.5525542567829078,0.05,393.59218294615033,0.2,12.217504073651469
2024-01-23 02:15:00,0.0,0.600717939304838,0.05,425.77561874461253,0.2,10.775863718983926
2024-01-23 02:30:00,0.0,0.7221072564974926,0.05,400.39927091854213,0.2,10.404710407119556
2024-01-23 02:45:00,0.0,0.38723693476777793,0.05,408.8589606792011,0.2,10.308925388359862
2024-01-23 03:00:00,0.0,0.5541422942717783,0.05,427.5418390200084,0.2,9.473444271116776
2024-01-23 03:15:00,0.0,0.5758137392426471,0.05,370.39683707023664,0.2,9.358569905886007
2024-01-23 03:30:00,0.0,0.6199807124978338,0.05,391.0103469843487,0.2,11.90456757821822
2024-01-23 03:45:00,0.0,0.3764793983893531,0.05,391.75384701922195,0.2,15.042744767989493
2024-01-23 04:00:00,0.0,0.44072482254621803,0.05,437.56382764411677,0.2,9.149954445995167
2024-01-23 04:15:00,0.0,0.4204649283669701,0.05,372.0280605237011,0.2,11.764200085665633
2024-01-23 04:30:00,0.0,0.5701800328977622,0.05,398.99867744031957,0.2,11.598800040904202
2024-01-23 04:45:00,0.0,0.36931167014577526,0.05,420.7403702308478,0.2,12.41426701504399
2024-01-23 05:00:00,0.0,0.4387142104987672,0.05,394.327064812281,0.2,13.875541895855857
2024-01-23 05:15:00,0.0,0.5497433236135019,0.05,418.9756208901808,0.2,16.463760194755857
2024-01-23 05:30:00,0.0,0.4927261460026521,0.05,380.5502665723987,0.22415475332917573,12.363048896199029
2024-01-23 05:45:00,0.0,0.3669809152121698,0.05,428.05453050918607,0.21082571811843415,15.948497240043022
2024-01-23 06:00:00,0.0,0.46185931883488607,0.05,402.8491570569525,0.24097359023981843,14.735922593474092
2024-01-23 06:15:00,0.054771286859337,0.5631589517112378,0.05,369.2230347062881,0.26173889399487926,15.140634666645346
2024-01-23 06:30:00,0.12903050785349582,0.3714152601916428,0.05,393.52759345955246,0.29491933670313625,13.616345692217827
2024-01-23 06:45:00,0.18934735824507956,0.40223537933523,0.05,319.84171135189996,0.24960274552874367,17.4617579755217
2024-01-23 07:00:00,0.2520346676004776,0.3449155942793656,0.1,373.9704374502301,0.29721914332261723,20.984007212208006
2024-01-23 07:15:00,0.2761014167759008,0.3996765316410335,0.1,357.7724024618247,0.40336083707559517,19.266494666582197
2024-01-23 07:30:00,0.36785360079047363,0.35146856424504397,0.1,332.3107166648125,0.3426378814267169,17.226338315770953
2024-01-23 07:45:00,0.3719777494472189,0.30217626788349067,0.1,308.1463618721206,0.39757544871735473,18.725391920554127
2024-01-23 08:00:00,0.4726482781934517,0.1792341654861773,0.1,290.00339257776653,0.424325503323186,17.316791021260794
2024-01-23 08:15:00,0.491020026892485,0.20934048455538634,0.1,307.7274121090105,0.43144320499906685,19.835236328666078
2024-01-23 08:30:00,0.5539277606330307,0.42250814238535994,0.1,296.4258760347354,0.45312232588739126,24.55230773561528
2024-01-23 08:45:00,0.5692436962759296,0.23993628834985659,0.1,254.56809786552463,0.44992416014450176,19.824687913436534
2024-01-23 09:00:00,0.6745819931117913,0.2044868231618588,0.1,280.476030355314,0.46749878673197187,20.11725436578033
2024-01-23 09:15:00,0.6958470938585475,0.3113648752502619,0.1,247.92165592783488,0.45170078422490445,23.150870724584774
2024-01-23 09:30:00,0.7272875450471376,0.1399753481858831,0.1,218.09259441058887,0.5066086240543975,20.29306615751289
2024-01-23 09:45:00,0.8033465677465166,0.23994752906792266,0.1,236.5094229532752,0.5456932999822869,22.517607408792312
2024-01-23 10:00:00,0.842336808390045,0.14430902617862695,0.2,219.88364625941347,0.5646830445755323,26.703712354836146
2024-01-23 10:15:00,0.8403053614465853,0.31927945849861233,0.2,196.3145250245886,0.5479419621219394,25.071175606478118
2024-01-23 10:30:00,0.7933209964113057,0.19919036241577037,0.2,240.7155139704055,0.49652734222942596,26.429110877702584
2024-01-23 10:45:00,0.8687106187309628,0.34643131034742164,0.2,220.45952987166353,0.5544079332322374,26.624527648705197
2024-01-23 11:00:00,0.8757918212917729,0.16809528619117634,0.2,202.54700287767324,0.6191436639177409,24.695747891235854
2024-01-23 11:15:00,0.8861788747488699,0.15084003067629875,0.2,206.51751355634448,0.5642761631533478,27.857625644768902
2024-01-23 11:30:00,0.8587252133353687,0.0,0.2,181.44510397856035,0.6412235454425098,24.00599045485167
2024-01-23 11:45:00,0.9820202622601016,0.193978613575129,0.2,208.23303581799803,0.6743872868306268,31.014032466014218
2024-01-23 12:00:00,0.8382073517489048,0.2862461112186138,0.2,198.64241275142717,0.5806140610104485,28.143760771659174
2024-01-23 12:15:00,0.9307076914250392,0.47630089906894524,0.2,221.23569695618247,0.6539714062092389,31.746943592164012
2024-01-23 12:30:00,0.8898231110378713,0.16347029065409024,0.2,191.84432827397447,0.6996917209953367,31.480873570425533
2024-01-23 12:45:00,0.9014839205211391,0.06404012303035381,0.2,208.12255281596745,0.6599847770000061,33.149617314941466
2024-01-23 13:00:00,0.8921849616534274,0.31123725636416305,0.2,181.24357454581553,0.7463785759714602,28.767527392535104
2024-01-23 13:15:00,0.8519797593627707,0.192214202365513,0.2,179.74224012260768,0.8017793558941114,29.52566020265558
2024-01-23 13:30:00,0.8802864771114846,0.354687774194372,0.2,192.70885162726466,0.7055444789785892,28.172724209198346
2024-01-23 13:45:00,0.7936526118097207,0.17529975416983648,0.2,234.22532430094168,0.7328616265001727,31.78942340122568
2024-01-23 14:00:00,0.8168344310096504,0.13864563488827553,0.2,242.91874717685528,0.693977405424674,31.05186741540431
2024-01-23 14:15:00,0.7404119921342933,0.26533677027910985,0.2,242.3132989562508,0.697141291103718,31.949454611464297
2024-01-23 14:30:00,0.6910962882389177,0.1358472969131928,0.2,219.96461288083916,0.7711381176212554,30.18794814020681
2024-01-23 14:45:00,0.6752165482868583,0.27732970220147607,0.2,255.33771855174723,0.7303154719497704,26.97689320943348
2024-01-23 15:00:00,0.6515740465356862,0.22526289371915242,0.1,274.78229767907504,0.7567326149308353,29.15602501154813
2024-01-23 15:15:00,0.616384749708228,0.22153541782288758,0.1,277.4526335698479,0.6558922077737103,27.46792169644985
2024-01-23 15:30:00,0.5974712018267433,0.4221851454243071,0.1,249.96315612221977,0.6608241675283064,32.62778000228519
2024-01-23 15:45:00,0.5234226121023772,0.4243874257061526,0.1,286.4619209497185,0.6300576116582602,29.492044919013317
2024-01-23 16:00:00,0.40620036258554937,0.29090344482965,0.1,325.0482796719051,0.7436885426761893,27.25372810829608
2024-01-23 16:15:00,0.37924358064695374,0.22130397463251644,0.1,328.43152218144263,0.5972151420055923,26.58544374377499
2024-01-23 16:30:00,0.3317910136805392,0.3962621534284346,0.1,326.10678412421964,0.6912290513381713,26.569850946234137
2024-01-23 16:45:00,0.3114762772033336,0.33407190174216955,0.1,355.1478477741175,0.6435916259619158,28.328917177477063
2024-01-23 17:00:00,0.2486319735600766,0.42955096226397804,0.1,353.1946575278017,0.6583095570397414,24.527314993405298
2024-01-23 17:15:00,0.18756557020019132,0.2676696078705757,0.1,328.4299479927284,0.6675006742503893,25.38144690420902
2024-01-23 17:30:00,0.11996028495184577,0.13483593353106615,0.1,340.16704935061966,0.6070258345620022,20.894430166251805
2024-01-23 17:45:00,0.05654525695681552,0.2735737842138102,0.1,424.4710249364627,0.5734660175490658,27.809265393762985
2024-01-23 18:00:00,1.1617988623988736e-16,0.41167235719395795,0.2,373.9304588622371,0.49871440021143054,27.241849387763082
2024-01-23 18:15:00,0.0,0.383665841472578,0.2,410.32207156661576,0.4902259027406968,23.552794686739343
2024-01-23 18:30:00,0.0,0.3997204396093972,0.2,361.508735087052,0.5689567709017549,23.736205386368518
2024-01-23 18:45:00,0.0,0.45538846276129685,0.2,377.90892945155673,0.4858090292421802,26.563935712060392
2024-01-23 19:00:00,0.0,0.6001677833578578,0.2,370.82462839525954,0.4257511595888952,21.874486043451974
2024-01-23 19:15:00,0.0,0.49119697260500467,0.2,400.6162149130243,0.4009528675988065,22.17979790667168
2024-01-23 19:30:00,0.0,0.5856253260743373,0.2,388.2294870942749,0.3566803457900997,21.04068194360144
2024-01-23 19:45:00,0.0,0.5830121135660038,0.2,419.74920883580677,0.4306576123204979,17.46646343035699
2024-01-23 20:00:00,0.0,0.4545511077354731,0.2,423.059934587404,0.3309445534750541,19.694632397984577
2024-01-23 20:15:00,0.0,0.4488548852692963,0.2,401.8957630957422,0.3480828926425893,17.793436707566503
2024-01-23 20:30:00,0.0,0.6300870012930468,0.2,374.05963069669406,0.35873088888666466,17.24185975282806
2024-01-23 20:45:00,0.0,0.6007244810729384,0.2,388.80359057290264,0.336467474310731,19.111962437234265
2024-01-23 21:00:00,0.0,0.5148514792820333,0.05,425.86053990747047,0.3063237699930728,17.37736406049284
2024-01-23 21:15:00,0.0,0.5420512922995414,0.05,398.3195512176648,0.26382769483049645,21.480084056587625
2024-01-23 21:30:00,0.0,0.5528779432088761,0.05,387.47252388776695,0.21057267036126978,19.493118665492307
2024-01-23 21:45:00,0.0,0.32889777186488656,0.05,406.74410142887587,0.22451943025830348,14.741988852437325
2024-01-23 22:00:00,0.0,0.5633294473913416,0.05,386.03628926318777,0.28805967155829554,12.326122577870418
2024-01-23 22:15:00,0.0,0.6245906442151108,0.05,388.65897436975575,0.20909331298004108,15.866614094924456
2024-01-23 22:30:00,0.0,0.5521293004352882,0.05,404.65056545698667,0.23681070997657286,13.957157037828907
2024-01-23 22:45:00,0.0,0.6626075992215825,0.05,392.2367045793163,0.3270007201370425,10.262528311816471
2024-01-23 23:00:00,0.0,0.47726013218234403,0.05,402.7518437695251,0.2,12.164309726387522
2024-01-23 23:15:00,0.0,0.4093889838510587,0.05,385.2920923052439,0.2,13.781136805349005
2024-01-23 23:30:00,0.0,0.5587755357336673,0.05,399.98714897792496,0.2,8.758252132681333
2024-01-23 23:45:00,0.0,0.5750875407617192,0.05,424.09940659507544,0.2,15.419334245653317
2024-01-24 00:00:00,0.0,0.7187527679258121,0.05,458.4763483243124,0.2,15.535327177897987
2024-01-24 00:15:00,0.0,0.5938938460271169,0.05,439.7310843849717,0.2,11.100665421946237
2024-01-24 00:30:00,0.0,0.5362145771320184,0.05,387.7631389878834,0.2227752956904715,6.041225238411995
2024-01-24 00:45:00,0.0,0.5374485013350211,0.05,422.14392232526603,0.2,7.841257236036605
2024-01-24 01:00:00,0.0,0.3481393968042382,0.05,392.1741573577169,0.2,11.872298742648056
2024-01-24 01:15:00,0.0,0.7424956489895236,0.05,432.147852963963,0.2,9.261777376633638
2024-01-24 01:30:00,0.0,0.7654876501333442,0.05,407.52936768154404,0.2,14.164288272995947
2024-01-24 01:45:00,0.0,0.6150411819757649,0.05,395.622386359546,0.2,11.742866088400925
2024-01-24 02:00:00,0.0,0.5154320043312869,0.05,402.9094326839729,0.2,11.03297225268419
2024-01-24 02:15:00,0.0,0.4691534740709762,0.05,402.29276850860185,0.2,11.423912139263578
2024-01-24 02:30:00,0.0,0.47222849646182696,0.05,389.7151799477873,0.2,9.27579714246679
2024-01-24 02:45:00,0.0,0.4819352130512262,0.05,395.4309706645181,0.2,9.951660076890025
2024-01-24 03:00:00,0.0,0.6047950622763261,0.05,394.9405015948292,0.2,12.602327416220728
2024-01-24 03:15:00,0.0,0.2927383853148997,0.05,418.90693892324924,0.2,15.843389967147944
2024-01-24 03:30:00,0.0,0.5464055807208699,0.05,405.4010134473359,0.2,12.573940424412452
2024-01-24 03:45:00,0.0,0.5930962106644906,0.05,392.8491169722328,0.2,10.185354970261558
2024-01-24 04:00:00,0.0,0.5168514463532677,0.05,404.73690145298275,0.2,11.033414918404072
2024-01-24 04:15:00,0.0,0.681626669662168,0.05,411.6861048182027,0.2,13.673305750725158
2024-01-24 04:30:00,0.0,0.47696560788456605,0.05,374.14957565189854,0.2,10.240577243495611
2024-01-24 04:45:00,0.0,0.3533484497781515,0.05,393.7561033502572,0.2,11.856477665147434
2024-01-24 05:00:00,0.0,0.31993761719691544,0.05,425.2985836193955,0.2,15.863402124591989
2024-01-24 05:15:00,0.0,0.31430589956160804,0.05,398.6362378414483,0.2,14.835970232903932
2024-01-24 05:30:00,0.0,0.6186987907852539,0.05,405.39182568020436,0.2,9.114200626815055
2024-01-24 05:45:00,0.0,0.3548544625770853,0.05,425.2585445177437,0.2943872338471122,13.394013210141257
2024-01-24 06:00:00,0.0,0.3595061061138471,0.05,364.11641909376675,0.2,10.663416230145089
2024-01-24 06:15:00,0.06020435075573696,0.3548695023883929,0.05,361.0263131822046,0.25691906573742723,18.243914361298234
2024-01-24 06:30:00,0.12796741537357,0.40629153993051215,0.05,364.96181593391276,0.3712447482636514,14.162886422093374
2024-01-24 06:45:00,0.17580083448577247,0.41549975659454436,0.05,357.62804458590296,0.3001117904817147,17.013200465574386
2024-01-24 07:00:00,0.24764952854638247,0.2989699656401555,0.1,351.7848884810862,0.27555945646812113,16.204764667043047
2024-01-24 07:15:00,0.2853785363781856,0.4009994284177235,0.1,289.77736643400533,0.3011059618319766,16.289255066987955
2024-01-24 07:30:00,0.35821509658703193,0.316589349792222,0.1,361.3107239800338,0.33784969080074645,19.405465157856618
2024-01-24 07:45:00,0.41546379277905526,0.25719957243244074,0.1,339.4865243407938,0.3844665001232506,20.11023617305109
2024-01-24 08:00:00,0.4486463967754429,0.33008133730921957,0.1,302.2322732284015,0.483134684195767,18.79791499920972
2024-01-24 08:15:00,0.5315932179852809,0.42057564091952254,0.1,268.2272012562152,0.453705311527252,21.827600857410797
2024-01-24 08:30:00,0.4918652704958908,0.3037049216533622,0.1,290.0433710171785,0.4329539909659027,22.471534097929734
2024-01-24 08:45:00,0.5683152888448062,0.2116931759616988,0.1,255.7314929551041,0.4697941887224552,24.208012978152485
2024-01-24 09:00:00,0.6456236774318029,0.35196533815395115,0.1,236.34161645065834,0.49960137745784955,21.489536452118518
2024-01-24 09:15:00,0.7222212534297705,0.18434723279863185,0.1,271.96322526054666,0.4056617876322542,19.417906944737158
2024-01-24 09:30:00,0.6725801436488171,0.32574521215449975,0.1,244.4905226740309,0.5851505790488276,27.164225819348758
2024-01-24 09:45:00,0.8085961573412457,0.1214471250064949,0.1,215.85875702425182,0.5359553587383593,26.338325616322983
2024-01-24 10:00:00,0.8234603545547011,0.2585201012414304,0.2,210.6003509306812,0.5668016519874739,24.24318086612955
2024-01-24 10:15:00,0.8789655324059675,0.23236390666799311,0.2,245.57091935607795,0.5276465161508073,22.48882629941146
2024-01-24 10:30:00,0.8549777472784108,0.026601191316665246,0.2,211.36278429136712,0.4860099052692236,24.123757988540707
2024-01-24 10:45:00,0.787071082772212,0.28012402896182237,0.2,221.3327488001766,0.7040780204068782,25.031547911265562
2024-01-24 11:00:00,0.8734361348233144,0.07387193429520969,0.2,225.31242589402035,0.5941628978988729,27.258940512964113
2024-01-24 11:15:00,0.8978340601184457,0.3683170635402645,0.2,188.70723202598055,0.6554329410406027,27.72177751193233
2024-01-24 11:30:00,0.8877837143525521,0.1259402352102842,0.2,184.53498331050133,0.6671985597123935,26.615402836651935
2024-01-24 11:45:00,0.7928629397666129,0.04149209691009881,0.2,186.11999603958748,0.6699648874197568,30.856034981224795
2024-01-24 12:00:00,0.9421502737473355,0.37194327430947105,0.2,227.03835782444824,0.681260124104525,32.7618556061649
2024-01-24 12:15:00,0.8607554464190547,0.283371394354643,0.2,225.06809267149666,0.638479682400657,23.700533283927022
2024-01-24 12:30:00,0.9545756572147048,0.2945960809534838,0.2,170.3832618203126,0.6925154971929101,31.499017657613265
2024-01-24 12:45:00,0.8114214765160161,0.1265964943202937,0.2,197.32946353926906,0.7160053924731392,27.56209802954392
2024-01-24 13:00:00,0.8498644693458522,0.2029312536462177,0.2,179.83681005447892,0.639202071833536,27.491862820567185
2024-01-24 13:15:00,0.9227982229018705,0.33256983422669867,0.2,230.11929844033162,0.6563138778253348,26.552309082370254
2024-01-24 13:30:00,0.8787279922283366,0.19207862871964004,0.2,234.50323659347674,0.7398290477071153,29.668501457187617
2024-01-24 13:45:00,0.7559759186600566,0.1841583125788299,0.2,262.22903016682045,0.7044173872337696,27.89181664131614
2024-01-24 14:00:00,0.840864242737705,0.07590711840573339,0.2,209.25428105531307,0.7119527910697776,29.99844517294489
2024-01-24 14:15:00,0.7833170582230722,0.2558588986749321,0.2,214.44626188585335,0.6707500734874678,29.49345842687928
2024-01-24 14:30:00,0.6980264640239697,0.21044804949330406,0.2,266.08158158051026,0.7324471477696598,27.809166744949597
2024-01-24 14:45:00,0.7305996675932651,0.0,0.2,259.48627055510366,0.6686386022155545,29.258953689885768
2024-01-24 15:00:00,0.6279773863680115,0.10742404615608792,0.1,282.6372414557774,0.7234223246146992,30.09392200986762
2024-01-24 15:15:00,0.5715343312852466,0.41597883930735025,0.1,244.48356101514634,0.6480238189808941,29.424843964694567
2024-01-24 15:30:00,0.5818811204071643,0.20713648405280338,0.1,302.0720639691317,0.7824217917595186,29.336268560443912
2024-01-24 15:45:00,0.5518056039242296,0.24281296650527456,0.1,309.6847616136728,0.5711148222368575,26.791232390061126
2024-01-24 16:00:00,0.4894033977342127,0.35859572330707956,0.1,287.19435600957945,0.6401536493100813,27.352105337010144
2024-01-24 16:15:00,0.4231921462111656,0.27746942420386356,0.1,290.9980929444069,0.7294794302715731,30.407607297702118
2024-01-24 16:30:00,0.3534676802426111,0.35374708342889394,0.1,329.96634052587,0.5794318708454206,28.410165444236252
2024-01-24 16:45:00,0.2694696307589816,0.4170427270062405,0.1,305.05230278122804,0.6012273681936784,29.885898725539125
2024-01-24 17:00:00,0.2180197432817012,0.3546553089639517,0.1,354.2680894575087,0.612868109775355,30.049441459063086
2024-01-24 17:15:00,0.18118002165601543,0.27592756561219983,0.1,375.6883086188457,0.5876627209173938,27.67456921746227
2024-01-24 17:30:00,0.11362356288292474,0.4747611368933342,0.1,354.26313126362135,0.5759102833143221,26.491024114780437
2024-01-24 17:45:00,0.054390846782632576,0.2894632806922977,0.1,373.8497531385739,0.6590116768489378,25.119925971539978
2024-01-24 18:00:00,1.1314426055764498e-16,0.13264582408285308,0.2,395.05949027679156,0.514303065586913,26.029313823904808
2024-01-24 18:15:00,0.0,0.06485226221256174,0.2,402.7796115749403,0.5793801764161786,26.459899015296195
2024-01-24 18:30:00,0.0,0.4109991660332818,0.2,404.0694470886405,0.4489972251216662,25.951629869842996
2024-01-24 18:45:00,0.0,0.47850422554815936,0.2,393.72208542367997,0.5275538639363732,21.73264729707516
2024-01-24 19:00:00,0.0,0.3929738381047475,0.2,406.13698876591155,0.533188500242421,24.01382881359218
2024-01-24 19:15:00,0.0,0.48189530859318863,0.2,409.2969977073163,0.43792027412422163,24.485437110248455
2024-01-24 19:30:00,0.0,0.4247782756393204,0.2,404.1075861576625,0.4203932222243335,21.176482538647708
2024-01-24 19:45:00,0.0,0.5719150104485263,0.2,391.023780841946,0.3972626023471562,19.440307177629208
2024-01-24 20:00:00,0.0,0.5001055573545099,0.2,412.69925899316024,0.40177126149585846,20.548621246825554
2024-01-24 20:15:00,0.0,0.4632510020449846,0.2,377.31802390278824,0.3997198655928866,19.39810764206377
2024-01-24 20:30:00,0.0,0.5815589572050881,0.2,404.1281428478759,0.34575684042238963,18.62383520700524
2024-01-24 20:45:00,0.0,0.27650787516353625,0.2,412.8069591089287,0.3905744556316703,18.6083609240561
2024-01-24 21:00:00,0.0,0.5046451855313173,0.05,402.13181474066295,0.2,16.979777496485337
2024-01-24 21:15:00,0.0,0.31594828512271306,0.05,381.161797522122,0.3146683868668354,15.352338683067108
2024-01-24 21:30:00,0.0,0.6516200553271756,0.05,390.45465636799725,0.2918991807109707,15.508337992382282
2024-01-24 21:45:00,0.0,0.3990825337755155,0.05,375.6000102561228,0.39915721197763626,15.506240963857698
2024-01-24 22:00:00,0.0,0.5095243213670788,0.05,423.98858996808553,0.23427690028184112,15.607535192981265
2024-01-24 22:15:00,0.0,0.5248066103626837,0.05,393.0800676831569,0.25055192196630477,15.827368730477888
2024-01-24 22:30:00,0.0,0.5819148858239951,0.05,405.32880102443363,0.2170276712546669,11.027898111302825
2024-01-24 22:45:00,0.0,0.5369445156660535,0.05,390.01173410654985,0.2,12.12053893542918
2024-01-24 23:00:00,0.0,0.4431591729697649,0.05,372.55590870890757,0.2,14.818897605076673
2024-01-24 23:15:00,0.0,0.5787603004850134,0.05,426.99257160520324,0.2,9.857641834084088
2024-01-24 23:30:00,0.0,0.6366241685231845,0.05,372.3974492586056,0.2,14.68651613345667
2024-01-24 23:45:00,0.0,0.666904366564653,0.05,393.0381806640683,0.2,10.480764390186021
2024-01-25 00:00:00,0.0,0.5010066467116978,0.05,423.80225709606384,0.2,11.042050801044414
2024-01-25 00:15:00,0.0,0.4810847624564937,0.05,436.269956319941,0.2,9.089214873812258
2024-01-25 00:30:00,0.0,0.5629833300978845,0.05,394.10513388467126,0.2,10.639911332040683
2024-01-25 00:45:00,0.0,0.6246861320974788,0.05,390.44032104264926,0.2,10.315405044226123
2024-01-25 01:00:00,0.0,0.5098263439905583,0.05,391.3526212866963,0.2,11.257907418961846
2024-01-25 01:15:00,0.0,0.5737565566892965,0.05,367.30801870135934,0.2419111602725828,11.94165929454938
2024-01-25 01:30:00,0.0,0.4484282485844646,0.05,407.62950242718745,0.2,9.051014188635913
2024-01-25 01:45:00,0.0,0.5691565830488875,0.05,408.4224299776784,0.215123772471296,11.009855998191817
2024-01-25 02:00:00,0.0,0.5749098013629611,0.05,409.1737460729189,0.2,9.638568612126857
2024-01-25 02:15:00,0.0,0.4399070478612873,0.05,375.0205176167088,0.2,6.81522488789766
2024-01-25 02:30:00,0.0,0.602973418984032,0.05,401.5608910686096,0.2,8.556656076277221
2024-01-25 02:45:00,0.0,0.4414360075221536,0.05,416.1937709794271,0.2,9.936076061937884
2024-01-25 03:00:00,0.0,0.4172996862391555,0.05,380.9299959901701,0.2,11.87802757088023
2024-01-25 03:15:00,0.0,0.39477441035805205,0.05,404.14287119801645,0.2,14.970396207112643
2024-01-25 03:30:00,0.0,0.5105154754528624,0.05,418.59620270080774,0.2,9.868019019031724
2024-01-25 03:45:00,0.0,0.4803404989786938,0.05,410.73058039865896,0.2,10.071964522193065
2024-01-25 04:00:00,0.0,0.5679113430823848,0.05,412.8736506911203,0.2,10.469338106362784
2024-01-25 04:15:00,0.0,0.37858581008927217,0.05,424.83512300474047,0.2,9.629069832715427
2024-01-25 04:30:00,0.0,0.48380433364321596,0.05,411.94777689530713,0.26594588681548725,10.40907497981461
2024-01-25 04:45:00,0.0,0.44350823148862306,0.05,372.1262171036463,0.2,11.887312509773016
2024-01-25 05:00:00,0.0,0.43807937804657254,0.05,408.75761355722244,0.2792134372614031,11.29093548493363
2024-01-25 05:15:00,0.0,0.3377555419708172,0.05,407.2961509123081,0.2564851073248082,14.911209903709906
2024-01-25 05:30:00,0.0,0.3337844880286116,0.05,391.9734366958912,0.21607496815753888,14.127669213563243
2024-01-25 05:45:00,0.0,0.33122842208977665,0.05,398.9258541533837,0.22078434959783305,15.363262197480548
2024-01-25 06:00:00,0.0,0.3770912665340044,0.05,404.7230846375236,0.3341907759492897,14.90914604991784
2024-01-25 06:15:00,0.053232875748623266,0.3321056852904012,0.05,354.56470563862365,0.2797767012682321,14.828924869502922
2024-01-25 06:30:00,0.11367539485456452,0.5012819228630342,0.05,383.1573328098398,0.3129200739854157,11.561832957125667
2024-01-25 06:45:00,0.17082384454295482,0.37246342006590205,0.05,356.4801793659371,0.3094689239170906,18.430955285770228
2024-01-25 07:00:00,0.23159074778207048,0.22820819480418428,0.1,363.5134067725682,0.3110482153623552,20.425757614390875
2024-01-25 07:15:00,0.3072481354464195,0.37387938863173265,0.1,339.4081297878567,0.3999526946975134,18.118681838158608
2024-01-25 07:30:00,0.37000473531181927,0.3661156955424106,0.1,329.41690258763,0.32796932723247196,19.015560723810058
2024-01-25 07:45:00,0.42418537051700367,0.23450985610533276,0.1,310.75299657265737,0.38962490153636087,21.972639415122295
2024-01-25 08:00:00,0.4093522761610187,0.41001707697166745,0.1,302.31427195774535,0.38969492779169795,17.75138142646285
2024-01-25 08:15:00,0.48496785709383256,0.2570033150618003,0.1,261.2220017104773,0.3754137560099111,20.12663184717158
2024-01-25 08:30:00,0.5897996357487679,0.246401576053708,0.1,276.3973014141648,0.37713323600609905,19.736323821829163
2024-01-25 08:45:00,0.5690722275446882,0.2905904070166876,0.1,273.5197428232222,0.38165474642905284,20.851452245193165
2024-01-25 09:00:00,0.600895799229414,0.2983228417051941,0.1,252.61511587763118,0.5603091897793314,21.110250835703734
2024-01-25 09:15:00,0.7027988280860821,0.08623597444900352,0.1,263.52632525212067,0.5990114694210917,21.52574060840403
2024-01-25 09:30:00,0.6707990498421523,0.388284758944668,0.1,214.9986380353352,0.4506808603164043,22.327955340676343
2024-01-25 09:45:00,0.7679065799970146,0.33941539696869993,0.1,246.8231049859773,0.4904790066901099,25.062898136949297
2024-01-25 10:00:00,0.7340273503391499,0.17913524033021117,0.2,196.63253051480064,0.5473677903774824,24.516379529232008
2024-01-25 10:15:00,0.8194057317984792,0.14418539239951955,0.2,232.03499580172962,0.5595729643449855,25.988641885868862
2024-01-25 10:30:00,0.8530516623466842,0.2712436709610602,0.2,191.40927001584396,0.5569296146729705,24.57639451975163
2024-01-25 10:45:00,0.9197603044665733,0.31408775010038426,0.2,226.82101614069427,0.6833776349743835,28.698932051765638
2024-01-25 11:00:00,0.8333185295221031,0.3232453188861559,0.2,232.29354327952285,0.6818724938152521,23.63803314374051
2024-01-25 11:15:00,0.8019275533467877,0.20738557203699787,0.2,189.0274939754103,0.5737995744220101,25.6322506844397
2024-01-25 11:30:00,0.9820951539661275,0.1585777450575246,0.2,211.29855045827395,0.6134436427581841,27.95291808868967
2024-01-25 11:45:00,0.8899507576828711,0.19675398599133243,0.2,194.55532084621322,0.6955075155727632,29.67606298441263
2024-01-25 12:00:00,0.9667049517320409,0.06580721694024586,0.2,211.08480534286593,0.7498403521700521,29.511435080426477
2024-01-25 12:15:00,0.9054412408987588,0.024466570962158596,0.2,172.69004216074126,0.6062499816710106,27.22092486197124
2024-01-25 12:30:00,0.9504128216256784,0.14618604216970874,0.2,231.31124231528887,0.6424379232706449,28.527539014186797
2024-01-25 12:45:00,0.8380427324850983,0.29785202670246885,0.2,198.74604380012113,0.6642870383298044,31.41547339561776
2024-01-25 13:00:00,0.9116695437033867,0.2552226726138751,0.2,218.97117503274868,0.7144753660523447,29.65853119702857
2024-01-25 13:15:00,0.8575893125305393,0.08159565793370835,0.2,251.98916044411254,0.780324114523637,29.543566197317617
2024-01-25 13:30:00,0.8574900628042941,0.43317992695913,0.2,205.60658929817646,0.6812523483523865,30.76097141890359
2024-01-25 13:45:00,0.7974520141642991,0.21783579584929308,0.2,228.81907645388407,0.7109514712025835,27.093527378350934
2024-01-25 14:00:00,0.7887845314649241,0.24798362146768288,0.2,205.16921848493686,0.7638494553458961,26.203662100390527
2024-01-25 14:15:00,0.8001164711608164,0.25337354094353803,0.2,202.8127183143855,0.7047190821202776,30.980987680991273
2024-01-25 14:30:00,0.7776976833759276,0.4647795401150056,0.2,264.4518811417183,0.6233509193599637,31.302571090812854
2024-01-25 14:45:00,0.6847440786747634,0.14016612308246773,0.2,241.06581924852884,0.6757798467421136,24.25687495546971
2024-01-25 15:00:00,0.6268846982397513,0.40869891210227094,0.1,224.10887986686583,0.7512767536745414,31.092095945470888
2024-01-25 15:15:00,0.6284202134458196,0.29275067050361453,0.1,292.28424102368956,0.7293920612185536,28.00321465543975
2024-01-25 15:30:00,0.5361351454782424,0.26156509087056545,0.1,242.6589622943672,0.7251576644964981,29.39985610087061
2024-01-25 15:45:00,0.4867950880720293,0.2779593917188025,0.1,304.7219779092694,0.6025425438941958,32.106660880828095
2024-01-25 16:00:00,0.4453222927400112,0.3046666054136402,0.1,282.1637104849887,0.6375577199694102,27.71785797023307
2024-01-25 16:15:00,0.4280219390581337,0.311363283625785,0.1,296.20835510613784,0.6930194781519209,25.872940291107387
2024-01-25 16:30:00,0.32348676645605046,0.16547614700331612,0.1,280.7861470685118,0.6272063482435898,27.13318997031976
2024-01-25 16:45:00,0.30715679677019475,0.4135448626931174,0.1,370.0556486444144,0.6947521006311889,24.037358716654406
2024-01-25 17:00:00,0.24474141047674075,0.3196889439141803,0.1,325.5286207265118,0.5520289865019212,27.14036978407368
2024-01-25 17:15:00,0.1754940263488306,0.4268864820884719,0.1,374.1510960224494,0.5996585213855863,25.218593588974144
2024-01-25 17:30:00,0.1208147885825716,0.49323245163088025,0.1,374.3245371509954,0.5795476558889715,26.0270503602244
2024-01-25 17:45:00,0.055736120483924484,0.37281707033283784,0.1,378.34999493168425,0.6171893737792148,26.734696780975423
2024-01-25 18:00:00,1.0943003242719073e-16,0.5374620659819358,0.2,395.48398468620604,0.6105882598938772,29.33643338044986
2024-01-25 18:15:00,0.0,0.36492892750197875,0.2,377.4210660384398,0.5687069329388277,28.02168652506405
2024-01-25 18:30:00,0.0,0.4141315475046928,0.2,356.22857537467485,0.4531652938312016,28.27030186711521
2024-01-25 18:45:00,0.0,0.38765229835317294,0.2,372.4896324998146,0.5592627437697392,23.810530318218852
2024-01-25 19:00:00,0.0,0.47366235211644353,0.2,416.060473051171,0.4845692560500062,25.27781900091183
2024-01-25 19:15:00,0.0,0.5816148201760966,0.2,405.34884183827745,0.4172432636931803,24.028658506075217
2024-01-25 19:30:00,0.0,0.5661651301036628,0.2,389.0422863185452,0.38570568633889046,16.855532485893185
2024-01-25 19:45:00,0.0,0.4449521387515588,0.2,414.0192834699602,0.4042104416962501,20.01422073074324
2024-01-25 20:00:00,0.0,0.41074085883924866,0.2,367.9451939883138,0.30615067297851806,24.747191343656183
2024-01-25 20:15:00,0.0,0.5325801099779633,0.2,352.62725387186833,0.33854790797895146,21.877670861950246
2024-01-25 20:30:00,0.0,0.4973933102265288,0.2,405.29145942527634,0.3072223182695249,16.486758034247412
2024-01-25 20:45:00,0.0,0.599107416421503,0.2,331.4615559285918,0.30396564853894553,18.66484289926864
2024-01-25 21:00:00,0.0,0.41314579598975665,0.05,407.54105976267226,0.33983418198714654,18.17415617967004
2024-01-25 21:15:00,0.0,0.561234670527839,0.05,412.9673421353451,0.36066542609696434,18.352740964210497
2024-01-25 21:30:00,0.0,0.5642044601292149,0.05,405.0154205317047,0.28006653234647466,13.343867244649235
2024-01-25 21:45:00,0.0,0.5573910708062857,0.05,382.8626378908143,0.2976343546012624,11.517301884652102
2024-01-25 22:00:00,0.0,0.5786404352390329,0.05,378.96997229058707,0.2,13.939717365322776
2024-01-25 22:15:00,0.0,0.6404456256857145,0.05,405.71158694870155,0.2496980778200523,13.34494798618273
2024-01-25 22:30:00,0.0,0.5655993656264342,0.05,406.625028122741,0.2818214417230871,9.87499980164916
2024-01-25 22:45:00,0.0,0.7300904197585292,0.05,402.8946514163425,0.21709249614142107,12.565406807763559
2024-01-25 23:00:00,0.0,0.4425347213221411,0.05,421.67299973629196,0.2,11.373954629595378
2024-01-25 23:15:00,0.0,0.390043274210244,0.05,376.2638665802702,0.2,11.11927407628152
2024-01-25 23:30:00,0.0,0.5312895145339864,0.05,425.0517449481172,0.2,15.21274864622997
2024-01-25 23:45:00,0.0,0.4990025233286339,0.05,413.9853181170219,0.2,9.871010270966762
2024-01-26 00:00:00,0.0,0.5960739592691051,0.05,375.53486203487523,0.2,8.167348652386849
2024-01-26 00:15:00,0.0,0.7856960146546554,0.05,377.3494544460628,0.2,14.298622031856425
2024-01-26 00:30:00,0.0,0.5695295863822992,0.05,415.00428101696536,0.2,9.441202251351932
2024-01-26 00:45:00,0.0,0.6075554467778441,0.05,371.03103385993285,0.2,10.794650116655855
2024-01-26 01:00:00,0.0,0.715778551407543,0.05,382.7416009934599,0.2,9.411690809530652
2024-01-26 01:15:00,0.0,0.7497653600506211,0.05,432.6024754549251,0.2,11.98476923993194
2024-01-26 01:30:00,0.0,0.5514129439310782,0.05,373.45009219723727,0.2,12.087000345154484
2024-01-26 01:45:00,0.0,0.5943273228690177,0.05,400.33384055467434,0.2,9.21821715453824
2024-01-26 02:00:00,0.0,0.5370080904169791,0.05,397.08490595300333,0.2,8.890832449808169
2024-01-26 02:15:00,0.0,0.47432945363756085,0.05,394.6049457626823,0.2,14.972749844476619
2024-01-26 02:30:00,0.0,0.46875192881248257,0.05,397.7870610288571,0.2,9.11578302057082
2024-01-26 02:45:00,0.0,0.6760144755046795,0.05,392.6427631660011,0.2,10.500353554891113
2024-01-26 03:00:00,0.0,0.42544543180185557,0.05,416.80955164081234,0.2,8.745685694581113
2024-01-26 03:15:00,0.0,0.5795979272440619,0.05,430.8382120067191,0.2,13.428292416435692
2024-01-26 03:30:00,0.0,0.4016464190384979,0.05,404.2047367897158,0.2,6.372218116286432
2024-01-26 03:45:00,0.0,0.5818775512477795,0.05,416.92564781729806,0.2,12.787091472932508
2024-01-26 04:00:00,0.0,0.39851979912160884,0.05,407.31218405140396,0.2,13.089835307154353
2024-01-26 04:15:00,0.0,0.5907280558428496,0.05,363.2355401031173,0.2,8.139290624847757
2024-01-26 04:30:00,0.0,0.5512184031760256,0.05,360.44513338199346,0.2,12.823950612059544
2024-01-26 04:45:00,0.0,0.4132390600076653,0.05,416.06852706222946,0.2,13.091586768475223
2024-01-26 05:00:00,0.0,0.3423034340895641,0.05,371.48313493205967,0.2,12.05507822570354
2024-01-26 05:15:00,0.0,0.32402912453243576,0.05,390.04068676482274,0.2,11.006712835244038
2024-01-26 05:30:00,0.0,0.6137882739055613,0.05,379.0987101079806,0.22037890284518186,8.949156191243954
2024-01-26 05:45:00,0.0,0.2800740187748004,0.05,392.3269563847977,0.34186913814504744,15.323755269025828
2024-01-26 06:00:00,0.0,0.3597172647812144,0.05,416.02252038536653,0.26348565044820255,16.00233406880267
2024-01-26 06:15:00,0.06491701580987799,0.30383378551341556,0.05,384.1668399150129,0.3306000370893453,15.31641130761194
2024-01-26 06:30:00,0.11978376416033792,0.40418503137685097,0.05,361.0370742200074,0.2719681915482768,18.26319588074866
2024-01-26 06:45:00,0.1751681692323873,0.3031062666256035,0.05,363.8894595422681,0.33003495946935696,21.170344864394327
2024-01-26 07:00:00,0.23228541179056908,0.4358680454797514,0.1,316.9494095498832,0.3439444922280456,17.894687866917728
2024-01-26 07:15:00,0.3012321259477111,0.4766034208738665,0.1,331.90893133805423,0.3764342428774997,14.681396001457731
2024-01-26 07:30:00,0.37174432793098244,0.3915128766190253,0.1,314.762240041188,0.40674498703137896,20.140862424931793
2024-01-26 07:45:00,0.4149246333954948,0.38867038249344416,0.1,317.8729340831412,0.47650634194469366,16.425503010264077
2024-01-26 08:00:00,0.4682338791533104,0.18881782113671886,0.1,332.8594754356398,0.417422429757734,22.163557582662303
2024-01-26 08:15:00,0.5156715713147284,0.22710266296137066,0.1,324.87991747693644,0.30946684070667746,19.155638668507883
2024-01-26 08:30:00,0.5783796899084341,0.019987937719728843,0.1,252.81564799727124,0.5238416896643783,20.358006381026694
2024-01-26 08:45:00,0.6181262783007667,0.25449586403764196,0.1,299.62367378259376,0.47969517075599966,19.848217235809066
2024-01-26 09:00:00,0.6487310041252534,0.2874846009451801,0.1,269.219558985493,0.5208908506668929,22.40408672481377
2024-01-26 09:15:00,0.6911135370424852,0.183354349413219,0.1,243.21348554118563,0.574038098383439,24.602911152873595
2024-01-26 09:30:00,0.733592233865058,0.07220173402076466,0.1,193.75603291421487,0.4965664032706524,22.48321061625079
2024-01-26 09:45:00,0.8081041570121154,0.21243095640750442,0.1,231.7856941703396,0.5956265625089026,26.994771128716863
2024-01-26 10:00:00,0.7708275012478888,0.15478471781121786,0.2,251.7393161489451,0.5782903086758288,21.82970325640538
2024-01-26 10:15:00,0.7562335365628596,0.3744385974971318,0.2,247.15672505141868,0.5432492035368913,26.161568027826718
2024-01-26 10:30:00,0.8969472839439563,0.032828732336053684,0.2,216.03027770396312,0.5555175918508843,26.29194244182646
2024-01-26 10:45:00,0.8003857486589542,0.1044242925190206,0.2,206.98256454343115,0.6254970058295145,21.088030261824848
2024-01-26 11:00:00,0.8689663672392176,0.16136931335774007,0.2,183.2007148291661,0.5290023625439196,29.238386453533607
2024-01-26 11:15:00,0.9494198168801028,0.3357852144122232,0.2,202.57758987714539,0.6763019640277541,27.33568439895271
2024-01-26 11:30:00,0.7643556542110512,0.5139915400483471,0.2,230.79134610178284,0.664815830330788,27.03039322824592
2024-01-26 11:45:00,0.9874359122982346,0.11647511578613318,0.2,196.16672797859198,0.6543396816418589,26.013868420656184
2024-01-26 12:00:00,0.9604201246172913,0.061102554563329886,0.2,223.52862495962373,0.6626031257905043,30.513905521930347
2024-01-26 12:15:00,0.9172463272652386,0.28376413764279557,0.2,229.9126579309865,0.674218158269309,28.641063667632892
2024-01-26 12:30:00,0.8103293838052213,0.08047766479969852,0.2,202.9541713869571,0.6745353265080077,29.563850249761522
2024-01-26 12:45:00,0.8889844403933942,0.1741192503624209,0.2,196.85466590467226,0.7372339019142694,28.961425600237025
2024-01-26 13:00:00,0.8544414588480161,0.29066477358718745,0.2,226.46930982907418,0.6386737280702509,29.364887634077842
2024-01-26 13:15:00,0.8659668839171358,0.2602654958009253,0.2,232.60513526662467,0.7043435467733493,28.528794389173065
2024-01-26 13:30:00,0.8183080796636298,0.28032935671829606,0.2,216.4694195150363,0.6975473651274525,31.728833881511747
2024-01-26 13:45:00,0.7991651315974312,0.18424237495535248,0.2,225.5974925383305,0.7080201013345163,31.626236555486948
2024-01-26 14:00:00,0.8396817116168628,0.15271420588984086,0.2,243.2788995878375,0.654948450169169,29.23392255005304
2024-01-26 14:15:00,0.7039089520433356,0.2108829851954353,0.2,250.4329974837379,0.7598053726843815,27.200389452138985
2024-01-26 14:30:00,0.7415432123047752,0.23388908452400026,0.2,249.67108850917165,0.6513248653225691,28.659977761337238
2024-01-26 14:45:00,0.7385855940523633,0.40997394021093736,0.2,256.2791941848072,0.764865463425775,32.32063539359016
2024-01-26 15:00:00,0.6427887317706725,0.3232747267404244,0.1,251.93067190314076,0.6757142330544436,30.35810148112386
2024-01-26 15:15:00,0.6166917007271165,0.3180907498333159,0.1,288.2954567510455,0.6865002706531886,27.59014582927781
2024-01-26 15:30:00,0.5315384152408134,0.13787634839321336,0.1,264.73344518741084,0.5873253605508657,29.281326416888746
2024-01-26 15:45:00,0.4721138080775305,0.05373250971914256,0.1,265.4945028221042,0.6714047291706794,32.15287689615174
2024-01-26 16:00:00,0.43658618587478,0.13976919880439065,0.1,304.809418359583,0.7152731195617267,29.24582188153164
2024-01-26 16:15:00,0.3899434620819411,0.2844042859615856,0.1,307.3772316226495,0.646501272809785,27.62371929816419
2024-01-26 16:30:00,0.3391932752684021,0.1712354743974735,0.1,309.31092959227647,0.6539516719475617,27.34605624328917
2024-01-26 16:45:00,0.30274217809886034,0.4294626170018634,0.1,344.57013311811875,0.6600538915059838,27.234798875262868
2024-01-26 17:00:00,0.2565114445417873,0.5058707891893881,0.1,368.37833327655096,0.652892387094627,27.754611295330132
2024-01-26 17:15:00,0.17392739103914523,0.29213522818480087,0.1,321.57494626222376,0.5985927168728862,27.484783240544143
2024-01-26 17:30:00,0.11908925073238807,0.2955709481130205,0.1,407.29253246926373,0.5776492807050343,24.277715707658
2024-01-26 17:45:00,0.06004840300203524,0.44982732288888894,0.1,417.39596355330127,0.5609496730226338,26.441987745646127
2024-01-26 18:00:00,1.1326476004682407e-16,0.44256278370784324,0.2,394.10753237734707,0.5854084860185254,24.41130877300299
2024-01-26 18:15:00,0.0,0.49210935917716375,0.2,395.73768638189784,0.5196234271074799,23.742791243769794
2024-01-26 18:30:00,0.0,0.3251727029619401,0.2,420.329471433752,0.5169699361744374,24.619207151363735
2024-01-26 18:45:00,0.0,0.37486599918912744,0.2,383.8761551919463,0.5345467551042726,19.82446590411815
2024-01-26 19:00:00,0.0,0.39651578775867813,0.2,385.36305429858396,0.37203279176237025,20.337632273739487
2024-01-26 19:15:00,0.0,0.35321436826638153,0.2,418.912684072621,0.44907291407422734,22.25555646653354
2024-01-26 19:30:00,0.0,0.3835324925869974,0.2,386.4329619122839,0.48384521532398195,22.76684675787084
2024-01-26 19:45:00,0.0,0.6008766502542151,0.2,413.8208184074655,0.36909681346827294,19.034616683007425
2024-01-26 20:00:00,0.0,0.5305779562921789,0.2,441.898183259085,0.3596366095158499,22.339735831698167
2024-01-26 20:15:00,0.0,0.6115197399226149,0.2,396.9837776183329,0.35885439764503346,18.74946163235616
2024-01-26 20:30:00,0.0,0.5937074468726338,0.2,393.8827935325369,0.4420963939886916,13.874502279646153
2024-01-26 20:45:00,0.0,0.42767178101474335,0.2,430.8434203801724,0.362742559674748,16.004710864582027
2024-01-26 21:00:00,0.0,0.43444198650615556,0.05,397.49532618543503,0.2692471138072574,18.808512238939784
2024-01-26 21:15:00,0.0,0.29527405105420096,0.05,393.94224548704824,0.2573922231583748,16.915102573967477
2024-01-26 21:30:00,0.0,0.53485226042617,0.05,440.32221293269237,0.40264468940176157,19.993310132682083
2024-01-26 21:45:00,0.0,0.45622462982895357,0.05,379.276903345232,0.2591856114395032,17.36332822642268
2024-01-26 22:00:00,0.0,0.48953880562874935,0.05,382.7068088102596,0.2037141514471404,16.99972386997971
2024-01-26 22:15:00,0.0,0.5488570487400203,0.05,407.07357839778456,0.2,18.74123594101919
2024-01-26 22:30:00,0.0,0.6238692058732298,0.05,413.711036597695,0.2,9.421327205005515
2024-01-26 22:45:00,0.0,0.6253936217261917,0.05,426.4810696611304,0.24893059019741484,13.059213848823296
2024-01-26 23:00:00,0.0,0.6067594610785016,0.05,391.147629314154,0.2,14.19865610221405
2024-01-26 23:15:00,0.0,0.5887815243855686,0.05,391.09549026657714,0.2,14.14385236100121
2024-01-26 23:30:00,0.0,0.5953396826937649,0.05,404.89387017424366,0.2,11.437850988880488
2024-01-26 23:45:00,0.0,0.5028894021752119,0.05,409.73820772511874,0.2,13.480638380926882
2024-01-27 00:00:00,0.0,0.5701673181506239,0.05,407.78461434340244,0.2,8.356000757205564
2024-01-27 00:15:00,0.0,0.8666663192105579,0.05,432.92292915665143,0.2,14.00425625460605
2024-01-27 00:30:00,0.0,0.7978678907425206,0.05,395.7755070635744,0.2,10.724117018052471
2024-01-27 00:45:00,0.0,0.46148148884451434,0.05,383.35634916034803,0.2,9.74253075386588
2024-01-27 01:00:00,0.0,0.6501471843889565,0.05,390.34087269720663,0.2,9.093185922878453
2024-01-27 01:15:00,0.0,0.7025072560495689,0.05,401.62493222263015,0.2,10.69718974257874
2024-01-27 01:30:00,0.0,0.7233388843279277,0.05,389.6823340050646,0.2,12.287924132768858
2024-01-27 01:45:00,0.0,0.4717384292163973,0.05,433.9511580088513,0.2,5.148517698860856
2024-01-27 02:00:00,0.0,0.6508937439644895,0.05,401.1851258284927,0.2,10.873548150140335
2024-01-27 02:15:00,0.0,0.41778329163054106,0.05,396.5495637352861,0.2,10.007454314158034
2024-01-27 02:30:00,0.0,0.5087529099225118,0.05,401.4521191034286,0.2,10.57176485200343
2024-01-27 02:45:00,0.0,0.5873533458472391,0.05,348.2282948141425,0.2,9.32142898989977
2024-01-27 03:00:00,0.0,0.4716340394808759,0.05,402.39608618784416,0.2,8.597740988663787
2024-01-27 03:15:00,0.0,0.704483538578832,0.05,403.82700370278457,0.2,11.264112606461527
2024-01-27 03:30:00,0.0,0.6723203686666372,0.05,356.980610329075,0.2,14.361704719806715
2024-01-27 03:45:00,0.0,0.6930288265872292,0.05,430.5780907839184,0.2,11.391667140373658
2024-01-27 04:00:00,0.0,0.5249509893535801,0.05,388.685549208222,0.2,15.117900891341197
2024-01-27 04:15:00,0.0,0.47132576578413726,0.05,408.5271211347626,0.2417047912269218,16.92161761342163
2024-01-27 04:30:00,0.0,0.41021245979474846,0.05,418.29488518059486,0.2,10.906728392268278
2024-01-27 04:45:00,0.0,0.31705857689223704,0.05,388.9707060784548,0.2,17.254021861220743
2024-01-27 05:00:00,0.0,0.34148886089278135,0.05,395.2711911081977,0.20148656799288372,14.025246091527372
2024-01-27 05:15:00,0.0,0.4856590878285867,0.05,410.61954861539385,0.27973755670669503,11.635054736344168
2024-01-27 05:30:00,0.0,0.46153922736428843,0.05,406.67556753676445,0.2,16.0809054370188
2024-01-27 05:45:00,0.0,0.40743978563869104,0.05,369.6912574910857,0.2,14.82814852429467
2024-01-27 06:00:00,0.0,0.43267313176726646,0.05,431.35574581139787,0.2,13.405744222934755
2024-01-27 06:15:00,0.06262085389803024,0.24806939594014726,0.05,383.29546310789317,0.29528633949678873,14.344268016427419
2024-01-27 06:30:00,0.1237729590880964,0.3683106651197874,0.05,377.4526801226668,0.20844115791661033,15.149842447897202
2024-01-27 06:45:00,0.16716888551647568,0.1743431755868397,0.05,363.22488306419234,0.26080861879253525,14.182532890491238
2024-01-27 07:00:00,0.23316719528982185,0.5459908829565325,0.1,340.3395689219409,0.25041860086175805,19.32129138046917
2024-01-27 07:15:00,0.298315861077921,0.41700908955676275,0.1,300.86144787041246,0.3923222630891907,19.036081500988523
2024-01-27 07:30:00,0.3204937235080267,0.3459462051188628,0.1,325.33243737800996,0.3899468398826686,18.12681430883327
2024-01-27 07:45:00,0.39956722992662885,0.29960642394180165,0.1,320.9778598362757,0.45597317500649953,20.300862782038646
2024-01-27 08:00:00,0.46161214266341344,0.3413298187389978,0.1,328.18680834584524,0.38391902333827643,19.74643948546541
2024-01-27 08:15:00,0.4958009958018846,0.265885233591793,0.1,284.2819818574541,0.44246407081063216,22.963827276506766
2024-01-27 08:30:00,0.5219868852742453,0.2615710638253054,0.1,296.3737925251566,0.3155089572927637,19.120349644957045
2024-01-27 08:45:00,0.5954861714151525,0.22915863361396,0.1,275.7568833251074,0.4003643356880627,22.40267651245106
2024-01-27 09:00:00,0.6354223594711579,0.36062288484900995,0.1,263.1572983702164,0.5231804735078209,22.93185085592286
2024-01-27 09:15:00,0.6792451854357122,0.2739806738660805,0.1,212.19555544573242,0.5805912096872355,24.422024646303065
2024-01-27 09:30:00,0.707761520088815,0.2584327953168701,0.1,276.5686984154314,0.5752379708448844,20.695655232171237
2024-01-27 09:45:00,0.8023143360480259,0.09177791111826514,0.1,209.2296641308496,0.4872784515181898,22.419622951588305
2024-01-27 10:00:00,0.7354209135892975,0.1955729483702804,0.2,245.47232379079617,0.5458446474029798,24.47946038411309
2024-01-27 10:15:00,0.7738573002395107,0.20713046113388095,0.2,198.42853642118155,0.45788732306428714,24.65684387436912
2024-01-27 10:30:00,0.7903158396359959,0.23288049212631437,0.2,251.7005964079921,0.5833322632884137,26.611401357814422
2024-01-27 10:45:00,0.8914490951265922,0.0,0.2,238.167031056645,0.6633508250711558,24.07408101093755
2024-01-27 11:00:00,0.8910872262096161,0.013498861088050762,0.2,204.73471026174727,0.6840880399296632,27.93970190331611
2024-01-27 11:15:00,0.942652856650707,0.09073508437859523,0.2,196.13541965743255,0.6601798287470679,25.82657731663707
2024-01-27 11:30:00,0.8602858294965517,0.14479757255349884,0.2,200.0856665762898,0.642713554513496,28.730883664753854
2024-01-27 11:45:00,0.940706858280434,0.021614354396595897,0.2,201.53755916091518,0.6888963592935091,28.379195162800276
2024-01-27 12:00:00,0.8877346657076166,0.1834015995240313,0.2,187.3304612494583,0.5963527627302647,28.674973328292413
2024-01-27 12:15:00,0.8641709212165563,0.13108594294129128,0.2,202.87932151966194,0.6284842759784043,27.238666421101136
2024-01-27 12:30:00,0.808104941037201,0.20209037535758156,0.2,183.9964993332436,0.6140884957741994,30.4553876327192
2024-01-27 12:45:00,0.8827933976265269,0.22023628184499205,0.2,228.82715593871987,0.6934426949015517,28.76413418946314
2024-01-27 13:00:00,0.8998011899690311,0.27845350446269407,0.2,251.22610973382507,0.6393534237440736,30.274557996624402
2024-01-27 13:15:00,0.9072092770498692,0.2672759851824195,0.2,209.36128308887137,0.662038173762937,26.19105750211579
2024-01-27 13:30:00,0.8542265807769087,0.15783781760954052,0.2,214.9479979846834,0.660048665102893,31.762142944103477
2024-01-27 13:45:00,0.7910239482834637,0.09035994163718622,0.2,190.358842549255,0.6282060388863668,30.88990813564912
2024-01-27 14:00:00,0.8065988583068213,0.25299180061339777,0.2,289.65833420353806,0.6525589664379027,31.500697154215104
2024-01-27 14:15:00,0.7499497209868183,0.23358457178766767,0.2,257.7136873716202,0.689152989854898,33.174120566015354
2024-01-27 14:30:00,0.765588570074607,0.212724964931422,0.2,221.94257148893948,0.6765356831478166,29.391485451468295
2024-01-27 14:45:00,0.7088546603566888,0.15442254028531183,0.2,199.18471928299607,0.7358420757910911,31.032093193759113
2024-01-27 15:00:00,0.648435691700916,0.3584976596543249,0.1,223.61286208150307,0.7170427794481403,30.510993439761965
2024-01-27 15:15:00,0.6223544740581094,0.3799357294956083,0.1,255.66567133667192,0.7030311711870261,28.674896047336908
2024-01-27 15:30:00,0.5505939322452856,0.12545001588617216,0.1,264.7979948010573,0.6495853390075944,26.69284872488073
2024-01-27 15:45:00,0.4948830097232039,0.3293799019433341,0.1,309.53442681798936,0.5540891600745391,25.668407483465288
2024-01-27 16:00:00,0.4149105365572345,0.3198826942764185,0.1,292.07929856033735,0.6800820869481934,30.16654860235886
2024-01-27 16:15:00,0.38320644399704384,0.39666863606464325,0.1,280.92419458892493,0.6199280068720602,32.68634219689522
2024-01-27 16:30:00,0.37473692609172937,0.5189945962500933,0.1,345.36010734366425,0.5908297432115924,28.355799588430727
2024-01-27 16:45:00,0.26721776832363625,0.40245862709629654,0.1,322.5602955094981,0.5854441184667437,27.20203474640753
2024-01-27 17:00:00,0.23148275800808954,0.1924197326536079,0.1,361.4699673632668,0.553396651307966,26.20094355900574
2024-01-27 17:15:00,0.1785163068486472,0.3199345899377196,0.1,373.4148204729441,0.5845502648203025,29.956859992316172
2024-01-27 17:30:00,0.12250820792868748,0.3859518807177196,0.1,369.9302445850315,0.5463049797397492,28.337590652365318
2024-01-27 17:45:00,0.06155408773684514,0.34894396763887947,0.1,358.6806993369016,0.561340734658227,24.638793299423227
2024-01-27 18:00:00,1.1097448964116229e-16,0.34060955070874377,0.2,408.23238746463164,0.5150820103509822,27.952897685975913
2024-01-27 18:15:00,0.0,0.40940576614707824,0.2,409.2492828451742,0.4478589068680755,22.004854830688004
2024-01-27 18:30:00,0.0,0.44042853096346746,0.2,399.8308245320126,0.48213614050848946,25.560320622929275
2024-01-27 18:45:00,0.0,0.4480914727724078,0.2,382.0374007763627,0.5673128593619592,24.471924517604048
2024-01-27 19:00:00,0.0,0.3411203769540536,0.2,390.0349192053722,0.4654383770162531,22.629861607151074
2024-01-27 19:15:00,0.0,0.37801668161615265,0.2,377.8475614475598,0.4489160063061032,21.32915852215178
2024-01-27 19:30:00,0.0,0.36681009540481635,0.2,400.60166055028446,0.3890340484361547,21.337844095229634
2024-01-27 19:45:00,0.0,0.3462029665206654,0.2,459.68911544252796,0.4046436918713166,23.280532376744812
2024-01-27 20:00:00,0.0,0.5567359546796635,0.2,376.6909838043048,0.36852126884009334,19.046761370676226
2024-01-27 20:15:00,0.0,0.6250516643177085,0.2,418.5618761293317,0.4790888180942482,19.82455248040524
2024-01-27 20:30:00,0.0,0.6626345013199915,0.2,403.5027543942273,0.3245087671722166,19.01395368717398
2024-01-27 20:45:00,0.0,0.4674103085532163,0.2,366.9705951380742,0.3257140661194692,20.440173363770203
2024-01-27 21:00:00,0.0,0.4241034500408687,0.05,370.0501265196639,0.339928503992842,13.80701367153275
2024-01-27 21:15:00,0.0,0.6711982845602873,0.05,394.74415483517527,0.26177152953667626,15.166108068612713
2024-01-27 21:30:00,0.0,0.621770389110903,0.05,431.43222349573097,0.3136596505926821,18.202555613415775
2024-01-27 21:45:00,0.0,0.5678801073888833,0.05,401.42135255776407,0.28108852204421725,16.60392385504468
2024-01-27 22:00:00,0.0,0.6698871330358309,0.05,428.124866584438,0.22645697461157738,18.82648832667142
2024-01-27 22:15:00,0.0,0.5527302004010876,0.05,422.00188380297124,0.29121555821182266,14.14343624937637
2024-01-27 22:30:00,0.0,0.4859384347868345,0.05,393.9812037967796,0.2497270937839139,12.195182822987762
2024-01-27 22:45:00,0.0,0.6643734496125839,0.05,378.1022935575533,0.2,13.799670210010971
2024-01-27 23:00:00,0.0,0.671893801900247,0.05,382.58350562175644,0.2095450791913306,13.875873611681678
2024-01-27 23:15:00,0.0,0.6631256139621088,0.05,383.2812094246787,0.2224189485887408,10.975660162701425
2024-01-27 23:30:00,0.0,0.4185545016057496,0.05,415.5708951297344,0.20162796466777125,11.224343894039853
2024-01-27 23:45:00,0.0,0.5167809087181656,0.05,388.4575929734511,0.2,11.11082312781088
2024-01-28 00:00:00,0.0,0.49951081013071785,0.05,418.18337234850975,0.2,14.38652988449945
2024-01-28 00:15:00,0.0,0.7210305880599615,0.05,418.8006010353164,0.2,10.126847276652395
2024-01-28 00:30:00,0.0,0.584296408862292,0.05,415.5103755958232,0.2,11.493793091159768
2024-01-28 00:45:00,0.0,0.5322383213433279,0.05,398.42403085331364,0.2,8.363624829508442
2024-01-28 01:00:00,0.0,0.6712730148576398,0.05,399.80492377462906,0.2,12.891061909045366
2024-01-28 01:15:00,0.0,0.7044601521693742,0.05,424.84590857865913,0.2,7.960857167489584
2024-01-28 01:30:00,0.0,0.5763060173060277,0.05,455.5322320580017,0.2,10.73192632462743
2024-01-28 01:45:00,0.0,0.6346857965177005,0.05,395.8852191711078,0.2,9.972310669963376
2024-01-28 02:00:00,0.0,0.5440898195746394,0.05,394.2938877155658,0.2,9.547691313336474
2024-01-28 02:15:00,0.0,0.41036233619359785,0.05,410.80129624913803,0.2,8.286792972966468
2024-01-28 02:30:00,0.0,0.5243289924271531,0.05,384.09860220594436,0.2,12.454534623650655
2024-01-28 02:45:00,0.0,0.5204024450965975,0.05,414.4400710884474,0.2,12.743611533771793
2024-01-28 03:00:00,0.0,0.4655605274904148,0.05,417.08180174354464,0.2,10.797317171721582
2024-01-28 03:15:00,0.0,0.8415920060106243,0.05,381.13102088240936,0.2,9.135056742340511
2024-01-28 03:30:00,0.0,0.6564491055842518,0.05,417.36998061589674,0.2,10.953892882552509
2024-01-28 03:45:00,0.0,0.4889360634707481,0.05,382.216904694962,0.2,10.277952970657095
2024-01-28 04:00:00,0.0,0.4332779848359664,0.05,390.5642020052587,0.2,10.98291517624494
2024-01-28 04:15:00,0.0,0.5504006379558188,0.05,425.18212120522014,0.2,12.964230701445498
2024-01-28 04:30:00,0.0,0.41760216159970226,0.05,414.1925327632711,0.2,11.150603458126096
2024-01-28 04:45:00,0.0,0.5852005541194494,0.05,404.52314867427555,0.2,14.055249879130198
2024-01-28 05:00:00,0.0,0.5436547114001808,0.05,388.7259532431533,0.2,14.827069613344902
2024-01-28 05:15:00,0.0,0.24936111798915628,0.05,413.3448776242197,0.2353911470179797,15.125612742693946
2024-01-28 05:30:00,0.0,0.26972921453654986,0.05,371.0553738654473,0.24700339603377422,15.383818282839757
2024-01-28 05:45:00,0.0,0.45187178075964285,0.05,382.72848609717926,0.2438595130273053,14.238642928067767
2024-01-28 06:00:00,0.0,0.34121795217162715,0.05,422.4556546287022,0.2515044233376656,17.63967553940192
2024-01-28 06:15:00,0.05859661410197145,0.3651101470116668,0.05,355.5136832170576,0.3837117748280083,15.845121694986892
2024-01-28 06:30:00,0.11079119027923771,0.3960180032258893,0.05,400.6079748633099,0.2344366443668718,15.294141940630066
2024-01-28 06:45:00,0.1810188852428157,0.41982478555302655,0.05,383.75756820616937,0.3372868501937189,16.050214639030283
2024-01-28 07:00:00,0.24045675690551854,0.3507226012747832,0.1,365.41114474890264,0.2728373659836434,18.10983540292062
2024-01-28 07:15:00,0.2778553331861412,0.3824374663296737,0.1,329.17481506181787,0.3597102042282998,18.664421494159864
2024-01-28 07:30:00,0.3563694650462705,0.3025029965793899,0.1,320.8193232282957,0.32375712882072744,18.119927298006807
2024-01-28 07:45:00,0.3938201507726256,0.33327164340607474,0.1,327.6678317982629,0.3386071327887378,21.160165359911574
2024-01-28 08:00:00,0.44617419732418234,0.25295873986643386,0.1,262.823676440683,0.3621905343170361,19.06511695053073
2024-01-28 08:15:00,0.518044758322461,0.2779487015942553,0.1,269.7025066068864,0.40050769444324524,17.161813998462296
2024-01-28 08:30:00,0.5182336523499159,0.3213837002746239,0.1,278.44577190935104,0.3866636460682921,18.360070029885197
2024-01-28 08:45:00,0.6252968095116627,0.25228359440377995,0.1,260.2571578113889,0.4498061753568989,18.99711530889036
2024-01-28 09:00:00,0.6377450544253256,0.25753948883600913,0.1,239.3847355614867,0.4120103165559304,19.81444513785457
2024-01-28 09:15:00,0.6833865153163426,0.4011859260826013,0.1,282.91848930733096,0.48450950677015026,21.45190719705843
2024-01-28 09:30:00,0.7539452155126536,0.2756473600618963,0.1,241.765887687605,0.5810605241941645,22.704498851394835
2024-01-28 09:45:00,0.7584779592017694,0.31104455144259413,0.1,236.8895664269618,0.532960806567829,26.139110681355195
2024-01-28 10:00:00,0.8259886582041686,0.1280185831361998,0.2,239.4503424220723,0.5597224628610964,22.902051194950506
2024-01-28 10:15:00,0.8746775790056135,0.1226220056943104,0.2,185.43923310172343,0.5895500263336825,26.688465794176352
2024-01-28 10:30:00,0.8530718010866922,0.13979646354890576,0.2,210.96328179939147,0.6627456312740913,26.98156281357982
2024-01-28 10:45:00,0.7743192489998838,0.07064484206989677,0.2,231.00627174348497,0.5463906955018552,28.065048915747827
2024-01-28 11:00:00,0.7580063660960076,0.2567561685938473,0.2,209.16163178795895,0.670707887309087,28.220095385208833
2024-01-28 11:15:00,0.843251893504761,0.31743252336773614,0.2,203.9400518300315,0.7173820221876376,28.59620807222252
2024-01-28 11:30:00,0.8600838424883114,0.18122209347023796,0.2,218.1975447674087,0.5949224410774103,28.85322302874751
2024-01-28 11:45:00,0.834326406542736,0.24296603973602468,0.2,226.6016876147253,0.6799168399806909,29.03884408303093
2024-01-28 12:00:00,0.9350799587615655,0.2207544767877625,0.2,181.62583528119535,0.6985458057364986,29.398029480902533
2024-01-28 12:15:00,0.8778434708251542,0.19202089856399326,0.2,220.3243935610053,0.7459215221791609,29.444652597990544
2024-01-28 12:30:00,0.8441058391353866,0.09778222428437838,0.2,189.20395163445139,0.6813822420396334,29.576419865937353
2024-01-28 12:45:00,0.9521797816517112,0.27106101976216135,0.2,219.29732118563334,0.7140827371624396,29.87686516472923
2024-01-28 13:00:00,0.9332073624266727,0.3343268954284972,0.2,243.09570992604415,0.7092560710953114,30.963317579489804
2024-01-28 13:15:00,0.8340728162976978,0.050785482381533686,0.2,243.32971884754522,0.6784879690645954,28.499386162701988
2024-01-28 13:30:00,0.7863642076651984,0.1889628239779796,0.2,236.33040963974074,0.6987756325552337,30.778869609854954
2024-01-28 13:45:00,0.7402625089714032,0.15164031674427558,0.2,234.5170130122141,0.6214916017593406,30.14460011132972
2024-01-28 14:00:00,0.7860810190659621,0.23963321005282404,0.2,236.12230621686896,0.7892575176329799,30.177277155530863
2024-01-28 14:15:00,0.7816204327223569,0.33891044128328746,0.2,246.3400519883533,0.7107892027123355,30.904326835119612
2024-01-28 14:30:00,0.6809156724985843,0.1344941292135482,0.2,261.3746308207617,0.7867236553374466,27.133796920082293
2024-01-28 14:45:00,0.6353727985646679,0.22205395436332762,0.2,273.3249702619146,0.6987968429348591,34.43813282315752
2024-01-28 15:00:00,0.6584954591093457,0.2909659072319986,0.1,250.73483116887414,0.6548199071342282,29.26078587478111
2024-01-28 15:15:00,0.5927527090773229,0.3048162190192289,0.1,293.6368879866757,0.6385455913225989,31.32833721707569
2024-01-28 15:30:00,0.5673911874276439,0.3029073555440834,0.1,310.67238419660106,0.7207745040150174,29.822670145929116
2024-01-28 15:45:00,0.5243949899625272,0.2401894707235732,0.1,297.1075383702086,0.573604655614157,26.637580015969508
2024-01-28 16:00:00,0.41595135287816487,0.26887567155666103,0.1,270.8451353047583,0.7812661483263511,26.538872606426963
2024-01-28 16:15:00,0.42779645197571375,0.19575469048249827,0.1,290.3446717985113,0.6584394007486482,25.827427721209215
2024-01-28 16:30:00,0.3731740211477905,0.4081384991050049,0.1,304.1853962245704,0.5725869931455411,25.364670071070307
2024-01-28 16:45:00,0.3004487764078732,0.32732399319545186,0.1,347.0763242674863,0.5937252187961426,27.597271270756824
2024-01-28 17:00:00,0.19482043203598196,0.581290484908357,0.1,364.90734686210584,0.6329310670268397,25.72071586468217
2024-01-28 17:15:00,0.1805521068458083,0.34185226790719664,0.1,394.89547000169904,0.6579442505644996,27.012321866504628
2024-01-28 17:30:00,0.12279801002726812,0.4414998522512591,0.1,402.27709209645144,0.569361630212181,26.97673934060386
2024-01-28 17:45:00,0.06113502234507769,0.38096915332623527,0.1,384.23849916775487,0.5275316127319545,26.6841010033416
2024-01-28 18:00:00,1.1736219638320195e-16,0.36511526107381675,0.2,381.03609673751674,0.5544191128761813,23.632308773176163
2024-01-28 18:15:00,0.0,0.4208871507434439,0.2,369.4040864550126,0.45160878322821096,21.484629536873502
2024-01-28 18:30:00,0.0,0.451547655980004,0.2,430.79979828803835,0.41197891465849407,23.404143296911872
2024-01-28 18:45:00,0.0,0.3819736393705456,0.2,379.9641365311537,0.4758557502441992,24.898457049009185
2024-01-28 19:00:00,0.0,0.6266079344825548,0.2,397.8240611318554,0.5055308302501493,22.70752081919085
2024-01-28 19:15:00,0.0,0.4724017668340617,0.2,373.01149923145135,0.44872385684031857,20.502479098661404
2024-01-28 19:30:00,0.0,0.5715226348469857,0.2,382.72202596533344,0.4192360879971395,21.50430171082837
2024-01-28 19:45:00,0.0,0.5900065678528337,0.2,376.101617644886,0.4428079816192457,18.395788991049184
2024-01-28 20:00:00,0.0,0.5174785434127112,0.2,387.28013015144245,0.4340592946868923,19.406866944329106
2024-01-28 20:15:00,0.0,0.41617289810072,0.2,390.86140562669084,0.35901437860088725,17.77431331819423
2024-01-28 20:30:00,0.0,0.5349230666237692,0.2,385.4826011799424,0.3278235343632902,19.25467797375232
2024-01-28 20:45:00,0.0,0.5030557044757338,0.2,430.51518535654384,0.33185648398554735,20.444109252313503
2024-01-28 21:00:00,0.0,0.6945686012245631,0.05,377.8479598986549,0.33026662210429386,18.29693642109375
2024-01-28 21:15:00,0.0,0.5292984081884221,0.05,385.08051505657966,0.3467793088416087,16.958673988359728
2024-01-28 21:30:00,0.0,0.511895887750609,0.05,411.60442341064083,0.2445712653473632,18.303472284979474
2024-01-28 21:45:00,0.0,0.5782799787215449,0.05,409.20601968206597,0.34115327167572024,12.612289645814904
2024-01-28 22:00:00,0.0,0.5347911726063059,0.05,395.89541323295026,0.3189502532200977,13.5037203552034
2024-01-28 22:15:00,0.0,0.7332501642755078,0.05,412.9906857086117,0.2,14.114904597591261
2024-01-28 22:30:00,0.0,0.6555683061267551,0.05,396.5412668596409,0.2,10.947581606544908
2024-01-28 22:45:00,0.0,0.5126532145571469,0.05,440.4628779102474,0.20550556735399475,10.554642104097667
2024-01-28 23:00:00,0.0,0.5263739478130617,0.05,419.7620459742163,0.2,14.359812088752756
2024-01-28 23:15:00,0.0,0.4788700399422887,0.05,400.5072688545355,0.2471008561088481,11.631101136144679
2024-01-28 23:30:00,0.0,0.47915164406846433,0.05,453.42517480058325,0.2,13.185018602293743
2024-01-28 23:45:00,0.0,0.5239489801583542,0.05,410.99507373738396,0.2,10.335031641342608
2024-01-29 00:00:00,0.0,0.5889028128175389,0.05,383.4586648648875,0.2,8.983384037729499
2024-01-29 00:15:00,0.0,0.5617407638567677,0.05,422.05662863275035,0.2689017582863714,12.608747316052806
2024-01-29 00:30:00,0.0,0.5124080768035942,0.05,391.14232763762243,0.2,11.053600340983209
2024-01-29 00:45:00,0.0,0.7303997331118612,0.05,390.61361023092286,0.2,15.961367392720646
2024-01-29 01:00:00,0.0,0.5654895441252944,0.05,439.40772890805954,0.2,8.40136898275502
2024-01-29 01:15:00,0.0,0.7294107008515748,0.05,409.3149390234966,0.2,12.63210733144285
2024-01-29 01:30:00,0.0,0.46113150867050223,0.05,407.4069766642471,0.20136146119902523,9.725046401877107
2024-01-29 01:45:00,0.0,0.606515190732223,0.05,374.4663752369424,0.2,11.620939467302886
2024-01-29 02:00:00,0.0,0.5652758109942454,0.05,408.6770059630691,0.2,10.048803491040344
2024-01-29 02:15:00,0.0,0.6267997508633558,0.05,393.40343254599975,0.2,7.374712484432094
2024-01-29 02:30:00,0.0,0.6625090955988671,0.05,375.9899347782662,0.2,8.731127681583327
2024-01-29 02:45:00,0.0,0.6024836024496523,0.05,399.6737232440506,0.2,10.241912983389485
2024-01-29 03:00:00,0.0,0.5633895484329546,0.05,370.90555906521763,0.2,6.910348899238335
2024-01-29 03:15:00,0.0,0.4664085141740512,0.05,346.3619312121714,0.2,10.730842194539632
2024-01-29 03:30:00,0.0,0.6069231520183312,0.05,383.163947838519,0.2,10.649994905862519
2024-01-29 03:45:00,0.0,0.5482537273541908,0.05,402.99471573492247,0.2,11.948183557430205
2024-01-29 04:00:00,0.0,0.4329070951808852,0.05,378.78706590043674,0.2,9.964021919857387
2024-01-29 04:15:00,0.0,0.4790275039822802,0.05,390.81231581983735,0.2,13.966426088490582
2024-01-29 04:30:00,0.0,0.4459915762643669,0.05,405.1644388050573,0.2,12.070198363560703
2024-01-29 04:45:00,0.0,0.6819402156415244,0.05,426.27515992194355,0.23382176471005728,13.276336676348963
2024-01-29 05:00:00,0.0,0.37858173864961764,0.05,413.4181056275753,0.21946488416415133,14.058367764480913
2024-01-29 05:15:00,0.0,0.3215686722269412,0.05,386.12603309470785,0.226879611808547,16.318813133617073
2024-01-29 05:30:00,0.0,0.5512885996062414,0.05,409.0766336120084,0.29858793947605544,13.280346432602984
2024-01-29 05:45:00,0.0,0.3525809068588027,0.05,420.98179801169596,0.2,18.086690058550733
2024-01-29 06:00:00,0.0,0.579322724561769,0.05,379.4862924667577,0.2,12.972765085831956
2024-01-29 06:15:00,0.06439940481794551,0.4109245083310955,0.05,410.2154526282411,0.2324743866404833,15.017305725308999
2024-01-29 06:30:00,0.11910896108258079,0.26902948826456224,0.05,403.2511816065541,0.23659307379942843,15.773789969862008
2024-01-29 06:45:00,0.18739057794869965,0.4471223186166878,0.05,350.91330838703544,0.2894462212459459,17.399768164989034
2024-01-29 07:00:00,0.21539095657935897,0.11885682243495987,0.1,335.1026186357762,0.2123207868566902,17.314298959145837
2024-01-29 07:15:00,0.28624342814914167,0.2390167003540582,0.1,295.7402907513874,0.3414253620848358,17.803454120122943
2024-01-29 07:30:00,0.3719301283915487,0.2574564902196488,0.1,330.8865548985701,0.39942087432195655,17.775594388121416
2024-01-29 07:45:00,0.43121392930908964,0.3652729273891078,0.1,315.9909397726098,0.36838213778046247,18.813639049444852
2024-01-29 08:00:00,0.4503033989152509,0.26254871257353973,0.1,330.7005499804859,0.374792381712749,20.837590695861078
2024-01-29 08:15:00,0.4486222746690727,0.42837188161493855,0.1,283.8552509785503,0.32563041785769026,21.0783291185548
2024-01-29 08:30:00,0.5348326808555354,0.3197907777706248,0.1,284.8620069949412,0.5265833410480556,21.46677700047674
2024-01-29 08:45:00,0.621840096733191,0.35230454825809643,0.1,243.49717213651272,0.41607920661937825,19.921604531898904
2024-01-29 09:00:00,0.5801342446990281,0.1859297153699303,0.1,261.153653450309,0.4615883680829035,23.874370087055777
2024-01-29 09:15:00,0.679352194134105,0.4534230205694022,0.1,240.6526362291969,0.5636814600723778,21.069550019877312
2024-01-29 09:30:00,0.6986702922263219,0.18904451735945849,0.1,234.30841368914713,0.4983662795533833,21.169707789740734
2024-01-29 09:45:00,0.685618153187153,0.37875966669928207,0.1,241.4654771133237,0.4954456729570154,25.430776771886002
2024-01-29 10:00:00,0.8432811178758943,0.14292064995339843,0.2,212.28405315175695,0.5664614236748888,24.56100938590225
2024-01-29 10:15:00,0.8446430243425426,0.16566508277523811,0.2,199.86390783808682,0.5541678393177296,23.67108548258674
2024-01-29 10:30:00,0.9048518948610628,0.20131764507297845,0.2,173.34959689706585,0.5762433369463228,24.355328823858716
2024-01-29 10:45:00,0.8939466307030408,0.09264800717358809,0.2,193.27394184407038,0.531555193916883,25.89284872565761
2024-01-29 11:00:00,0.9058692001068605,0.3000510153425466,0.2,215.30710076688615,0.5491628583658976,25.891696387486675
2024-01-29 11:15:00,0.8271730309229791,0.1654175483800613,0.2,194.67957520389987,0.5816854731932687,25.83868464746542
2024-01-29 11:30:00,0.8773352115187049,0.22546642092899394,0.2,211.84724382216214,0.6709617346095312,26.388663215223882
2024-01-29 11:45:00,0.8171936025954805,0.19239043928517666,0.2,184.37571912752801,0.6435820817021062,28.89569400460314
2024-01-29 12:00:00,0.8717270471261049,0.29134662385333293,0.2,195.63336396838017,0.6390306363211552,25.586859490227948
2024-01-29 12:15:00,0.9824707613001992,0.06538673715740612,0.2,213.03825838838267,0.6894027769975359,24.473827256962633
2024-01-29 12:30:00,0.8589332733348616,0.07266157404174389,0.2,181.2416904241794,0.6607702375124049,28.097935186020205
2024-01-29 12:45:00,0.8486483987369479,0.355066921035775,0.2,179.83579783505763,0.7374304231546605,27.37843098337229
2024-01-29 13:00:00,0.7851480861516709,0.1988223539507416,0.2,214.0958514985036,0.7200066524399129,33.391818244775095
2024-01-29 13:15:00,0.9187328547749118,0.3209481993398237,0.2,212.1948740706098,0.6574562678811537,31.254543013531666
2024-01-29 13:30:00,0.7663920906368391,0.12926881978293414,0.2,201.61075690455513,0.6200036430478839,31.48982107389832
2024-01-29 13:45:00,0.7927265464203488,0.07903658652098403,0.2,260.058514337152,0.7152487831640977,31.978765901559004
2024-01-29 14:00:00,0.8422502264061532,0.11541200126229831,0.2,234.72290450234138,0.7168362250631788,30.28562937583002
2024-01-29 14:15:00,0.7863091456737876,0.2511450113570682,0.2,225.4216168451198,0.707539385976276,32.086863911598954
2024-01-29 14:30:00,0.7391835114884651,0.5007973855766013,0.2,280.2561914310965,0.6886305513830167,33.154844877259364
2024-01-29 14:45:00,0.647574535547319,0.012614095333000841,0.2,256.9786649868554,0.6216586551695139,33.49917395660318
2024-01-29 15:00:00,0.5701020529927024,0.3855961610011388,0.1,303.37908610495367,0.7364301532960987,28.924042109471614
2024-01-29 15:15:00,0.5891738454943259,0.1781759771884631,0.1,255.2258320899433,0.652235842063666,32.18356134493761
2024-01-29 15:30:00,0.5189989682830918,0.2596302032783173,0.1,274.7248595579396,0.6752335582168438,24.123497044021754
2024-01-29 15:45:00,0.4975133144089906,0.28044769829022154,0.1,279.52382522442394,0.7309178418558291,26.967397652718773
2024-01-29 16:00:00,0.49782762376195544,0.3641303341277225,0.1,323.67901533330877,0.688590356041614,29.234191360668824
2024-01-29 16:15:00,0.3982994152461635,0.2518959653479517,0.1,315.086884964514,0.7023465093091696,27.33150313630155
2024-01-29 16:30:00,0.33900272562438083,0.3822838577856379,0.1,324.97991756094876,0.6466759744092195,28.688851963407647
2024-01-29 16:45:00,0.29929148784812815,0.3713895903192972,0.1,359.7557431921702,0.6434369609382834,24.99894873264849
2024-01-29 17:00:00,0.23735991743463153,0.37931290881431956,0.1,384.5693212349344,0.6469907736595863,27.714110666603606
2024-01-29 17:15:00,0.17862356747746727,0.5309072810493239,0.1,338.87853498432287,0.6510880538666463,28.49084680674433
2024-01-29 17:30:00,0.11934618212884472,0.300499138995169,0.1,352.05693374522264,0.5358828288436376,29.68025513990322
2024-01-29 17:45:00,0.059596160833065515,0.36715767876349215,0.1,395.27110421795555,0.5434850317786533,26.34157620014729
2024-01-29 18:00:00,1.0985985214547207e-16,0.47467681907046666,0.2,379.1712989252842,0.5870433597411001,25.432354589744758
2024-01-29 18:15:00,0.0,0.42228872659037264,0.2,391.55397990727687,0.5098608099400863,25.63649838524801
2024-01-29 18:30:00,0.0,0.3587954778841281,0.2,413.7146737417488,0.5629196645060495,24.78723236564371
2024-01-29 18:45:00,0.0,0.6241123403621859,0.2,412.6736604763883,0.5019651758056642,24.319112641940237
2024-01-29 19:00:00,0.0,0.5099585286046793,0.2,399.31975496408836,0.38418437671158745,20.94051683773321
2024-01-29 19:15:00,0.0,0.5724754715266532,0.2,413.11227052531564,0.4288788998494067,21.293103540917926
2024-01-29 19:30:00,0.0,0.5383864274176844,0.2,388.15069250206597,0.3711221131062295,19.3440252725313
2024-01-29 19:45:00,0.0,0.4123759855179171,0.2,391.12815998510456,0.37595274433400766,22.749473907646806
2024-01-29 20:00:00,0.0,0.525294659536377,0.2,370.13166153994774,0.39615133770408173,20.41782449384869
2024-01-29 20:15:00,0.0,0.510259291222592,0.2,400.1757341552564,0.35859987786454967,19.333496687435385
2024-01-29 20:30:00,0.0,0.5201779821082049,0.2,456.71950589457333,0.35810880557725167,20.530773583502544
2024-01-29 20:45:00,0.0,0.6113490905456391,0.2,380.6256316402654,0.35648472868429837,19.58303519191751
2024-01-29 21:00:00,0.0,0.4846205133826619,0.05,441.9737873668811,0.3698501336742742,17.9641176962384
2024-01-29 21:15:00,0.0,0.611297749795742,0.05,401.56336404891914,0.33881303379245015,16.947437202260314
2024-01-29 21:30:00,0.0,0.5015157448296255,0.05,394.9439935117229,0.30609597032285857,9.961006683886616
2024-01-29 21:45:00,0.0,0.6019653262828762,0.05,420.3717655953469,0.2843843493921398,14.977597018598223
2024-01-29 22:00:00,0.0,0.46197359855215825,0.05,411.71918304017726,0.2,13.842998159571716
2024-01-29 22:15:00,0.0,0.5027437587685589,0.05,416.6661416925775,0.2,15.717827750813147
2024-01-29 22:30:00,0.0,0.6267884296582859,0.05,411.5590746709276,0.2,10.790407295830574
2024-01-29 22:45:00,0.0,0.754540945555601,0.05,384.98701236382306,0.2,15.1561740860618
2024-01-29 23:00:00,0.0,0.6433120087625654,0.05,373.8510114141836,0.23732185673984585,13.586189067607396
2024-01-29 23:15:00,0.0,0.5258639979816654,0.05,350.003680958932,0.2,13.047375348694645
2024-01-29 23:30:00,0.0,0.5021353663918691,0.05,398.7299813590557,0.2,10.020751585715143
2024-01-29 23:45:00,0.0,0.7544708706847659,0.05,449.24695779564615,0.2,12.137684406270777
2024-01-30 00:00:00,0.0,0.5505392308141653,0.05,416.1803979838013,0.202798161322083,12.075670703155911
2024-01-30 00:15:00,0.0,0.5540157764630798,0.05,411.5818952043252,0.2,15.308165620925749
2024-01-30 00:30:00,0.0,0.4676366227865404,0.05,412.85190698868576,0.2,13.514024586423005
2024-01-30 00:45:00,0.0,0.5370637743152312,0.05,447.8188355600315,0.2,11.07296287717749
2024-01-30 01:00:00,0.0,0.5503360717111364,0.05,401.71540828452686,0.2,7.260194906732302
2024-01-30 01:15:00,0.0,0.6398080222293748,0.05,428.3443470914691,0.2,6.8708169080787584
2024-01-30 01:30:00,0.0,0.5457871763594719,0.05,391.2694961363212,0.2,8.863243894245361
2024-01-30 01:45:00,0.0,0.544326609338714,0.05,426.72705765814976,0.2,8.228794083238279
2024-01-30 02:00:00,0.0,0.4988741582915728,0.05,394.0219311235289,0.2,5.538111208903542
2024-01-30 02:15:00,0.0,0.705145654885364,0.05,394.2604980058144,0.2,11.116951002583765
2024-01-30 02:30:00,0.0,0.48691556605508757,0.05,406.0149992054235,0.2,11.1235316693675
2024-01-30 02:45:00,0.0,0.5746376130769245,0.05,399.20136744960035,0.2,6.858455916567419
2024-01-30 03:00:00,0.0,0.7301582285829444,0.05,411.5677019324767,0.2,11.32539319277173
2024-01-30 03:15:00,0.0,0.5561850757810677,0.05,389.8288424324878,0.2,7.18382928090959
2024-01-30 03:30:00,0.0,0.5465658402892212,0.05,385.24052954198737,0.2,12.234197483755493
2024-01-30 03:45:00,0.0,0.5478715831057959,0.05,413.3391628409706,0.2,11.975646613402928
2024-01-30 04:00:00,0.0,0.39888765945808924,0.05,409.7099927150441,0.2,7.185535402405684
2024-01-30 04:15:00,0.0,0.44954824691257694,0.05,384.3350309057186,0.2,14.418265004308644
2024-01-30 04:30:00,0.0,0.6339048909819129,0.05,382.88337394455056,0.2,10.380071154597626
2024-01-30 04:45:00,0.0,0.6013074036597956,0.05,397.9000429496541,0.2,14.042142392438764
2024-01-30 05:00:00,0.0,0.4367654021297081,0.05,391.1450828030591,0.2371203534665709,11.264148386334815
2024-01-30 05:15:00,0.0,0.3253078895899737,0.05,424.7236740976533,0.20749951348722537,16.356747288485685
2024-01-30 05:30:00,0.0,0.3753857718006514,0.05,411.4141462363893,0.2,13.180538988435513
2024-01-30 05:45:00,0.0,0.4017720635310327,0.05,445.21018822389544,0.2599911711890912,9.702209099725135
2024-01-30 06:00:00,0.0,0.37122743248477885,0.05,389.5337234644994,0.29883169853542224,15.50013952531882
2024-01-30 06:15:00,0.06182402266822705,0.4803761452676218,0.05,365.62534094557094,0.22311224780281083,14.481088604756149
2024-01-30 06:30:00,0.12807160067583684,0.491188095531045,0.05,343.7606837259665,0.22167054885326742,16.280879104534574
2024-01-30 06:45:00,0.17985991994417486,0.28081533025598016,0.05,370.64948757641514,0.22425048130777658,13.400891576376562
2024-01-30 07:00:00,0.24577111505965782,0.32950242524455015,0.1,330.47483025537497,0.32020722219497955,15.008345871944893
2024-01-30 07:15:00,0.3086193772467652,0.3205009276603891,0.1,349.5897462343108,0.38755118822229956,18.800640566874122
2024-01-30 07:30:00,0.35814108829049646,0.4399435894229596,0.1,284.68626945471556,0.3180536986280412,21.67006232172994
2024-01-30 07:45:00,0.40036983341717913,0.22580984943351573,0.1,331.1920202460766,0.4103174113578839,20.286672338071497
2024-01-30 08:00:00,0.43585923408629346,0.3853593698874445,0.1,329.4094833867709,0.41868844453163084,20.4577422011878
2024-01-30 08:15:00,0.4825497969023226,0.017763817232392454,0.1,322.94057183426975,0.37197679834020303,20.930619126458055
2024-01-30 08:30:00,0.5106631659780086,0.09188506819825629,0.1,246.64416485562688,0.4823656270908559,21.74050898607357
2024-01-30 08:45:00,0.6146692656947866,0.36915500494810755,0.1,283.4003125999268,0.4549266866026431,22.43505080249507
2024-01-30 09:00:00,0.6677905524554806,0.32644385621110855,0.1,282.65308307314245,0.4649823314818643,21.29651068824854
2024-01-30 09:15:00,0.6838355634796853,0.29973724969064436,0.1,245.02352586741327,0.5016802746240747,21.952252765685675
2024-01-30 09:30:00,0.7215782153300666,0.22608899359194576,0.1,224.74543442253585,0.5439481407911174,22.91876994083572
2024-01-30 09:45:00,0.7164709187151312,0.195106480607453,0.1,256.48083629262896,0.569804648983409,26.021853531182987
2024-01-30 10:00:00,0.8363384144295607,0.318327614632715,0.2,216.67942236637145,0.5064451739125266,25.191457152324872
2024-01-30 10:15:00,0.7327765943642808,0.2373905067053392,0.2,248.66979668167556,0.5346895012930131,22.310749637775327
2024-01-30 10:30:00,0.90421387581508,0.2439519609811018,0.2,222.41689953152857,0.6018211065111319,24.500469526693205
2024-01-30 10:45:00,0.8496018828546797,0.10121023890181681,0.2,228.0223297783588,0.5625043111464523,25.137740780467965
2024-01-30 11:00:00,0.8347055611231219,0.2372953753429648,0.2,198.147532685863,0.5913720626749881,29.07356508418329
2024-01-30 11:15:00,0.9566486518945536,0.10589504051875526,0.2,163.96510858016302,0.6045536323678915,27.661181564416907
2024-01-30 11:30:00,0.9447999179275542,0.3174835047839928,0.2,224.21750821862344,0.6213768150678869,26.639428116495562
2024-01-30 11:45:00,0.8500040288134042,0.16174962260829773,0.2,190.24756262802134,0.6222702270608759,28.52501254892847
2024-01-30 12:00:00,0.9773165095890605,0.17068198292790526,0.2,183.2916346601569,0.7130787069969162,29.53926483839255
2024-01-30 12:15:00,0.967100296504808,0.20114243516836075,0.2,204.16148674019544,0.6994634209712374,30.08283128687007
2024-01-30 12:30:00,0.8714727036552204,0.11750412622311421,0.2,212.58006949970658,0.7469292512850203,27.293567038434812
2024-01-30 12:45:00,0.9711645293896984,0.3788892585008417,0.2,204.77940619543102,0.6980541718687885,27.773764390820894
2024-01-30 13:00:00,0.849803862964308,0.3159206367562246,0.2,205.3516930050636,0.6515573734992396,27.718389731438126
2024-01-30 13:15:00,0.875916319671643,0.2268908781884954,0.2,231.36663621532514,0.6552398106554627,29.39482013753629
2024-01-30 13:30:00,0.8154626738520903,0.14424404279147723,0.2,197.36109594784153,0.683372068785581,24.88749713822599
2024-01-30 13:45:00,0.8792978677946444,0.16595471961584976,0.2,190.33741890814971,0.6593544822084495,31.065470162193552
2024-01-30 14:00:00,0.8458723091846265,0.3463870400311972,0.2,236.49234717587035,0.7537937552504919,33.108033646101184
2024-01-30 14:15:00,0.7250070490629491,0.0846527392861994,0.2,249.63281036597633,0.7999422839155492,31.857138456008563
2024-01-30 14:30:00,0.7669683576706636,0.35134755570732773,0.2,247.1787335208586,0.617498926623555,29.932263145016208
2024-01-30 14:45:00,0.7027889460493545,0.21403084576850726,0.2,258.19521000693913,0.6392474857947078,27.84815529044188
2024-01-30 15:00:00,0.6863492026953643,0.3507955396792659,0.1,268.9343237377568,0.6614818707355474,29.84400978660665
2024-01-30 15:15:00,0.5926888877064019,0.2505396769794901,0.1,260.0131634833138,0.6304595830403111,29.78394763592206
2024-01-30 15:30:00,0.5738834875290162,0.38224738606158815,0.1,289.7463587997852,0.6557395436649024,31.291697581233034
2024-01-30 15:45:00,0.5168506377178466,0.27808078583995094,0.1,273.6994779039296,0.6365923954198476,27.439980295002098
2024-01-30 16:00:00,0.4666501192913575,0.4026066530045539,0.1,271.4917830343828,0.6510701471464027,28.676260361560836
2024-01-30 16:15:00,0.43130306677243047,0.2569237515307853,0.1,309.6905964262566,0.6380827253105319,29.063102471830316
2024-01-30 16:30:00,0.35710387419062395,0.28399248265039156,0.1,297.5285965928193,0.6830962076483,29.066337541007098
2024-01-30 16:45:00,0.3040223679785036,0.363489688353832,0.1,362.22259913762116,0.569397851053559,27.83848829747349
2024-01-30 17:00:00,0.2492709243084566,0.2834931186096689,0.1,366.8161725121065,0.5929875209900322,24.916918319121432
2024-01-30 17:15:00,0.18503711264418843,0.35005160869965496,0.1,399.89772005278434,0.6382406751232548,26.21130343371564
2024-01-30 17:30:00,0.1235734444947116,0.36601712070573417,0.1,365.98355066084457,0.5798749507555984,26.84869936070659
2024-01-30 17:45:00,0.0601432837568361,0.3015770138946516,0.1,350.58017684660905,0.5733397656706284,26.45534256533246
2024-01-30 18:00:00,1.1034378204022109e-16,0.4174500787183112,0.2,419.06045052137586,0.5500168035842057,27.490800432214538
2024-01-30 18:15:00,0.0,0.32001621788966694,0.2,402.88697979987415,0.4451236127203427,26.043947606384098
2024-01-30 18:30:00,0.0,0.5469643098663431,0.2,395.2516739796532,0.43684606919708446,25.177520207875418
2024-01-30 18:45:00,0.0,0.4450477668877446,0.2,435.88899751887,0.49977481967617743,26.09161092669986
2024-01-30 19:00:00,0.0,0.3358032530919519,0.2,421.7314111184449,0.46112181219961285,23.451473945839833
2024-01-30 19:15:00,0.0,0.29397279912491536,0.2,419.6431319945076,0.4587781233775368,22.91145234078268
2024-01-30 19:30:00,0.0,0.5652657563917552,0.2,374.9221509511279,0.4701827734073426,27.261485496680145
2024-01-30 19:45:00,0.0,0.5852500171264355,0.2,401.96420083469036,0.37789035944272475,20.736365578774848
2024-01-30 20:00:00,0.0,0.37116399908520414,0.2,429.64915849603057,0.3980713379041165,17.640566580115305
2024-01-30 20:15:00,0.0,0.3370662853497084,0.2,408.63104314392297,0.32659062722495463,23.18335580175984
2024-01-30 20:30:00,0.0,0.5482279077554768,0.2,397.2790454395325,0.3706829156209566,18.53503669120998
2024-01-30 20:45:00,0.0,0.5693983529483511,0.2,394.1566971956656,0.3897388623470277,19.44479632453374
2024-01-30 21:00:00,0.0,0.5749828388702203,0.05,388.2708415651295,0.30992461567713464,14.935935014622977
2024-01-30 21:15:00,0.0,0.5981367583245799,0.05,402.0396963784635,0.3114861609689884,16.1454110489835
2024-01-30 21:30:00,0.0,0.6632911790417085,0.05,417.5049184405131,0.20613961585684126,20.306940822209313
2024-01-30 21:45:00,0.0,0.6187223296216918,0.05,417.6801028292496,0.3572837772023226,16.729135405828153
2024-01-30 22:00:00,0.0,0.7299999242699442,0.05,417.4341704342542,0.286247333562729,14.070977552617345
2024-01-30 22:15:00,0.0,0.5984967632340977,0.05,400.5347964741423,0.2,11.528956495352473
2024-01-30 22:30:00,0.0,0.6831429164183522,0.05,375.10518822110106,0.2034390079698322,13.09392924070184
2024-01-30 22:45:00,0.0,0.5520602350925417,0.05,395.81601368870434,0.2943034904307629,15.225034876303948
2024-01-30 23:00:00,0.0,0.6904440429215627,0.05,370.68485047668815,0.2,9.281701560404677
2024-01-30 23:15:00,0.0,0.5540263897506814,0.05,402.7928696893651,0.2,9.814193218466484
2024-01-30 23:30:00,0.0,0.9433716891398887,0.05,393.00020126100566,0.2,15.15278023505283
2024-01-30 23:45:00,0.0,0.6910934074038524,0.05,371.2877098259555,0.2,13.726545576798364
